timestamp,mode,base_model,subjects,trials,val_accuracy,notes
2025-12-11T05:58:18.369320,scratch,,1,773,0.567741935483871,"csp_components=6;runs=['01', '02', '03', '04', '05', '06', '07', '08']"
2025-12-11T06:20:15.711521,transfer,../model/models/base_model_90_subjects.pt,1,773,0.6387096774193548,"csp_components=6;runs=['01', '02', '03', '04', '05', '06', '07', '08'];target_channels=14"
2025-12-11T06:24:40.262953,transfer,../model/models/base_model_90_subjects.pt,1,773,0.6516129032258065,"csp_components=6;runs=['01', '02', '03', '04', '05', '06', '07', '08'];target_channels=14"
2025-12-11T18:26:26.477744,scratch,,1,189,0.6052631578947368,"csp_components=6;runs=['01', '02'];target_channels=16"
2025-12-11T18:26:41.015805,transfer,/home/connor/LIINC/model/models/base_model_90_subjects.pt,1,189,0.7368421052631579,"csp_components=6;runs=['01', '02'];target_channels=14"
2025-12-11T18:26:54.727225,scratch,,1,383,0.6623376623376623,"csp_components=6;runs=['01', '02', '03', '04'];target_channels=16"
2025-12-11T18:27:14.367236,transfer,/home/connor/LIINC/model/models/base_model_90_subjects.pt,1,383,0.7142857142857143,"csp_components=6;runs=['01', '02', '03', '04'];target_channels=14"
2025-12-11T18:54:33.775008,scratch,,1,189,0.631578947368421,"csp_components=6;runs=['01', '02'];target_channels=16"
2025-12-11T18:54:46.367962,transfer,/home/connor/LIINC/model/models/base_model_90_subjects.pt,1,189,0.7631578947368421,"csp_components=6;runs=['01', '02'];target_channels=14"
2025-12-11T18:54:56.202363,scratch,,1,383,0.6363636363636364,"csp_components=6;runs=['01', '02', '03', '04'];target_channels=16"
2025-12-11T18:55:16.144268,transfer,/home/connor/LIINC/model/models/base_model_90_subjects.pt,1,383,0.6493506493506493,"csp_components=6;runs=['01', '02', '03', '04'];target_channels=14"
2025-12-11T18:55:32.522756,scratch,,1,773,0.5290322580645161,"csp_components=6;runs=['01', '02', '03', '04', '05', '06', '07', '08'];target_channels=16"
2025-12-11T18:56:05.662607,transfer,/home/connor/LIINC/model/models/base_model_90_subjects.pt,1,773,0.6387096774193548,"csp_components=6;runs=['01', '02', '03', '04', '05', '06', '07', '08'];target_channels=14"
2025-12-11T18:56:13.053587,scratch,,1,189,0.5789473684210527,"csp_components=6;runs=['01', '02'];target_channels=16"
2025-12-11T18:56:25.997794,transfer,/home/connor/LIINC/model/models/base_model_90_subjects.pt,1,189,0.7368421052631579,"csp_components=6;runs=['01', '02'];target_channels=14"
2025-12-11T18:56:36.553159,scratch,,1,383,0.5844155844155844,"csp_components=6;runs=['01', '02', '03', '04'];target_channels=16"
2025-12-11T18:56:53.892664,transfer,/home/connor/LIINC/model/models/base_model_90_subjects.pt,1,383,0.6363636363636364,"csp_components=6;runs=['01', '02', '03', '04'];target_channels=14"
2025-12-11T18:57:15.667462,scratch,,1,773,0.5612903225806452,"csp_components=6;runs=['01', '02', '03', '04', '05', '06', '07', '08'];target_channels=16"
2025-12-11T18:57:40.896567,transfer,/home/connor/LIINC/model/models/base_model_90_subjects.pt,1,773,0.5870967741935483,"csp_components=6;runs=['01', '02', '03', '04', '05', '06', '07', '08'];target_channels=14"
2025-12-11T19:01:24.581399,scratch,,1,189,0.6052631578947368,"csp_components=6;runs=['01', '02'];target_channels=16"
2025-12-11T19:01:36.895939,transfer,/home/connor/LIINC/model/models/base_model_90_subjects.pt,1,189,0.7631578947368421,"csp_components=6;runs=['01', '02'];target_channels=14"
2025-12-11T19:01:47.578274,scratch,,1,383,0.6363636363636364,"csp_components=6;runs=['01', '02', '03', '04'];target_channels=16"
2025-12-11T19:02:06.956868,transfer,/home/connor/LIINC/model/models/base_model_90_subjects.pt,1,383,0.6493506493506493,"csp_components=6;runs=['01', '02', '03', '04'];target_channels=14"
2025-12-11T19:02:25.564867,scratch,,1,773,0.5483870967741935,"csp_components=6;runs=['01', '02', '03', '04', '05', '06', '07', '08'];target_channels=16"
2025-12-11T19:02:49.858260,transfer,/home/connor/LIINC/model/models/base_model_90_subjects.pt,1,773,0.5741935483870968,"csp_components=6;runs=['01', '02', '03', '04', '05', '06', '07', '08'];target_channels=14"
2025-12-11T19:02:56.967978,scratch,,1,189,0.631578947368421,"csp_components=6;runs=['01', '02'];target_channels=16"
2025-12-11T19:03:09.600462,transfer,/home/connor/LIINC/model/models/base_model_90_subjects.pt,1,189,0.7105263157894737,"csp_components=6;runs=['01', '02'];target_channels=14"
2025-12-11T19:03:20.569438,scratch,,1,383,0.5714285714285714,"csp_components=6;runs=['01', '02', '03', '04'];target_channels=16"
2025-12-11T19:03:38.874662,transfer,/home/connor/LIINC/model/models/base_model_90_subjects.pt,1,383,0.6233766233766234,"csp_components=6;runs=['01', '02', '03', '04'];target_channels=14"
2025-12-11T19:04:01.223232,scratch,,1,773,0.5612903225806452,"csp_components=6;runs=['01', '02', '03', '04', '05', '06', '07', '08'];target_channels=16"
2025-12-11T19:04:27.436201,transfer,/home/connor/LIINC/model/models/base_model_90_subjects.pt,1,773,0.6064516129032258,"csp_components=6;runs=['01', '02', '03', '04', '05', '06', '07', '08'];target_channels=14"
2025-12-11T19:04:35.989049,scratch,,1,189,0.6052631578947368,"csp_components=6;runs=['01', '02'];target_channels=16"
2025-12-11T19:04:49.865314,transfer,/home/connor/LIINC/model/models/base_model_90_subjects.pt,1,189,0.7368421052631579,"csp_components=6;runs=['01', '02'];target_channels=14"
2025-12-11T19:05:05.029499,scratch,,1,383,0.6493506493506493,"csp_components=6;runs=['01', '02', '03', '04'];target_channels=16"
2025-12-11T19:05:24.680494,transfer,/home/connor/LIINC/model/models/base_model_90_subjects.pt,1,383,0.6493506493506493,"csp_components=6;runs=['01', '02', '03', '04'];target_channels=14"
2025-12-11T19:05:50.306457,scratch,,1,773,0.5870967741935483,"csp_components=6;runs=['01', '02', '03', '04', '05', '06', '07', '08'];target_channels=16"
2025-12-11T19:06:22.402395,transfer,/home/connor/LIINC/model/models/base_model_90_subjects.pt,1,773,0.632258064516129,"csp_components=6;runs=['01', '02', '03', '04', '05', '06', '07', '08'];target_channels=14"
2025-12-11T20:01:03.519690,scratch,,1,773,0.5851063829787234,"csp_components=6;runs=['01', '02', '03', '04', '05', '06', '07', '08'];target_channels=16;seed=0;val_split=0.0;split=leave_one_run_out;train_runs=['02', '03', '04', '05', '06', '07', '08'];test_run=01;metric=val_accuracy;notes_extra=experiment=runwise;timestamp=2025-12-11T20:00:50.682145"
2025-12-11T20:01:22.208807,transfer,/home/connor/LIINC/model/models/base_model_90_subjects.pt,1,773,0.5212765957446809,"csp_components=6;runs=['01', '02', '03', '04', '05', '06', '07', '08'];target_channels=14;seed=0;val_split=0.0;split=leave_one_run_out;train_runs=['02', '03', '04', '05', '06', '07', '08'];test_run=01;metric=val_accuracy;notes_extra=experiment=runwise;timestamp=2025-12-11T20:01:03.531445"
2025-12-11T20:01:28.836519,ts_lr,,1,800,0.72,"csp_components=6;runs=['01', '02', '03', '04', '05', '06', '07', '08'];seed=0;val_split=0.0;split=leave_one_run_out;train_runs=['02', '03', '04', '05', '06', '07', '08'];test_run=01;metric=val_accuracy;baseline=ts_lr;tslr_tmin=0.5;tslr_tmax=2.0;tslr_use_csd=1;tslr_cov_est=lwf"
2025-12-11T20:01:44.008544,scratch,,1,773,0.5789473684210527,"csp_components=6;runs=['01', '02', '03', '04', '05', '06', '07', '08'];target_channels=16;seed=0;val_split=0.0;split=leave_one_run_out;train_runs=['01', '03', '04', '05', '06', '07', '08'];test_run=02;metric=val_accuracy;notes_extra=experiment=runwise;timestamp=2025-12-11T20:01:28.837717"
2025-12-11T20:02:02.315021,transfer,/home/connor/LIINC/model/models/base_model_90_subjects.pt,1,773,0.7368421052631579,"csp_components=6;runs=['01', '02', '03', '04', '05', '06', '07', '08'];target_channels=14;seed=0;val_split=0.0;split=leave_one_run_out;train_runs=['01', '03', '04', '05', '06', '07', '08'];test_run=02;metric=val_accuracy;notes_extra=experiment=runwise;timestamp=2025-12-11T20:01:44.020520"
2025-12-11T20:02:08.615006,ts_lr,,1,800,0.63,"csp_components=6;runs=['01', '02', '03', '04', '05', '06', '07', '08'];seed=0;val_split=0.0;split=leave_one_run_out;train_runs=['01', '03', '04', '05', '06', '07', '08'];test_run=02;metric=val_accuracy;baseline=ts_lr;tslr_tmin=0.5;tslr_tmax=2.0;tslr_use_csd=1;tslr_cov_est=lwf"
2025-12-11T20:02:23.951594,scratch,,1,773,0.6082474226804123,"csp_components=6;runs=['01', '02', '03', '04', '05', '06', '07', '08'];target_channels=16;seed=0;val_split=0.0;split=leave_one_run_out;train_runs=['01', '02', '04', '05', '06', '07', '08'];test_run=03;metric=val_accuracy;notes_extra=experiment=runwise;timestamp=2025-12-11T20:02:08.615741"
2025-12-11T20:02:42.024913,transfer,/home/connor/LIINC/model/models/base_model_90_subjects.pt,1,773,0.7010309278350515,"csp_components=6;runs=['01', '02', '03', '04', '05', '06', '07', '08'];target_channels=14;seed=0;val_split=0.0;split=leave_one_run_out;train_runs=['01', '02', '04', '05', '06', '07', '08'];test_run=03;metric=val_accuracy;notes_extra=experiment=runwise;timestamp=2025-12-11T20:02:23.965315"
2025-12-11T20:02:48.361669,ts_lr,,1,800,0.61,"csp_components=6;runs=['01', '02', '03', '04', '05', '06', '07', '08'];seed=0;val_split=0.0;split=leave_one_run_out;train_runs=['01', '02', '04', '05', '06', '07', '08'];test_run=03;metric=val_accuracy;baseline=ts_lr;tslr_tmin=0.5;tslr_tmax=2.0;tslr_use_csd=1;tslr_cov_est=lwf"
2025-12-11T20:03:00.509765,scratch,,1,773,0.4948453608247423,"csp_components=6;runs=['01', '02', '03', '04', '05', '06', '07', '08'];target_channels=16;seed=0;val_split=0.0;split=leave_one_run_out;train_runs=['01', '02', '03', '05', '06', '07', '08'];test_run=04;metric=val_accuracy;notes_extra=experiment=runwise;timestamp=2025-12-11T20:02:48.362406"
2025-12-11T20:03:18.612862,transfer,/home/connor/LIINC/model/models/base_model_90_subjects.pt,1,773,0.6804123711340206,"csp_components=6;runs=['01', '02', '03', '04', '05', '06', '07', '08'];target_channels=14;seed=0;val_split=0.0;split=leave_one_run_out;train_runs=['01', '02', '03', '05', '06', '07', '08'];test_run=04;metric=val_accuracy;notes_extra=experiment=runwise;timestamp=2025-12-11T20:03:00.523158"
2025-12-11T20:03:25.018569,ts_lr,,1,800,0.54,"csp_components=6;runs=['01', '02', '03', '04', '05', '06', '07', '08'];seed=0;val_split=0.0;split=leave_one_run_out;train_runs=['01', '02', '03', '05', '06', '07', '08'];test_run=04;metric=val_accuracy;baseline=ts_lr;tslr_tmin=0.5;tslr_tmax=2.0;tslr_use_csd=1;tslr_cov_est=lwf"
2025-12-11T20:03:39.487619,scratch,,1,773,0.5408163265306123,"csp_components=6;runs=['01', '02', '03', '04', '05', '06', '07', '08'];target_channels=16;seed=0;val_split=0.0;split=leave_one_run_out;train_runs=['01', '02', '03', '04', '06', '07', '08'];test_run=05;metric=val_accuracy;notes_extra=experiment=runwise;timestamp=2025-12-11T20:03:25.019308"
2025-12-11T20:03:57.956472,transfer,/home/connor/LIINC/model/models/base_model_90_subjects.pt,1,773,0.6428571428571429,"csp_components=6;runs=['01', '02', '03', '04', '05', '06', '07', '08'];target_channels=14;seed=0;val_split=0.0;split=leave_one_run_out;train_runs=['01', '02', '03', '04', '06', '07', '08'];test_run=05;metric=val_accuracy;notes_extra=experiment=runwise;timestamp=2025-12-11T20:03:39.501599"
2025-12-11T20:04:04.234545,ts_lr,,1,800,0.57,"csp_components=6;runs=['01', '02', '03', '04', '05', '06', '07', '08'];seed=0;val_split=0.0;split=leave_one_run_out;train_runs=['01', '02', '03', '04', '06', '07', '08'];test_run=05;metric=val_accuracy;baseline=ts_lr;tslr_tmin=0.5;tslr_tmax=2.0;tslr_use_csd=1;tslr_cov_est=lwf"
2025-12-11T20:04:16.437937,scratch,,1,773,0.5714285714285714,"csp_components=6;runs=['01', '02', '03', '04', '05', '06', '07', '08'];target_channels=16;seed=0;val_split=0.0;split=leave_one_run_out;train_runs=['01', '02', '03', '04', '05', '07', '08'];test_run=06;metric=val_accuracy;notes_extra=experiment=runwise;timestamp=2025-12-11T20:04:04.235249"
2025-12-11T20:04:34.661218,transfer,/home/connor/LIINC/model/models/base_model_90_subjects.pt,1,773,0.7040816326530612,"csp_components=6;runs=['01', '02', '03', '04', '05', '06', '07', '08'];target_channels=14;seed=0;val_split=0.0;split=leave_one_run_out;train_runs=['01', '02', '03', '04', '05', '07', '08'];test_run=06;metric=val_accuracy;notes_extra=experiment=runwise;timestamp=2025-12-11T20:04:16.452040"
2025-12-11T20:04:40.986696,ts_lr,,1,800,0.48,"csp_components=6;runs=['01', '02', '03', '04', '05', '06', '07', '08'];seed=0;val_split=0.0;split=leave_one_run_out;train_runs=['01', '02', '03', '04', '05', '07', '08'];test_run=06;metric=val_accuracy;baseline=ts_lr;tslr_tmin=0.5;tslr_tmax=2.0;tslr_use_csd=1;tslr_cov_est=lwf"
2025-12-11T20:04:56.351068,scratch,,1,773,0.5757575757575758,"csp_components=6;runs=['01', '02', '03', '04', '05', '06', '07', '08'];target_channels=16;seed=0;val_split=0.0;split=leave_one_run_out;train_runs=['01', '02', '03', '04', '05', '06', '08'];test_run=07;metric=val_accuracy;notes_extra=experiment=runwise;timestamp=2025-12-11T20:04:40.987429"
2025-12-11T20:05:14.623547,transfer,/home/connor/LIINC/model/models/base_model_90_subjects.pt,1,773,0.7676767676767676,"csp_components=6;runs=['01', '02', '03', '04', '05', '06', '07', '08'];target_channels=14;seed=0;val_split=0.0;split=leave_one_run_out;train_runs=['01', '02', '03', '04', '05', '06', '08'];test_run=07;metric=val_accuracy;notes_extra=experiment=runwise;timestamp=2025-12-11T20:04:56.364696"
2025-12-11T20:05:20.941986,ts_lr,,1,800,0.63,"csp_components=6;runs=['01', '02', '03', '04', '05', '06', '07', '08'];seed=0;val_split=0.0;split=leave_one_run_out;train_runs=['01', '02', '03', '04', '05', '06', '08'];test_run=07;metric=val_accuracy;baseline=ts_lr;tslr_tmin=0.5;tslr_tmax=2.0;tslr_use_csd=1;tslr_cov_est=lwf"
2025-12-11T20:05:33.262913,scratch,,1,773,0.5263157894736842,"csp_components=6;runs=['01', '02', '03', '04', '05', '06', '07', '08'];target_channels=16;seed=0;val_split=0.0;split=leave_one_run_out;train_runs=['01', '02', '03', '04', '05', '06', '07'];test_run=08;metric=val_accuracy;notes_extra=experiment=runwise;timestamp=2025-12-11T20:05:20.942728"
2025-12-11T20:05:51.311258,transfer,/home/connor/LIINC/model/models/base_model_90_subjects.pt,1,773,0.6842105263157895,"csp_components=6;runs=['01', '02', '03', '04', '05', '06', '07', '08'];target_channels=14;seed=0;val_split=0.0;split=leave_one_run_out;train_runs=['01', '02', '03', '04', '05', '06', '07'];test_run=08;metric=val_accuracy;notes_extra=experiment=runwise;timestamp=2025-12-11T20:05:33.275560"
2025-12-11T20:05:57.799607,ts_lr,,1,800,0.74,"csp_components=6;runs=['01', '02', '03', '04', '05', '06', '07', '08'];seed=0;val_split=0.0;split=leave_one_run_out;train_runs=['01', '02', '03', '04', '05', '06', '07'];test_run=08;metric=val_accuracy;baseline=ts_lr;tslr_tmin=0.5;tslr_tmax=2.0;tslr_use_csd=1;tslr_cov_est=lwf"
2025-12-11T20:06:06.846222,scratch,,1,481,0.6020408163265306,"csp_components=6;runs=['01', '02', '03', '04', '05'];target_channels=16;seed=0;val_split=0.0;split=holdout_run;train_runs=['01', '02', '03', '04'];test_run=05;metric=val_accuracy;notes_extra=experiment=runwise;timestamp=2025-12-11T20:05:57.800549"
2025-12-11T20:06:18.554447,transfer,/home/connor/LIINC/model/models/base_model_90_subjects.pt,1,481,0.6224489795918368,"csp_components=6;runs=['01', '02', '03', '04', '05'];target_channels=14;seed=0;val_split=0.0;split=holdout_run;train_runs=['01', '02', '03', '04'];test_run=05;metric=val_accuracy;notes_extra=experiment=runwise;timestamp=2025-12-11T20:06:06.861818"
2025-12-11T20:06:22.461124,ts_lr,,1,500,0.51,"csp_components=6;runs=['01', '02', '03', '04', '05', '06', '07', '08'];seed=0;val_split=0.0;split=holdout_run;train_runs=['01', '02', '03', '04'];test_run=05;metric=val_accuracy;baseline=ts_lr;tslr_tmin=0.5;tslr_tmax=2.0;tslr_use_csd=1;tslr_cov_est=lwf"
2026-02-18T21:56:58.662753,simple_rf,,1,581,0.38461538461538464,"csp_components=6;runs=['01', '02', '03', '04', '05', '06'];seed=42;val_split=0.2;split=random_stratified"
2026-02-18T21:57:30.173507,simple_rf,,1,680,0.5,"csp_components=6;runs=['01', '02', '03', '04', '05', '06', '07'];seed=42;val_split=0.2;split=random_stratified"
2026-02-18T21:57:41.867175,simple_rf,,1,680,0.5294117647058824,"csp_components=6;runs=['01', '02', '03', '04', '05', '06', '07'];seed=42;val_split=0.2;split=random_stratified"
2026-02-18T21:57:57.109931,simple_rf,,1,581,0.4188034188034188,"csp_components=6;runs=['01', '02', '03', '04', '05', '06'];seed=42;val_split=0.2;split=random_stratified"
2026-02-18T22:24:53.974795,transfer,models/base_model_5_subjects.pt,1,581,0.5982905982905983,"csp_components=6;runs=['01', '02', '03', '04', '05', '06'];target_channels=21;seed=42;val_split=0.2;split=random_stratified"
2026-08-15T09:44:53.009603,scratch,,1,192,0.5463917525773195,"csp_components=6;runs=['01', '02'];target_channels=16;seed=0;val_split=0.0;split=calibration_curve;train_runs=['02'];test_run=01;metric=val_accuracy;notes_extra=experiment=calibration_curve;k=1;draw=0"
2026-08-15T00:58:54.457189,scratch,,1,191,0.5257731958762887,"csp_components=6;runs=['01', '08'];target_channels=16;seed=0;val_split=0.0;split=calibration_curve;train_runs=['08'];test_run=01;metric=val_accuracy;notes_extra=experiment=calibration_curve;k=1;draw=1"
2026-08-15T01:00:13.924369,scratch,,1,193,0.5263157894736842,"csp_components=6;runs=['02', '05'];target_channels=16;seed=0;val_split=0.0;split=calibration_curve;train_runs=['05'];test_run=02;metric=val_accuracy;notes_extra=experiment=calibration_curve;k=1;draw=0"
2026-08-15T01:01:05.885199,scratch,,1,192,0.5263157894736842,"csp_components=6;runs=['02', '06'];target_channels=16;seed=0;val_split=0.0;split=calibration_curve;train_runs=['06'];test_run=02;metric=val_accuracy;notes_extra=experiment=calibration_curve;k=1;draw=1"
2026-08-15T01:02:16.777449,scratch,,1,195,0.5051546391752577,"csp_components=6;runs=['03', '05'];target_channels=16;seed=0;val_split=0.0;split=calibration_curve;train_runs=['05'];test_run=03;metric=val_accuracy;notes_extra=experiment=calibration_curve;k=1;draw=0"
2026-08-15T01:02:48.049240,scratch,,1,194,0.6082474226804123,"csp_components=6;runs=['03', '06'];target_channels=16;seed=0;val_split=0.0;split=calibration_curve;train_runs=['06'];test_run=03;metric=val_accuracy;notes_extra=experiment=calibration_curve;k=1;draw=1"
2026-08-15T01:03:55.256737,scratch,,1,194,0.5567010309278351,"csp_components=6;runs=['01', '04'];target_channels=16;seed=0;val_split=0.0;split=calibration_curve;train_runs=['01'];test_run=04;metric=val_accuracy;notes_extra=experiment=calibration_curve;k=1;draw=0"
2026-08-15T01:04:37.447140,scratch,,1,195,0.6082474226804123,"csp_components=6;runs=['04', '05'];target_channels=16;seed=0;val_split=0.0;split=calibration_curve;train_runs=['05'];test_run=04;metric=val_accuracy;notes_extra=experiment=calibration_curve;k=1;draw=1"
2026-08-15T01:05:29.929952,scratch,,1,192,0.5816326530612245,"csp_components=6;runs=['05', '08'];target_channels=16;seed=0;val_split=0.0;split=calibration_curve;train_runs=['08'];test_run=05;metric=val_accuracy;notes_extra=experiment=calibration_curve;k=1;draw=1"
2026-08-15T01:06:30.399730,scratch,,1,194,0.5670103092783505,"csp_components=6;runs=['01', '06'];target_channels=16;seed=0;val_split=0.0;split=calibration_curve;train_runs=['01'];test_run=06;metric=val_accuracy;notes_extra=experiment=calibration_curve;k=1;draw=0"
2026-08-15T01:07:30.843864,scratch,,1,196,0.5050505050505051,"csp_components=6;runs=['01', '07'];target_channels=16;seed=0;val_split=0.0;split=calibration_curve;train_runs=['01'];test_run=07;metric=val_accuracy;notes_extra=experiment=calibration_curve;k=1;draw=0"
2026-08-15T01:08:46.714460,scratch,,1,193,0.5656565656565656,"csp_components=6;runs=['07', '08'];target_channels=16;seed=0;val_split=0.0;split=calibration_curve;train_runs=['08'];test_run=07;metric=val_accuracy;notes_extra=experiment=calibration_curve;k=1;draw=1"
2026-08-15T01:10:51.007179,scratch,,1,192,0.5851063829787234,"csp_components=6;runs=['05', '08'];target_channels=16;seed=0;val_split=0.0;split=calibration_curve;train_runs=['05'];test_run=08;metric=val_accuracy;notes_extra=experiment=calibration_curve;k=1;draw=1"
2026-08-15T00:41:02.210188,scratch,,1,289,0.5257731958762887,"csp_components=6;runs=['01', '02', '04'];target_channels=16;seed=0;val_split=0.0;split=calibration_curve;train_runs=['02', '04'];test_run=01;metric=val_accuracy;notes_extra=experiment=calibration_curve;k=2;draw=0"
2026-08-15T00:42:50.694032,scratch,,1,289,0.6082474226804123,"csp_components=6;runs=['01', '02', '06'];target_channels=16;seed=0;val_split=0.0;split=calibration_curve;train_runs=['02', '06'];test_run=01;metric=val_accuracy;notes_extra=experiment=calibration_curve;k=2;draw=1"
2026-08-15T00:43:54.655356,scratch,,1,291,0.5368421052631579,"csp_components=6;runs=['01', '02', '07'];target_channels=16;seed=0;val_split=0.0;split=calibration_curve;train_runs=['01', '07'];test_run=02;metric=val_accuracy;notes_extra=experiment=calibration_curve;k=2;draw=0"
2026-08-15T00:45:48.169087,scratch,,1,289,0.5578947368421052,"csp_components=6;runs=['02', '04', '06'];target_channels=16;seed=0;val_split=0.0;split=calibration_curve;train_runs=['04', '06'];test_run=02;metric=val_accuracy;notes_extra=experiment=calibration_curve;k=2;draw=1"
2026-08-15T00:47:00.328489,scratch,,1,293,0.5670103092783505,"csp_components=6;runs=['01', '03', '07'];target_channels=16;seed=0;val_split=0.0;split=calibration_curve;train_runs=['01', '07'];test_run=03;metric=val_accuracy;notes_extra=experiment=calibration_curve;k=2;draw=0"
2026-08-15T00:48:04.214971,scratch,,1,293,0.5051546391752577,"csp_components=6;runs=['03', '06', '07'];target_channels=16;seed=0;val_split=0.0;split=calibration_curve;train_runs=['06', '07'];test_run=03;metric=val_accuracy;notes_extra=experiment=calibration_curve;k=2;draw=1"
2026-08-15T00:49:16.007469,scratch,,1,288,0.5051546391752577,"csp_components=6;runs=['04', '06', '08'];target_channels=16;seed=0;val_split=0.0;split=calibration_curve;train_runs=['06', '08'];test_run=04;metric=val_accuracy;notes_extra=experiment=calibration_curve;k=2;draw=1"
2026-08-15T00:52:03.320074,scratch,,1,290,0.5816326530612245,"csp_components=6;runs=['02', '04', '05'];target_channels=16;seed=0;val_split=0.0;split=calibration_curve;train_runs=['02', '04'];test_run=05;metric=val_accuracy;notes_extra=experiment=calibration_curve;k=2;draw=1"
2026-08-15T00:52:57.701424,scratch,,1,293,0.5979381443298969,"csp_components=6;runs=['01', '06', '07'];target_channels=16;seed=0;val_split=0.0;split=calibration_curve;train_runs=['01', '07'];test_run=06;metric=val_accuracy;notes_extra=experiment=calibration_curve;k=2;draw=0"
2026-08-15T00:54:32.596504,scratch,,1,292,0.5463917525773195,"csp_components=6;runs=['04', '05', '06'];target_channels=16;seed=0;val_split=0.0;split=calibration_curve;train_runs=['04', '05'];test_run=06;metric=val_accuracy;notes_extra=experiment=calibration_curve;k=2;draw=1"
2026-08-15T00:55:44.722575,scratch,,1,291,0.4747474747474747,"csp_components=6;runs=['02', '06', '07'];target_channels=16;seed=0;val_split=0.0;split=calibration_curve;train_runs=['02', '06'];test_run=07;metric=val_accuracy;notes_extra=experiment=calibration_curve;k=2;draw=1"
2026-08-15T00:57:15.368027,scratch,,1,287,0.5212765957446809,"csp_components=6;runs=['02', '05', '08'];target_channels=16;seed=0;val_split=0.0;split=calibration_curve;train_runs=['02', '05'];test_run=08;metric=val_accuracy;notes_extra=experiment=calibration_curve;k=2;draw=0"
2026-08-15T00:08:00.763928,scratch,,1,488,0.5979381443298969,"csp_components=6;runs=['01', '03', '05', '06', '07'];target_channels=16;seed=0;val_split=0.0;split=calibration_curve;train_runs=['03', '05', '06', '07'];test_run=01;metric=val_accuracy;notes_extra=experiment=calibration_curve;k=4;draw=0"
2026-08-15T00:08:57.208692,scratch,,1,485,0.5979381443298969,"csp_components=6;runs=['01', '03', '05', '07', '08'];target_channels=16;seed=0;val_split=0.0;split=calibration_curve;train_runs=['03', '05', '07', '08'];test_run=01;metric=val_accuracy;notes_extra=experiment=calibration_curve;k=4;draw=1"
2026-08-15T00:12:38.773827,scratch,,1,482,0.5263157894736842,"csp_components=6;runs=['01', '02', '03', '07', '08'];target_channels=16;seed=0;val_split=0.0;split=calibration_curve;train_runs=['01', '03', '07', '08'];test_run=02;metric=val_accuracy;notes_extra=experiment=calibration_curve;k=4;draw=0"
2026-08-15T00:13:22.394059,scratch,,1,483,0.6631578947368421,"csp_components=6;runs=['02', '05', '06', '07', '08'];target_channels=16;seed=0;val_split=0.0;split=calibration_curve;train_runs=['05', '06', '07', '08'];test_run=02;metric=val_accuracy;notes_extra=experiment=calibration_curve;k=4;draw=1"
2026-08-15T00:17:58.381406,scratch,,1,482,0.5979381443298969,"csp_components=6;runs=['02', '03', '06', '07', '08'];target_channels=16;seed=0;val_split=0.0;split=calibration_curve;train_runs=['02', '06', '07', '08'];test_run=03;metric=val_accuracy;notes_extra=experiment=calibration_curve;k=4;draw=1"
2026-08-15T00:17:42.783042,scratch,,1,488,0.5463917525773195,"csp_components=6;runs=['01', '04', '05', '06', '07'];target_channels=16;seed=0;val_split=0.0;split=calibration_curve;train_runs=['01', '05', '06', '07'];test_run=04;metric=val_accuracy;notes_extra=experiment=calibration_curve;k=4;draw=0"
2026-08-15T00:21:37.526490,scratch,,1,485,0.5876288659793815,"csp_components=6;runs=['03', '04', '05', '07', '08'];target_channels=16;seed=0;val_split=0.0;split=calibration_curve;train_runs=['03', '05', '07', '08'];test_run=04;metric=val_accuracy;notes_extra=experiment=calibration_curve;k=4;draw=1"
2026-08-15T00:21:50.839802,scratch,,1,481,0.5408163265306123,"csp_components=6;runs=['01', '02', '03', '05', '08'];target_channels=16;seed=0;val_split=0.0;split=calibration_curve;train_runs=['01', '02', '03', '08'];test_run=05;metric=val_accuracy;notes_extra=experiment=calibration_curve;k=4;draw=0"
2026-08-15T00:32:07.734863,scratch,,1,483,0.5510204081632653,"csp_components=6;runs=['01', '02', '05', '07', '08'];target_channels=16;seed=0;val_split=0.0;split=calibration_curve;train_runs=['01', '02', '07', '08'];test_run=05;metric=val_accuracy;notes_extra=experiment=calibration_curve;k=4;draw=1"
2026-08-15T00:32:09.827616,scratch,,1,485,0.5670103092783505,"csp_components=6;runs=['01', '05', '06', '07', '08'];target_channels=16;seed=0;val_split=0.0;split=calibration_curve;train_runs=['01', '05', '07', '08'];test_run=06;metric=val_accuracy;notes_extra=experiment=calibration_curve;k=4;draw=0"
2026-08-15T00:36:02.553877,scratch,,1,486,0.6082474226804123,"csp_components=6;runs=['02', '03', '05', '06', '07'];target_channels=16;seed=0;val_split=0.0;split=calibration_curve;train_runs=['02', '03', '05', '07'];test_run=06;metric=val_accuracy;notes_extra=experiment=calibration_curve;k=4;draw=1"
2026-08-15T00:37:33.923971,scratch,,1,483,0.6060606060606061,"csp_components=6;runs=['02', '03', '05', '07', '08'];target_channels=16;seed=0;val_split=0.0;split=calibration_curve;train_runs=['02', '03', '05', '08'];test_run=07;metric=val_accuracy;notes_extra=experiment=calibration_curve;k=4;draw=1"
2026-08-15T00:40:25.336416,scratch,,1,485,0.5425531914893617,"csp_components=6;runs=['01', '03', '05', '07', '08'];target_channels=16;seed=0;val_split=0.0;split=calibration_curve;train_runs=['01', '03', '05', '07'];test_run=08;metric=val_accuracy;notes_extra=experiment=calibration_curve;k=4;draw=0"
2026-08-15T00:58:45.299231,transfer,/Users/connork/Desktop/Academic/eeg-motor-classification/legacy/model/models/base_model_90_subjects.pt,1,192,0.7525773195876289,"csp_components=6;runs=['01', '02'];target_channels=14;seed=0;val_split=0.0;split=calibration_curve;train_runs=['02'];test_run=01;metric=val_accuracy;notes_extra=experiment=calibration_curve;k=1;draw=0"
2026-08-15T00:59:55.060408,transfer,/Users/connork/Desktop/Academic/eeg-motor-classification/legacy/model/models/base_model_90_subjects.pt,1,191,0.5876288659793815,"csp_components=6;runs=['01', '08'];target_channels=14;seed=0;val_split=0.0;split=calibration_curve;train_runs=['08'];test_run=01;metric=val_accuracy;notes_extra=experiment=calibration_curve;k=1;draw=1"
2026-08-15T01:00:24.771339,transfer,/Users/connork/Desktop/Academic/eeg-motor-classification/legacy/model/models/base_model_90_subjects.pt,1,193,0.5578947368421052,"csp_components=6;runs=['02', '05'];target_channels=14;seed=0;val_split=0.0;split=calibration_curve;train_runs=['05'];test_run=02;metric=val_accuracy;notes_extra=experiment=calibration_curve;k=1;draw=0"
2026-08-15T01:01:23.545977,transfer,/Users/connork/Desktop/Academic/eeg-motor-classification/legacy/model/models/base_model_90_subjects.pt,1,192,0.6,"csp_components=6;runs=['02', '06'];target_channels=14;seed=0;val_split=0.0;split=calibration_curve;train_runs=['06'];test_run=02;metric=val_accuracy;notes_extra=experiment=calibration_curve;k=1;draw=1"
2026-08-15T01:01:54.935084,transfer,/Users/connork/Desktop/Academic/eeg-motor-classification/legacy/model/models/base_model_90_subjects.pt,1,195,0.5051546391752577,"csp_components=6;runs=['03', '05'];target_channels=14;seed=0;val_split=0.0;split=calibration_curve;train_runs=['05'];test_run=03;metric=val_accuracy;notes_extra=experiment=calibration_curve;k=1;draw=0"
2026-08-15T01:02:52.344741,transfer,/Users/connork/Desktop/Academic/eeg-motor-classification/legacy/model/models/base_model_90_subjects.pt,1,194,0.5773195876288659,"csp_components=6;runs=['03', '06'];target_channels=14;seed=0;val_split=0.0;split=calibration_curve;train_runs=['06'];test_run=03;metric=val_accuracy;notes_extra=experiment=calibration_curve;k=1;draw=1"
2026-08-15T01:03:47.381081,transfer,/Users/connork/Desktop/Academic/eeg-motor-classification/legacy/model/models/base_model_90_subjects.pt,1,194,0.5773195876288659,"csp_components=6;runs=['01', '04'];target_channels=14;seed=0;val_split=0.0;split=calibration_curve;train_runs=['01'];test_run=04;metric=val_accuracy;notes_extra=experiment=calibration_curve;k=1;draw=0"
2026-08-15T01:04:15.591306,transfer,/Users/connork/Desktop/Academic/eeg-motor-classification/legacy/model/models/base_model_90_subjects.pt,1,195,0.6185567010309279,"csp_components=6;runs=['04', '05'];target_channels=14;seed=0;val_split=0.0;split=calibration_curve;train_runs=['05'];test_run=04;metric=val_accuracy;notes_extra=experiment=calibration_curve;k=1;draw=1"
2026-08-15T01:05:06.040573,transfer,/Users/connork/Desktop/Academic/eeg-motor-classification/legacy/model/models/base_model_90_subjects.pt,1,195,0.6020408163265306,"csp_components=6;runs=['04', '05'];target_channels=14;seed=0;val_split=0.0;split=calibration_curve;train_runs=['04'];test_run=05;metric=val_accuracy;notes_extra=experiment=calibration_curve;k=1;draw=0"
2026-08-15T01:05:50.687631,transfer,/Users/connork/Desktop/Academic/eeg-motor-classification/legacy/model/models/base_model_90_subjects.pt,1,192,0.6836734693877551,"csp_components=6;runs=['05', '08'];target_channels=14;seed=0;val_split=0.0;split=calibration_curve;train_runs=['08'];test_run=05;metric=val_accuracy;notes_extra=experiment=calibration_curve;k=1;draw=1"
2026-08-15T01:06:31.152563,transfer,/Users/connork/Desktop/Academic/eeg-motor-classification/legacy/model/models/base_model_90_subjects.pt,1,194,0.6082474226804123,"csp_components=6;runs=['01', '06'];target_channels=14;seed=0;val_split=0.0;split=calibration_curve;train_runs=['01'];test_run=06;metric=val_accuracy;notes_extra=experiment=calibration_curve;k=1;draw=0"
2026-08-15T01:07:27.326981,transfer,/Users/connork/Desktop/Academic/eeg-motor-classification/legacy/model/models/base_model_90_subjects.pt,1,194,0.5773195876288659,"csp_components=6;runs=['03', '06'];target_channels=14;seed=0;val_split=0.0;split=calibration_curve;train_runs=['03'];test_run=06;metric=val_accuracy;notes_extra=experiment=calibration_curve;k=1;draw=1"
2026-08-15T01:08:25.896593,transfer,/Users/connork/Desktop/Academic/eeg-motor-classification/legacy/model/models/base_model_90_subjects.pt,1,196,0.6161616161616161,"csp_components=6;runs=['01', '07'];target_channels=14;seed=0;val_split=0.0;split=calibration_curve;train_runs=['01'];test_run=07;metric=val_accuracy;notes_extra=experiment=calibration_curve;k=1;draw=0"
2026-08-15T01:09:13.534666,transfer,/Users/connork/Desktop/Academic/eeg-motor-classification/legacy/model/models/base_model_90_subjects.pt,1,193,0.5454545454545454,"csp_components=6;runs=['07', '08'];target_channels=14;seed=0;val_split=0.0;split=calibration_curve;train_runs=['08'];test_run=07;metric=val_accuracy;notes_extra=experiment=calibration_curve;k=1;draw=1"
2026-08-15T01:09:55.688918,transfer,/Users/connork/Desktop/Academic/eeg-motor-classification/legacy/model/models/base_model_90_subjects.pt,1,191,0.5957446808510638,"csp_components=6;runs=['04', '08'];target_channels=14;seed=0;val_split=0.0;split=calibration_curve;train_runs=['04'];test_run=08;metric=val_accuracy;notes_extra=experiment=calibration_curve;k=1;draw=0"
2026-08-15T01:11:33.913857,transfer,/Users/connork/Desktop/Academic/eeg-motor-classification/legacy/model/models/base_model_90_subjects.pt,1,192,0.5319148936170213,"csp_components=6;runs=['05', '08'];target_channels=14;seed=0;val_split=0.0;split=calibration_curve;train_runs=['05'];test_run=08;metric=val_accuracy;notes_extra=experiment=calibration_curve;k=1;draw=1"
2026-08-15T00:42:15.927638,transfer,/Users/connork/Desktop/Academic/eeg-motor-classification/legacy/model/models/base_model_90_subjects.pt,1,289,0.6082474226804123,"csp_components=6;runs=['01', '02', '04'];target_channels=14;seed=0;val_split=0.0;split=calibration_curve;train_runs=['02', '04'];test_run=01;metric=val_accuracy;notes_extra=experiment=calibration_curve;k=2;draw=0"
2026-08-15T00:43:22.434888,transfer,/Users/connork/Desktop/Academic/eeg-motor-classification/legacy/model/models/base_model_90_subjects.pt,1,289,0.6391752577319587,"csp_components=6;runs=['01', '02', '06'];target_channels=14;seed=0;val_split=0.0;split=calibration_curve;train_runs=['02', '06'];test_run=01;metric=val_accuracy;notes_extra=experiment=calibration_curve;k=2;draw=1"
2026-08-15T00:44:34.412844,transfer,/Users/connork/Desktop/Academic/eeg-motor-classification/legacy/model/models/base_model_90_subjects.pt,1,291,0.5789473684210527,"csp_components=6;runs=['01', '02', '07'];target_channels=14;seed=0;val_split=0.0;split=calibration_curve;train_runs=['01', '07'];test_run=02;metric=val_accuracy;notes_extra=experiment=calibration_curve;k=2;draw=0"
2026-08-15T00:45:43.068553,transfer,/Users/connork/Desktop/Academic/eeg-motor-classification/legacy/model/models/base_model_90_subjects.pt,1,289,0.6,"csp_components=6;runs=['02', '04', '06'];target_channels=14;seed=0;val_split=0.0;split=calibration_curve;train_runs=['04', '06'];test_run=02;metric=val_accuracy;notes_extra=experiment=calibration_curve;k=2;draw=1"
2026-08-15T00:46:51.093523,transfer,/Users/connork/Desktop/Academic/eeg-motor-classification/legacy/model/models/base_model_90_subjects.pt,1,293,0.6082474226804123,"csp_components=6;runs=['01', '03', '07'];target_channels=14;seed=0;val_split=0.0;split=calibration_curve;train_runs=['01', '07'];test_run=03;metric=val_accuracy;notes_extra=experiment=calibration_curve;k=2;draw=0"
2026-08-15T00:48:07.531045,transfer,/Users/connork/Desktop/Academic/eeg-motor-classification/legacy/model/models/base_model_90_subjects.pt,1,293,0.5979381443298969,"csp_components=6;runs=['03', '06', '07'];target_channels=14;seed=0;val_split=0.0;split=calibration_curve;train_runs=['06', '07'];test_run=03;metric=val_accuracy;notes_extra=experiment=calibration_curve;k=2;draw=1"
2026-08-15T00:49:12.033819,transfer,/Users/connork/Desktop/Academic/eeg-motor-classification/legacy/model/models/base_model_90_subjects.pt,1,291,0.4742268041237113,"csp_components=6;runs=['01', '04', '06'];target_channels=14;seed=0;val_split=0.0;split=calibration_curve;train_runs=['01', '06'];test_run=04;metric=val_accuracy;notes_extra=experiment=calibration_curve;k=2;draw=0"
2026-08-15T00:50:19.444720,transfer,/Users/connork/Desktop/Academic/eeg-motor-classification/legacy/model/models/base_model_90_subjects.pt,1,288,0.5567010309278351,"csp_components=6;runs=['04', '06', '08'];target_channels=14;seed=0;val_split=0.0;split=calibration_curve;train_runs=['06', '08'];test_run=04;metric=val_accuracy;notes_extra=experiment=calibration_curve;k=2;draw=1"
2026-08-15T00:50:27.565437,transfer,/Users/connork/Desktop/Academic/eeg-motor-classification/legacy/model/models/base_model_90_subjects.pt,1,292,0.5714285714285714,"csp_components=6;runs=['01', '04', '05'];target_channels=14;seed=0;val_split=0.0;split=calibration_curve;train_runs=['01', '04'];test_run=05;metric=val_accuracy;notes_extra=experiment=calibration_curve;k=2;draw=0"
2026-08-15T00:51:36.083583,transfer,/Users/connork/Desktop/Academic/eeg-motor-classification/legacy/model/models/base_model_90_subjects.pt,1,290,0.5612244897959183,"csp_components=6;runs=['02', '04', '05'];target_channels=14;seed=0;val_split=0.0;split=calibration_curve;train_runs=['02', '04'];test_run=05;metric=val_accuracy;notes_extra=experiment=calibration_curve;k=2;draw=1"
2026-08-15T00:52:45.586997,transfer,/Users/connork/Desktop/Academic/eeg-motor-classification/legacy/model/models/base_model_90_subjects.pt,1,293,0.5979381443298969,"csp_components=6;runs=['01', '06', '07'];target_channels=14;seed=0;val_split=0.0;split=calibration_curve;train_runs=['01', '07'];test_run=06;metric=val_accuracy;notes_extra=experiment=calibration_curve;k=2;draw=0"
2026-08-15T00:54:19.584752,transfer,/Users/connork/Desktop/Academic/eeg-motor-classification/legacy/model/models/base_model_90_subjects.pt,1,292,0.5257731958762887,"csp_components=6;runs=['04', '05', '06'];target_channels=14;seed=0;val_split=0.0;split=calibration_curve;train_runs=['04', '05'];test_run=06;metric=val_accuracy;notes_extra=experiment=calibration_curve;k=2;draw=1"
2026-08-15T00:55:17.774776,transfer,/Users/connork/Desktop/Academic/eeg-motor-classification/legacy/model/models/base_model_90_subjects.pt,1,290,0.7171717171717171,"csp_components=6;runs=['01', '07', '08'];target_channels=14;seed=0;val_split=0.0;split=calibration_curve;train_runs=['01', '08'];test_run=07;metric=val_accuracy;notes_extra=experiment=calibration_curve;k=2;draw=0"
2026-08-15T00:56:27.441048,transfer,/Users/connork/Desktop/Academic/eeg-motor-classification/legacy/model/models/base_model_90_subjects.pt,1,291,0.5353535353535354,"csp_components=6;runs=['02', '06', '07'];target_channels=14;seed=0;val_split=0.0;split=calibration_curve;train_runs=['02', '06'];test_run=07;metric=val_accuracy;notes_extra=experiment=calibration_curve;k=2;draw=1"
2026-08-15T00:57:13.650735,transfer,/Users/connork/Desktop/Academic/eeg-motor-classification/legacy/model/models/base_model_90_subjects.pt,1,287,0.6382978723404256,"csp_components=6;runs=['02', '05', '08'];target_channels=14;seed=0;val_split=0.0;split=calibration_curve;train_runs=['02', '05'];test_run=08;metric=val_accuracy;notes_extra=experiment=calibration_curve;k=2;draw=0"
2026-08-15T00:58:29.614655,transfer,/Users/connork/Desktop/Academic/eeg-motor-classification/legacy/model/models/base_model_90_subjects.pt,1,290,0.5531914893617021,"csp_components=6;runs=['04', '07', '08'];target_channels=14;seed=0;val_split=0.0;split=calibration_curve;train_runs=['04', '07'];test_run=08;metric=val_accuracy;notes_extra=experiment=calibration_curve;k=2;draw=1"
2026-08-15T00:07:22.066371,transfer,/Users/connork/Desktop/Academic/eeg-motor-classification/legacy/model/models/base_model_90_subjects.pt,1,488,0.6185567010309279,"csp_components=6;runs=['01', '03', '05', '06', '07'];target_channels=14;seed=0;val_split=0.0;split=calibration_curve;train_runs=['03', '05', '06', '07'];test_run=01;metric=val_accuracy;notes_extra=experiment=calibration_curve;k=4;draw=0"
2026-08-15T00:07:25.816901,transfer,/Users/connork/Desktop/Academic/eeg-motor-classification/legacy/model/models/base_model_90_subjects.pt,1,485,0.5670103092783505,"csp_components=6;runs=['01', '03', '05', '07', '08'];target_channels=14;seed=0;val_split=0.0;split=calibration_curve;train_runs=['03', '05', '07', '08'];test_run=01;metric=val_accuracy;notes_extra=experiment=calibration_curve;k=4;draw=1"
2026-08-15T00:11:24.079532,transfer,/Users/connork/Desktop/Academic/eeg-motor-classification/legacy/model/models/base_model_90_subjects.pt,1,482,0.6526315789473685,"csp_components=6;runs=['01', '02', '03', '07', '08'];target_channels=14;seed=0;val_split=0.0;split=calibration_curve;train_runs=['01', '03', '07', '08'];test_run=02;metric=val_accuracy;notes_extra=experiment=calibration_curve;k=4;draw=0"
2026-08-15T00:12:56.657078,transfer,/Users/connork/Desktop/Academic/eeg-motor-classification/legacy/model/models/base_model_90_subjects.pt,1,483,0.5368421052631579,"csp_components=6;runs=['02', '05', '06', '07', '08'];target_channels=14;seed=0;val_split=0.0;split=calibration_curve;train_runs=['05', '06', '07', '08'];test_run=02;metric=val_accuracy;notes_extra=experiment=calibration_curve;k=4;draw=1"
2026-08-15T00:15:28.216680,transfer,/Users/connork/Desktop/Academic/eeg-motor-classification/legacy/model/models/base_model_90_subjects.pt,1,482,0.6494845360824743,"csp_components=6;runs=['01', '03', '04', '06', '08'];target_channels=14;seed=0;val_split=0.0;split=calibration_curve;train_runs=['01', '04', '06', '08'];test_run=03;metric=val_accuracy;notes_extra=experiment=calibration_curve;k=4;draw=0"
2026-08-15T00:16:59.235281,transfer,/Users/connork/Desktop/Academic/eeg-motor-classification/legacy/model/models/base_model_90_subjects.pt,1,482,0.6597938144329897,"csp_components=6;runs=['02', '03', '06', '07', '08'];target_channels=14;seed=0;val_split=0.0;split=calibration_curve;train_runs=['02', '06', '07', '08'];test_run=03;metric=val_accuracy;notes_extra=experiment=calibration_curve;k=4;draw=1"
2026-08-15T00:19:25.628094,transfer,/Users/connork/Desktop/Academic/eeg-motor-classification/legacy/model/models/base_model_90_subjects.pt,1,488,0.4948453608247423,"csp_components=6;runs=['01', '04', '05', '06', '07'];target_channels=14;seed=0;val_split=0.0;split=calibration_curve;train_runs=['01', '05', '06', '07'];test_run=04;metric=val_accuracy;notes_extra=experiment=calibration_curve;k=4;draw=0"
2026-08-15T00:21:41.370479,transfer,/Users/connork/Desktop/Academic/eeg-motor-classification/legacy/model/models/base_model_90_subjects.pt,1,485,0.4845360824742268,"csp_components=6;runs=['03', '04', '05', '07', '08'];target_channels=14;seed=0;val_split=0.0;split=calibration_curve;train_runs=['03', '05', '07', '08'];test_run=04;metric=val_accuracy;notes_extra=experiment=calibration_curve;k=4;draw=1"
2026-08-15T00:22:25.716510,transfer,/Users/connork/Desktop/Academic/eeg-motor-classification/legacy/model/models/base_model_90_subjects.pt,1,481,0.6122448979591837,"csp_components=6;runs=['01', '02', '03', '05', '08'];target_channels=14;seed=0;val_split=0.0;split=calibration_curve;train_runs=['01', '02', '03', '08'];test_run=05;metric=val_accuracy;notes_extra=experiment=calibration_curve;k=4;draw=0"
2026-08-15T00:30:41.779270,transfer,/Users/connork/Desktop/Academic/eeg-motor-classification/legacy/model/models/base_model_90_subjects.pt,1,483,0.5612244897959183,"csp_components=6;runs=['01', '02', '05', '07', '08'];target_channels=14;seed=0;val_split=0.0;split=calibration_curve;train_runs=['01', '02', '07', '08'];test_run=05;metric=val_accuracy;notes_extra=experiment=calibration_curve;k=4;draw=1"
2026-08-15T00:30:46.805505,transfer,/Users/connork/Desktop/Academic/eeg-motor-classification/legacy/model/models/base_model_90_subjects.pt,1,485,0.6082474226804123,"csp_components=6;runs=['01', '05', '06', '07', '08'];target_channels=14;seed=0;val_split=0.0;split=calibration_curve;train_runs=['01', '05', '07', '08'];test_run=06;metric=val_accuracy;notes_extra=experiment=calibration_curve;k=4;draw=0"
2026-08-15T00:34:43.039643,transfer,/Users/connork/Desktop/Academic/eeg-motor-classification/legacy/model/models/base_model_90_subjects.pt,1,486,0.6185567010309279,"csp_components=6;runs=['02', '03', '05', '06', '07'];target_channels=14;seed=0;val_split=0.0;split=calibration_curve;train_runs=['02', '03', '05', '07'];test_run=06;metric=val_accuracy;notes_extra=experiment=calibration_curve;k=4;draw=1"
2026-08-15T00:36:07.089200,transfer,/Users/connork/Desktop/Academic/eeg-motor-classification/legacy/model/models/base_model_90_subjects.pt,1,482,0.5353535353535354,"csp_components=6;runs=['01', '02', '04', '07', '08'];target_channels=14;seed=0;val_split=0.0;split=calibration_curve;train_runs=['01', '02', '04', '08'];test_run=07;metric=val_accuracy;notes_extra=experiment=calibration_curve;k=4;draw=0"
2026-08-15T00:38:34.015509,transfer,/Users/connork/Desktop/Academic/eeg-motor-classification/legacy/model/models/base_model_90_subjects.pt,1,483,0.7070707070707071,"csp_components=6;runs=['02', '03', '05', '07', '08'];target_channels=14;seed=0;val_split=0.0;split=calibration_curve;train_runs=['02', '03', '05', '08'];test_run=07;metric=val_accuracy;notes_extra=experiment=calibration_curve;k=4;draw=1"
2026-08-15T00:40:00.129437,transfer,/Users/connork/Desktop/Academic/eeg-motor-classification/legacy/model/models/base_model_90_subjects.pt,1,485,0.6276595744680851,"csp_components=6;runs=['01', '03', '05', '07', '08'];target_channels=14;seed=0;val_split=0.0;split=calibration_curve;train_runs=['01', '03', '05', '07'];test_run=08;metric=val_accuracy;notes_extra=experiment=calibration_curve;k=4;draw=0"
2026-08-15T00:41:33.949932,transfer,/Users/connork/Desktop/Academic/eeg-motor-classification/legacy/model/models/base_model_90_subjects.pt,1,485,0.5638297872340425,"csp_components=6;runs=['01', '04', '05', '07', '08'];target_channels=14;seed=0;val_split=0.0;split=calibration_curve;train_runs=['01', '04', '05', '07'];test_run=08;metric=val_accuracy;notes_extra=experiment=calibration_curve;k=4;draw=1"
2026-08-15T01:12:43.188664,ts_lr,,1,200,0.67,"csp_components=6;runs=['01', '02', '03', '04', '05', '06', '07', '08'];seed=0;val_split=0.0;split=calibration_curve;train_runs=['02'];test_run=01;metric=val_accuracy;baseline=ts_lr;tslr_tmin=0.5;tslr_tmax=2.0;tslr_use_csd=1;tslr_cov_est=lwf;notes_extra=experiment=calibration_curve;k=1;draw=0"
2026-08-15T01:12:44.322777,ts_lr,,1,200,0.67,"csp_components=6;runs=['01', '02', '03', '04', '05', '06', '07', '08'];seed=0;val_split=0.0;split=calibration_curve;train_runs=['08'];test_run=01;metric=val_accuracy;baseline=ts_lr;tslr_tmin=0.5;tslr_tmax=2.0;tslr_use_csd=1;tslr_cov_est=lwf;notes_extra=experiment=calibration_curve;k=1;draw=1"
2026-08-15T01:12:45.378350,ts_lr,,1,200,0.52,"csp_components=6;runs=['01', '02', '03', '04', '05', '06', '07', '08'];seed=0;val_split=0.0;split=calibration_curve;train_runs=['05'];test_run=02;metric=val_accuracy;baseline=ts_lr;tslr_tmin=0.5;tslr_tmax=2.0;tslr_use_csd=1;tslr_cov_est=lwf;notes_extra=experiment=calibration_curve;k=1;draw=0"
2026-08-15T01:12:46.432830,ts_lr,,1,200,0.55,"csp_components=6;runs=['01', '02', '03', '04', '05', '06', '07', '08'];seed=0;val_split=0.0;split=calibration_curve;train_runs=['06'];test_run=02;metric=val_accuracy;baseline=ts_lr;tslr_tmin=0.5;tslr_tmax=2.0;tslr_use_csd=1;tslr_cov_est=lwf;notes_extra=experiment=calibration_curve;k=1;draw=1"
2026-08-15T01:12:47.486892,ts_lr,,1,200,0.48,"csp_components=6;runs=['01', '02', '03', '04', '05', '06', '07', '08'];seed=0;val_split=0.0;split=calibration_curve;train_runs=['05'];test_run=03;metric=val_accuracy;baseline=ts_lr;tslr_tmin=0.5;tslr_tmax=2.0;tslr_use_csd=1;tslr_cov_est=lwf;notes_extra=experiment=calibration_curve;k=1;draw=0"
2026-08-15T01:12:48.542019,ts_lr,,1,200,0.54,"csp_components=6;runs=['01', '02', '03', '04', '05', '06', '07', '08'];seed=0;val_split=0.0;split=calibration_curve;train_runs=['06'];test_run=03;metric=val_accuracy;baseline=ts_lr;tslr_tmin=0.5;tslr_tmax=2.0;tslr_use_csd=1;tslr_cov_est=lwf;notes_extra=experiment=calibration_curve;k=1;draw=1"
2026-08-15T01:12:49.602015,ts_lr,,1,200,0.56,"csp_components=6;runs=['01', '02', '03', '04', '05', '06', '07', '08'];seed=0;val_split=0.0;split=calibration_curve;train_runs=['01'];test_run=04;metric=val_accuracy;baseline=ts_lr;tslr_tmin=0.5;tslr_tmax=2.0;tslr_use_csd=1;tslr_cov_est=lwf;notes_extra=experiment=calibration_curve;k=1;draw=0"
2026-08-15T01:12:50.659210,ts_lr,,1,200,0.51,"csp_components=6;runs=['01', '02', '03', '04', '05', '06', '07', '08'];seed=0;val_split=0.0;split=calibration_curve;train_runs=['05'];test_run=04;metric=val_accuracy;baseline=ts_lr;tslr_tmin=0.5;tslr_tmax=2.0;tslr_use_csd=1;tslr_cov_est=lwf;notes_extra=experiment=calibration_curve;k=1;draw=1"
2026-08-15T01:12:51.716793,ts_lr,,1,200,0.44,"csp_components=6;runs=['01', '02', '03', '04', '05', '06', '07', '08'];seed=0;val_split=0.0;split=calibration_curve;train_runs=['04'];test_run=05;metric=val_accuracy;baseline=ts_lr;tslr_tmin=0.5;tslr_tmax=2.0;tslr_use_csd=1;tslr_cov_est=lwf;notes_extra=experiment=calibration_curve;k=1;draw=0"
2026-08-15T01:12:52.765982,ts_lr,,1,200,0.58,"csp_components=6;runs=['01', '02', '03', '04', '05', '06', '07', '08'];seed=0;val_split=0.0;split=calibration_curve;train_runs=['08'];test_run=05;metric=val_accuracy;baseline=ts_lr;tslr_tmin=0.5;tslr_tmax=2.0;tslr_use_csd=1;tslr_cov_est=lwf;notes_extra=experiment=calibration_curve;k=1;draw=1"
2026-08-15T01:12:53.817057,ts_lr,,1,200,0.5,"csp_components=6;runs=['01', '02', '03', '04', '05', '06', '07', '08'];seed=0;val_split=0.0;split=calibration_curve;train_runs=['01'];test_run=06;metric=val_accuracy;baseline=ts_lr;tslr_tmin=0.5;tslr_tmax=2.0;tslr_use_csd=1;tslr_cov_est=lwf;notes_extra=experiment=calibration_curve;k=1;draw=0"
2026-08-15T01:12:54.872302,ts_lr,,1,200,0.5,"csp_components=6;runs=['01', '02', '03', '04', '05', '06', '07', '08'];seed=0;val_split=0.0;split=calibration_curve;train_runs=['03'];test_run=06;metric=val_accuracy;baseline=ts_lr;tslr_tmin=0.5;tslr_tmax=2.0;tslr_use_csd=1;tslr_cov_est=lwf;notes_extra=experiment=calibration_curve;k=1;draw=1"
2026-08-15T01:12:55.923561,ts_lr,,1,200,0.51,"csp_components=6;runs=['01', '02', '03', '04', '05', '06', '07', '08'];seed=0;val_split=0.0;split=calibration_curve;train_runs=['01'];test_run=07;metric=val_accuracy;baseline=ts_lr;tslr_tmin=0.5;tslr_tmax=2.0;tslr_use_csd=1;tslr_cov_est=lwf;notes_extra=experiment=calibration_curve;k=1;draw=0"
2026-08-15T01:12:56.975416,ts_lr,,1,200,0.5,"csp_components=6;runs=['01', '02', '03', '04', '05', '06', '07', '08'];seed=0;val_split=0.0;split=calibration_curve;train_runs=['08'];test_run=07;metric=val_accuracy;baseline=ts_lr;tslr_tmin=0.5;tslr_tmax=2.0;tslr_use_csd=1;tslr_cov_est=lwf;notes_extra=experiment=calibration_curve;k=1;draw=1"
2026-08-15T01:12:58.031578,ts_lr,,1,200,0.51,"csp_components=6;runs=['01', '02', '03', '04', '05', '06', '07', '08'];seed=0;val_split=0.0;split=calibration_curve;train_runs=['04'];test_run=08;metric=val_accuracy;baseline=ts_lr;tslr_tmin=0.5;tslr_tmax=2.0;tslr_use_csd=1;tslr_cov_est=lwf;notes_extra=experiment=calibration_curve;k=1;draw=0"
2026-08-15T01:12:59.096445,ts_lr,,1,200,0.56,"csp_components=6;runs=['01', '02', '03', '04', '05', '06', '07', '08'];seed=0;val_split=0.0;split=calibration_curve;train_runs=['05'];test_run=08;metric=val_accuracy;baseline=ts_lr;tslr_tmin=0.5;tslr_tmax=2.0;tslr_use_csd=1;tslr_cov_est=lwf;notes_extra=experiment=calibration_curve;k=1;draw=1"
2026-08-15T01:12:18.357631,ts_lr,,1,300,0.72,"csp_components=6;runs=['01', '02', '03', '04', '05', '06', '07', '08'];seed=0;val_split=0.0;split=calibration_curve;train_runs=['02', '04'];test_run=01;metric=val_accuracy;baseline=ts_lr;tslr_tmin=0.5;tslr_tmax=2.0;tslr_use_csd=1;tslr_cov_est=lwf;notes_extra=experiment=calibration_curve;k=2;draw=0"
2026-08-15T01:12:19.940540,ts_lr,,1,300,0.62,"csp_components=6;runs=['01', '02', '03', '04', '05', '06', '07', '08'];seed=0;val_split=0.0;split=calibration_curve;train_runs=['02', '06'];test_run=01;metric=val_accuracy;baseline=ts_lr;tslr_tmin=0.5;tslr_tmax=2.0;tslr_use_csd=1;tslr_cov_est=lwf;notes_extra=experiment=calibration_curve;k=2;draw=1"
2026-08-15T01:12:21.519117,ts_lr,,1,300,0.71,"csp_components=6;runs=['01', '02', '03', '04', '05', '06', '07', '08'];seed=0;val_split=0.0;split=calibration_curve;train_runs=['01', '07'];test_run=02;metric=val_accuracy;baseline=ts_lr;tslr_tmin=0.5;tslr_tmax=2.0;tslr_use_csd=1;tslr_cov_est=lwf;notes_extra=experiment=calibration_curve;k=2;draw=0"
2026-08-15T01:12:23.101197,ts_lr,,1,300,0.47,"csp_components=6;runs=['01', '02', '03', '04', '05', '06', '07', '08'];seed=0;val_split=0.0;split=calibration_curve;train_runs=['04', '06'];test_run=02;metric=val_accuracy;baseline=ts_lr;tslr_tmin=0.5;tslr_tmax=2.0;tslr_use_csd=1;tslr_cov_est=lwf;notes_extra=experiment=calibration_curve;k=2;draw=1"
2026-08-15T01:12:24.676904,ts_lr,,1,300,0.54,"csp_components=6;runs=['01', '02', '03', '04', '05', '06', '07', '08'];seed=0;val_split=0.0;split=calibration_curve;train_runs=['01', '07'];test_run=03;metric=val_accuracy;baseline=ts_lr;tslr_tmin=0.5;tslr_tmax=2.0;tslr_use_csd=1;tslr_cov_est=lwf;notes_extra=experiment=calibration_curve;k=2;draw=0"
2026-08-15T01:12:26.259979,ts_lr,,1,300,0.54,"csp_components=6;runs=['01', '02', '03', '04', '05', '06', '07', '08'];seed=0;val_split=0.0;split=calibration_curve;train_runs=['06', '07'];test_run=03;metric=val_accuracy;baseline=ts_lr;tslr_tmin=0.5;tslr_tmax=2.0;tslr_use_csd=1;tslr_cov_est=lwf;notes_extra=experiment=calibration_curve;k=2;draw=1"
2026-08-15T01:12:27.842037,ts_lr,,1,300,0.54,"csp_components=6;runs=['01', '02', '03', '04', '05', '06', '07', '08'];seed=0;val_split=0.0;split=calibration_curve;train_runs=['01', '06'];test_run=04;metric=val_accuracy;baseline=ts_lr;tslr_tmin=0.5;tslr_tmax=2.0;tslr_use_csd=1;tslr_cov_est=lwf;notes_extra=experiment=calibration_curve;k=2;draw=0"
2026-08-15T01:12:29.440293,ts_lr,,1,300,0.63,"csp_components=6;runs=['01', '02', '03', '04', '05', '06', '07', '08'];seed=0;val_split=0.0;split=calibration_curve;train_runs=['06', '08'];test_run=04;metric=val_accuracy;baseline=ts_lr;tslr_tmin=0.5;tslr_tmax=2.0;tslr_use_csd=1;tslr_cov_est=lwf;notes_extra=experiment=calibration_curve;k=2;draw=1"
2026-08-15T01:12:31.024187,ts_lr,,1,300,0.5,"csp_components=6;runs=['01', '02', '03', '04', '05', '06', '07', '08'];seed=0;val_split=0.0;split=calibration_curve;train_runs=['01', '04'];test_run=05;metric=val_accuracy;baseline=ts_lr;tslr_tmin=0.5;tslr_tmax=2.0;tslr_use_csd=1;tslr_cov_est=lwf;notes_extra=experiment=calibration_curve;k=2;draw=0"
2026-08-15T01:12:32.616905,ts_lr,,1,300,0.49,"csp_components=6;runs=['01', '02', '03', '04', '05', '06', '07', '08'];seed=0;val_split=0.0;split=calibration_curve;train_runs=['02', '04'];test_run=05;metric=val_accuracy;baseline=ts_lr;tslr_tmin=0.5;tslr_tmax=2.0;tslr_use_csd=1;tslr_cov_est=lwf;notes_extra=experiment=calibration_curve;k=2;draw=1"
2026-08-15T01:12:34.201339,ts_lr,,1,300,0.51,"csp_components=6;runs=['01', '02', '03', '04', '05', '06', '07', '08'];seed=0;val_split=0.0;split=calibration_curve;train_runs=['01', '07'];test_run=06;metric=val_accuracy;baseline=ts_lr;tslr_tmin=0.5;tslr_tmax=2.0;tslr_use_csd=1;tslr_cov_est=lwf;notes_extra=experiment=calibration_curve;k=2;draw=0"
2026-08-15T01:12:35.791260,ts_lr,,1,300,0.58,"csp_components=6;runs=['01', '02', '03', '04', '05', '06', '07', '08'];seed=0;val_split=0.0;split=calibration_curve;train_runs=['04', '05'];test_run=06;metric=val_accuracy;baseline=ts_lr;tslr_tmin=0.5;tslr_tmax=2.0;tslr_use_csd=1;tslr_cov_est=lwf;notes_extra=experiment=calibration_curve;k=2;draw=1"
2026-08-15T01:12:37.368523,ts_lr,,1,300,0.52,"csp_components=6;runs=['01', '02', '03', '04', '05', '06', '07', '08'];seed=0;val_split=0.0;split=calibration_curve;train_runs=['01', '08'];test_run=07;metric=val_accuracy;baseline=ts_lr;tslr_tmin=0.5;tslr_tmax=2.0;tslr_use_csd=1;tslr_cov_est=lwf;notes_extra=experiment=calibration_curve;k=2;draw=0"
2026-08-15T01:12:38.953386,ts_lr,,1,300,0.63,"csp_components=6;runs=['01', '02', '03', '04', '05', '06', '07', '08'];seed=0;val_split=0.0;split=calibration_curve;train_runs=['02', '06'];test_run=07;metric=val_accuracy;baseline=ts_lr;tslr_tmin=0.5;tslr_tmax=2.0;tslr_use_csd=1;tslr_cov_est=lwf;notes_extra=experiment=calibration_curve;k=2;draw=1"
2026-08-15T01:12:40.547368,ts_lr,,1,300,0.52,"csp_components=6;runs=['01', '02', '03', '04', '05', '06', '07', '08'];seed=0;val_split=0.0;split=calibration_curve;train_runs=['02', '05'];test_run=08;metric=val_accuracy;baseline=ts_lr;tslr_tmin=0.5;tslr_tmax=2.0;tslr_use_csd=1;tslr_cov_est=lwf;notes_extra=experiment=calibration_curve;k=2;draw=0"
2026-08-15T01:12:42.140511,ts_lr,,1,300,0.61,"csp_components=6;runs=['01', '02', '03', '04', '05', '06', '07', '08'];seed=0;val_split=0.0;split=calibration_curve;train_runs=['04', '07'];test_run=08;metric=val_accuracy;baseline=ts_lr;tslr_tmin=0.5;tslr_tmax=2.0;tslr_use_csd=1;tslr_cov_est=lwf;notes_extra=experiment=calibration_curve;k=2;draw=1"
2026-08-15T01:11:37.088114,ts_lr,,1,500,0.67,"csp_components=6;runs=['01', '02', '03', '04', '05', '06', '07', '08'];seed=0;val_split=0.0;split=calibration_curve;train_runs=['03', '05', '06', '07'];test_run=01;metric=val_accuracy;baseline=ts_lr;tslr_tmin=0.5;tslr_tmax=2.0;tslr_use_csd=1;tslr_cov_est=lwf;notes_extra=experiment=calibration_curve;k=4;draw=0"
2026-08-15T01:11:39.730556,ts_lr,,1,500,0.7,"csp_components=6;runs=['01', '02', '03', '04', '05', '06', '07', '08'];seed=0;val_split=0.0;split=calibration_curve;train_runs=['03', '05', '07', '08'];test_run=01;metric=val_accuracy;baseline=ts_lr;tslr_tmin=0.5;tslr_tmax=2.0;tslr_use_csd=1;tslr_cov_est=lwf;notes_extra=experiment=calibration_curve;k=4;draw=1"
2026-08-15T01:11:42.367914,ts_lr,,1,500,0.77,"csp_components=6;runs=['01', '02', '03', '04', '05', '06', '07', '08'];seed=0;val_split=0.0;split=calibration_curve;train_runs=['01', '03', '07', '08'];test_run=02;metric=val_accuracy;baseline=ts_lr;tslr_tmin=0.5;tslr_tmax=2.0;tslr_use_csd=1;tslr_cov_est=lwf;notes_extra=experiment=calibration_curve;k=4;draw=0"
2026-08-15T01:11:45.005666,ts_lr,,1,500,0.65,"csp_components=6;runs=['01', '02', '03', '04', '05', '06', '07', '08'];seed=0;val_split=0.0;split=calibration_curve;train_runs=['05', '06', '07', '08'];test_run=02;metric=val_accuracy;baseline=ts_lr;tslr_tmin=0.5;tslr_tmax=2.0;tslr_use_csd=1;tslr_cov_est=lwf;notes_extra=experiment=calibration_curve;k=4;draw=1"
2026-08-15T01:11:47.632699,ts_lr,,1,500,0.58,"csp_components=6;runs=['01', '02', '03', '04', '05', '06', '07', '08'];seed=0;val_split=0.0;split=calibration_curve;train_runs=['01', '04', '06', '08'];test_run=03;metric=val_accuracy;baseline=ts_lr;tslr_tmin=0.5;tslr_tmax=2.0;tslr_use_csd=1;tslr_cov_est=lwf;notes_extra=experiment=calibration_curve;k=4;draw=0"
2026-08-15T01:11:50.344429,ts_lr,,1,500,0.56,"csp_components=6;runs=['01', '02', '03', '04', '05', '06', '07', '08'];seed=0;val_split=0.0;split=calibration_curve;train_runs=['02', '06', '07', '08'];test_run=03;metric=val_accuracy;baseline=ts_lr;tslr_tmin=0.5;tslr_tmax=2.0;tslr_use_csd=1;tslr_cov_est=lwf;notes_extra=experiment=calibration_curve;k=4;draw=1"
2026-08-15T01:11:52.985272,ts_lr,,1,500,0.51,"csp_components=6;runs=['01', '02', '03', '04', '05', '06', '07', '08'];seed=0;val_split=0.0;split=calibration_curve;train_runs=['01', '05', '06', '07'];test_run=04;metric=val_accuracy;baseline=ts_lr;tslr_tmin=0.5;tslr_tmax=2.0;tslr_use_csd=1;tslr_cov_est=lwf;notes_extra=experiment=calibration_curve;k=4;draw=0"
2026-08-15T01:11:55.625667,ts_lr,,1,500,0.52,"csp_components=6;runs=['01', '02', '03', '04', '05', '06', '07', '08'];seed=0;val_split=0.0;split=calibration_curve;train_runs=['03', '05', '07', '08'];test_run=04;metric=val_accuracy;baseline=ts_lr;tslr_tmin=0.5;tslr_tmax=2.0;tslr_use_csd=1;tslr_cov_est=lwf;notes_extra=experiment=calibration_curve;k=4;draw=1"
2026-08-15T01:11:58.258260,ts_lr,,1,500,0.47,"csp_components=6;runs=['01', '02', '03', '04', '05', '06', '07', '08'];seed=0;val_split=0.0;split=calibration_curve;train_runs=['01', '02', '03', '08'];test_run=05;metric=val_accuracy;baseline=ts_lr;tslr_tmin=0.5;tslr_tmax=2.0;tslr_use_csd=1;tslr_cov_est=lwf;notes_extra=experiment=calibration_curve;k=4;draw=0"
2026-08-15T01:12:00.905433,ts_lr,,1,500,0.47,"csp_components=6;runs=['01', '02', '03', '04', '05', '06', '07', '08'];seed=0;val_split=0.0;split=calibration_curve;train_runs=['01', '02', '07', '08'];test_run=05;metric=val_accuracy;baseline=ts_lr;tslr_tmin=0.5;tslr_tmax=2.0;tslr_use_csd=1;tslr_cov_est=lwf;notes_extra=experiment=calibration_curve;k=4;draw=1"
2026-08-15T01:12:03.546378,ts_lr,,1,500,0.61,"csp_components=6;runs=['01', '02', '03', '04', '05', '06', '07', '08'];seed=0;val_split=0.0;split=calibration_curve;train_runs=['01', '05', '07', '08'];test_run=06;metric=val_accuracy;baseline=ts_lr;tslr_tmin=0.5;tslr_tmax=2.0;tslr_use_csd=1;tslr_cov_est=lwf;notes_extra=experiment=calibration_curve;k=4;draw=0"
2026-08-15T01:12:06.183305,ts_lr,,1,500,0.47,"csp_components=6;runs=['01', '02', '03', '04', '05', '06', '07', '08'];seed=0;val_split=0.0;split=calibration_curve;train_runs=['02', '03', '05', '07'];test_run=06;metric=val_accuracy;baseline=ts_lr;tslr_tmin=0.5;tslr_tmax=2.0;tslr_use_csd=1;tslr_cov_est=lwf;notes_extra=experiment=calibration_curve;k=4;draw=1"
2026-08-15T01:12:08.822877,ts_lr,,1,500,0.52,"csp_components=6;runs=['01', '02', '03', '04', '05', '06', '07', '08'];seed=0;val_split=0.0;split=calibration_curve;train_runs=['01', '02', '04', '08'];test_run=07;metric=val_accuracy;baseline=ts_lr;tslr_tmin=0.5;tslr_tmax=2.0;tslr_use_csd=1;tslr_cov_est=lwf;notes_extra=experiment=calibration_curve;k=4;draw=0"
2026-08-15T01:12:11.469266,ts_lr,,1,500,0.57,"csp_components=6;runs=['01', '02', '03', '04', '05', '06', '07', '08'];seed=0;val_split=0.0;split=calibration_curve;train_runs=['02', '03', '05', '08'];test_run=07;metric=val_accuracy;baseline=ts_lr;tslr_tmin=0.5;tslr_tmax=2.0;tslr_use_csd=1;tslr_cov_est=lwf;notes_extra=experiment=calibration_curve;k=4;draw=1"
2026-08-15T01:12:14.115651,ts_lr,,1,500,0.6,"csp_components=6;runs=['01', '02', '03', '04', '05', '06', '07', '08'];seed=0;val_split=0.0;split=calibration_curve;train_runs=['01', '03', '05', '07'];test_run=08;metric=val_accuracy;baseline=ts_lr;tslr_tmin=0.5;tslr_tmax=2.0;tslr_use_csd=1;tslr_cov_est=lwf;notes_extra=experiment=calibration_curve;k=4;draw=0"
2026-08-15T01:12:16.770081,ts_lr,,1,500,0.62,"csp_components=6;runs=['01', '02', '03', '04', '05', '06', '07', '08'];seed=0;val_split=0.0;split=calibration_curve;train_runs=['01', '04', '05', '07'];test_run=08;metric=val_accuracy;baseline=ts_lr;tslr_tmin=0.5;tslr_tmax=2.0;tslr_use_csd=1;tslr_cov_est=lwf;notes_extra=experiment=calibration_curve;k=4;draw=1"
2026-08-15T09:53:35.000667,scratch,,1,195,0.5102040816326531,"csp_components=6;runs=['04', '05'];target_channels=16;seed=0;val_split=0.0;split=calibration_curve;train_runs=['04'];test_run=05;metric=val_accuracy;notes_extra=experiment=calibration_curve;k=1;draw=0"
2026-08-15T09:53:48.589344,scratch,,1,194,0.5154639175257731,"csp_components=6;runs=['03', '06'];target_channels=16;seed=0;val_split=0.0;split=calibration_curve;train_runs=['03'];test_run=06;metric=val_accuracy;notes_extra=experiment=calibration_curve;k=1;draw=1"
2026-08-15T09:55:02.503201,scratch,,1,191,0.5957446808510638,"csp_components=6;runs=['04', '08'];target_channels=16;seed=0;val_split=0.0;split=calibration_curve;train_runs=['04'];test_run=08;metric=val_accuracy;notes_extra=experiment=calibration_curve;k=1;draw=0"
2026-08-15T09:49:38.331350,scratch,,1,291,0.5979381443298969,"csp_components=6;runs=['01', '04', '06'];target_channels=16;seed=0;val_split=0.0;split=calibration_curve;train_runs=['01', '06'];test_run=04;metric=val_accuracy;notes_extra=experiment=calibration_curve;k=2;draw=0"
2026-08-15T09:52:17.740131,scratch,,1,292,0.5510204081632653,"csp_components=6;runs=['01', '04', '05'];target_channels=16;seed=0;val_split=0.0;split=calibration_curve;train_runs=['01', '04'];test_run=05;metric=val_accuracy;notes_extra=experiment=calibration_curve;k=2;draw=0"
2026-08-15T09:54:44.972337,scratch,,1,290,0.5555555555555556,"csp_components=6;runs=['01', '07', '08'];target_channels=16;seed=0;val_split=0.0;split=calibration_curve;train_runs=['01', '08'];test_run=07;metric=val_accuracy;notes_extra=experiment=calibration_curve;k=2;draw=0"
2026-08-15T09:54:43.050956,scratch,,1,290,0.5425531914893617,"csp_components=6;runs=['04', '07', '08'];target_channels=16;seed=0;val_split=0.0;split=calibration_curve;train_runs=['04', '07'];test_run=08;metric=val_accuracy;notes_extra=experiment=calibration_curve;k=2;draw=1"
2026-08-15T09:52:00.380207,scratch,,1,482,0.6391752577319587,"csp_components=6;runs=['01', '03', '04', '06', '08'];target_channels=16;seed=0;val_split=0.0;split=calibration_curve;train_runs=['01', '04', '06', '08'];test_run=03;metric=val_accuracy;notes_extra=experiment=calibration_curve;k=4;draw=0"
2026-08-15T09:52:00.235939,scratch,,1,482,0.6161616161616161,"csp_components=6;runs=['01', '02', '04', '07', '08'];target_channels=16;seed=0;val_split=0.0;split=calibration_curve;train_runs=['01', '02', '04', '08'];test_run=07;metric=val_accuracy;notes_extra=experiment=calibration_curve;k=4;draw=0"
2026-08-15T09:52:01.485945,scratch,,1,485,0.5851063829787234,"csp_components=6;runs=['01', '04', '05', '07', '08'];target_channels=16;seed=0;val_split=0.0;split=calibration_curve;train_runs=['01', '04', '05', '07'];test_run=08;metric=val_accuracy;notes_extra=experiment=calibration_curve;k=4;draw=1"
2026-08-15T10:04:15.601822,scratch,,1,774,0.5670103092783505,"csp_components=6;runs=['01', '02', '03', '04', '05', '06', '07', '08'];target_channels=16;seed=0;val_split=0.0;split=calibration_curve;train_runs=['02', '03', '04', '05', '06', '07', '08'];test_run=01;metric=val_accuracy;notes_extra=experiment=calibration_curve;k=7;draw=0"
2026-08-15T10:04:40.545740,scratch,,1,774,0.5894736842105263,"csp_components=6;runs=['01', '02', '03', '04', '05', '06', '07', '08'];target_channels=16;seed=0;val_split=0.0;split=calibration_curve;train_runs=['01', '03', '04', '05', '06', '07', '08'];test_run=02;metric=val_accuracy;notes_extra=experiment=calibration_curve;k=7;draw=0"
2026-08-15T10:09:45.115505,scratch,,1,774,0.6288659793814433,"csp_components=6;runs=['01', '02', '03', '04', '05', '06', '07', '08'];target_channels=16;seed=0;val_split=0.0;split=calibration_curve;train_runs=['01', '02', '04', '05', '06', '07', '08'];test_run=03;metric=val_accuracy;notes_extra=experiment=calibration_curve;k=7;draw=0"
2026-08-15T10:11:53.834898,scratch,,1,774,0.5876288659793815,"csp_components=6;runs=['01', '02', '03', '04', '05', '06', '07', '08'];target_channels=16;seed=0;val_split=0.0;split=calibration_curve;train_runs=['01', '02', '03', '05', '06', '07', '08'];test_run=04;metric=val_accuracy;notes_extra=experiment=calibration_curve;k=7;draw=0"
2026-08-15T10:17:03.620473,scratch,,1,774,0.5510204081632653,"csp_components=6;runs=['01', '02', '03', '04', '05', '06', '07', '08'];target_channels=16;seed=0;val_split=0.0;split=calibration_curve;train_runs=['01', '02', '03', '04', '06', '07', '08'];test_run=05;metric=val_accuracy;notes_extra=experiment=calibration_curve;k=7;draw=0"
2026-08-15T10:17:11.946523,scratch,,1,774,0.5670103092783505,"csp_components=6;runs=['01', '02', '03', '04', '05', '06', '07', '08'];target_channels=16;seed=0;val_split=0.0;split=calibration_curve;train_runs=['01', '02', '03', '04', '05', '07', '08'];test_run=06;metric=val_accuracy;notes_extra=experiment=calibration_curve;k=7;draw=0"
2026-08-15T10:24:32.005062,scratch,,1,774,0.6363636363636364,"csp_components=6;runs=['01', '02', '03', '04', '05', '06', '07', '08'];target_channels=16;seed=0;val_split=0.0;split=calibration_curve;train_runs=['01', '02', '03', '04', '05', '06', '08'];test_run=07;metric=val_accuracy;notes_extra=experiment=calibration_curve;k=7;draw=0"
2026-08-15T10:24:58.186027,scratch,,1,774,0.574468085106383,"csp_components=6;runs=['01', '02', '03', '04', '05', '06', '07', '08'];target_channels=16;seed=0;val_split=0.0;split=calibration_curve;train_runs=['01', '02', '03', '04', '05', '06', '07'];test_run=08;metric=val_accuracy;notes_extra=experiment=calibration_curve;k=7;draw=0"
2026-08-15T10:03:18.219242,transfer,/Users/connork/Desktop/Academic/eeg-motor-classification/legacy/model/models/base_model_90_subjects.pt,1,774,0.6494845360824743,"csp_components=6;runs=['01', '02', '03', '04', '05', '06', '07', '08'];target_channels=14;seed=0;val_split=0.0;split=calibration_curve;train_runs=['02', '03', '04', '05', '06', '07', '08'];test_run=01;metric=val_accuracy;notes_extra=experiment=calibration_curve;k=7;draw=0"
2026-08-15T10:03:17.033963,transfer,/Users/connork/Desktop/Academic/eeg-motor-classification/legacy/model/models/base_model_90_subjects.pt,1,774,0.6105263157894737,"csp_components=6;runs=['01', '02', '03', '04', '05', '06', '07', '08'];target_channels=14;seed=0;val_split=0.0;split=calibration_curve;train_runs=['01', '03', '04', '05', '06', '07', '08'];test_run=02;metric=val_accuracy;notes_extra=experiment=calibration_curve;k=7;draw=0"
2026-08-15T10:09:20.247244,transfer,/Users/connork/Desktop/Academic/eeg-motor-classification/legacy/model/models/base_model_90_subjects.pt,1,774,0.6597938144329897,"csp_components=6;runs=['01', '02', '03', '04', '05', '06', '07', '08'];target_channels=14;seed=0;val_split=0.0;split=calibration_curve;train_runs=['01', '02', '04', '05', '06', '07', '08'];test_run=03;metric=val_accuracy;notes_extra=experiment=calibration_curve;k=7;draw=0"
2026-08-15T10:10:58.487228,transfer,/Users/connork/Desktop/Academic/eeg-motor-classification/legacy/model/models/base_model_90_subjects.pt,1,774,0.4948453608247423,"csp_components=6;runs=['01', '02', '03', '04', '05', '06', '07', '08'];target_channels=14;seed=0;val_split=0.0;split=calibration_curve;train_runs=['01', '02', '03', '05', '06', '07', '08'];test_run=04;metric=val_accuracy;notes_extra=experiment=calibration_curve;k=7;draw=0"
2026-08-15T10:16:05.317093,transfer,/Users/connork/Desktop/Academic/eeg-motor-classification/legacy/model/models/base_model_90_subjects.pt,1,774,0.6326530612244898,"csp_components=6;runs=['01', '02', '03', '04', '05', '06', '07', '08'];target_channels=14;seed=0;val_split=0.0;split=calibration_curve;train_runs=['01', '02', '03', '04', '06', '07', '08'];test_run=05;metric=val_accuracy;notes_extra=experiment=calibration_curve;k=7;draw=0"
2026-08-15T10:18:14.280349,transfer,/Users/connork/Desktop/Academic/eeg-motor-classification/legacy/model/models/base_model_90_subjects.pt,1,774,0.6082474226804123,"csp_components=6;runs=['01', '02', '03', '04', '05', '06', '07', '08'];target_channels=14;seed=0;val_split=0.0;split=calibration_curve;train_runs=['01', '02', '03', '04', '05', '07', '08'];test_run=06;metric=val_accuracy;notes_extra=experiment=calibration_curve;k=7;draw=0"
2026-08-15T10:23:24.016206,transfer,/Users/connork/Desktop/Academic/eeg-motor-classification/legacy/model/models/base_model_90_subjects.pt,1,774,0.6363636363636364,"csp_components=6;runs=['01', '02', '03', '04', '05', '06', '07', '08'];target_channels=14;seed=0;val_split=0.0;split=calibration_curve;train_runs=['01', '02', '03', '04', '05', '06', '08'];test_run=07;metric=val_accuracy;notes_extra=experiment=calibration_curve;k=7;draw=0"
2026-08-15T10:24:31.981676,transfer,/Users/connork/Desktop/Academic/eeg-motor-classification/legacy/model/models/base_model_90_subjects.pt,1,774,0.6170212765957447,"csp_components=6;runs=['01', '02', '03', '04', '05', '06', '07', '08'];target_channels=14;seed=0;val_split=0.0;split=calibration_curve;train_runs=['01', '02', '03', '04', '05', '06', '07'];test_run=08;metric=val_accuracy;notes_extra=experiment=calibration_curve;k=7;draw=0"
2026-08-15T10:23:29.386257,ts_lr,,1,800,0.72,"csp_components=6;runs=['01', '02', '03', '04', '05', '06', '07', '08'];seed=0;val_split=0.0;split=calibration_curve;train_runs=['02', '03', '04', '05', '06', '07', '08'];test_run=01;metric=val_accuracy;baseline=ts_lr;tslr_tmin=0.5;tslr_tmax=2.0;tslr_use_csd=1;tslr_cov_est=lwf;notes_extra=experiment=calibration_curve;k=7;draw=0"
2026-08-15T10:23:33.796165,ts_lr,,1,800,0.63,"csp_components=6;runs=['01', '02', '03', '04', '05', '06', '07', '08'];seed=0;val_split=0.0;split=calibration_curve;train_runs=['01', '03', '04', '05', '06', '07', '08'];test_run=02;metric=val_accuracy;baseline=ts_lr;tslr_tmin=0.5;tslr_tmax=2.0;tslr_use_csd=1;tslr_cov_est=lwf;notes_extra=experiment=calibration_curve;k=7;draw=0"
2026-08-15T10:23:38.314912,ts_lr,,1,800,0.61,"csp_components=6;runs=['01', '02', '03', '04', '05', '06', '07', '08'];seed=0;val_split=0.0;split=calibration_curve;train_runs=['01', '02', '04', '05', '06', '07', '08'];test_run=03;metric=val_accuracy;baseline=ts_lr;tslr_tmin=0.5;tslr_tmax=2.0;tslr_use_csd=1;tslr_cov_est=lwf;notes_extra=experiment=calibration_curve;k=7;draw=0"
2026-08-15T10:23:42.752147,ts_lr,,1,800,0.54,"csp_components=6;runs=['01', '02', '03', '04', '05', '06', '07', '08'];seed=0;val_split=0.0;split=calibration_curve;train_runs=['01', '02', '03', '05', '06', '07', '08'];test_run=04;metric=val_accuracy;baseline=ts_lr;tslr_tmin=0.5;tslr_tmax=2.0;tslr_use_csd=1;tslr_cov_est=lwf;notes_extra=experiment=calibration_curve;k=7;draw=0"
2026-08-15T10:23:47.172499,ts_lr,,1,800,0.57,"csp_components=6;runs=['01', '02', '03', '04', '05', '06', '07', '08'];seed=0;val_split=0.0;split=calibration_curve;train_runs=['01', '02', '03', '04', '06', '07', '08'];test_run=05;metric=val_accuracy;baseline=ts_lr;tslr_tmin=0.5;tslr_tmax=2.0;tslr_use_csd=1;tslr_cov_est=lwf;notes_extra=experiment=calibration_curve;k=7;draw=0"
2026-08-15T10:23:51.604134,ts_lr,,1,800,0.48,"csp_components=6;runs=['01', '02', '03', '04', '05', '06', '07', '08'];seed=0;val_split=0.0;split=calibration_curve;train_runs=['01', '02', '03', '04', '05', '07', '08'];test_run=06;metric=val_accuracy;baseline=ts_lr;tslr_tmin=0.5;tslr_tmax=2.0;tslr_use_csd=1;tslr_cov_est=lwf;notes_extra=experiment=calibration_curve;k=7;draw=0"
2026-08-15T10:23:56.027667,ts_lr,,1,800,0.63,"csp_components=6;runs=['01', '02', '03', '04', '05', '06', '07', '08'];seed=0;val_split=0.0;split=calibration_curve;train_runs=['01', '02', '03', '04', '05', '06', '08'];test_run=07;metric=val_accuracy;baseline=ts_lr;tslr_tmin=0.5;tslr_tmax=2.0;tslr_use_csd=1;tslr_cov_est=lwf;notes_extra=experiment=calibration_curve;k=7;draw=0"
2026-08-15T10:24:00.446145,ts_lr,,1,800,0.74,"csp_components=6;runs=['01', '02', '03', '04', '05', '06', '07', '08'];seed=0;val_split=0.0;split=calibration_curve;train_runs=['01', '02', '03', '04', '05', '06', '07'];test_run=08;metric=val_accuracy;baseline=ts_lr;tslr_tmin=0.5;tslr_tmax=2.0;tslr_use_csd=1;tslr_cov_est=lwf;notes_extra=experiment=calibration_curve;k=7;draw=0"
2026-08-16T00:02:46.016284,scratch,,1,189,0.574468085106383,"csp_components=6;runs=['01', '02'];target_channels=16;seed=0;val_split=0.2;filter=fir;split=calibration_curve_v2;train_runs=['02'];test_run=01;metric=test_accuracy;notes_extra=experiment=calibration_curve_v2;k=1;draw=0;recipe=dec;tag=scratch_dec_fir_k1_test01_d0_s0"
2026-08-16T00:02:48.603831,scratch,,1,189,0.574468085106383,"csp_components=6;runs=['01', '02'];target_channels=16;seed=1;val_split=0.2;filter=fir;split=calibration_curve_v2;train_runs=['02'];test_run=01;metric=test_accuracy;notes_extra=experiment=calibration_curve_v2;k=1;draw=0;recipe=dec;tag=scratch_dec_fir_k1_test01_d0_s1"
2026-08-16T00:02:53.372758,scratch,,1,189,0.5425531914893617,"csp_components=6;runs=['01', '02'];target_channels=16;seed=2;val_split=0.2;filter=fir;split=calibration_curve_v2;train_runs=['02'];test_run=01;metric=test_accuracy;notes_extra=experiment=calibration_curve_v2;k=1;draw=0;recipe=dec;tag=scratch_dec_fir_k1_test01_d0_s2"
2026-08-16T00:03:04.160310,scratch,,1,189,0.4787234042553192,"csp_components=6;runs=['01', '08'];target_channels=16;seed=0;val_split=0.2;filter=fir;split=calibration_curve_v2;train_runs=['08'];test_run=01;metric=test_accuracy;notes_extra=experiment=calibration_curve_v2;k=1;draw=1;recipe=dec;tag=scratch_dec_fir_k1_test01_d1_s0"
2026-08-16T00:03:07.677144,scratch,,1,189,0.4893617021276595,"csp_components=6;runs=['01', '08'];target_channels=16;seed=1;val_split=0.2;filter=fir;split=calibration_curve_v2;train_runs=['08'];test_run=01;metric=test_accuracy;notes_extra=experiment=calibration_curve_v2;k=1;draw=1;recipe=dec;tag=scratch_dec_fir_k1_test01_d1_s1"
2026-08-16T00:03:10.153437,scratch,,1,189,0.5212765957446809,"csp_components=6;runs=['01', '08'];target_channels=16;seed=2;val_split=0.2;filter=fir;split=calibration_curve_v2;train_runs=['08'];test_run=01;metric=test_accuracy;notes_extra=experiment=calibration_curve_v2;k=1;draw=1;recipe=dec;tag=scratch_dec_fir_k1_test01_d1_s2"
2026-08-16T00:03:20.722086,scratch,,1,193,0.4842105263157895,"csp_components=6;runs=['02', '05'];target_channels=16;seed=0;val_split=0.2;filter=fir;split=calibration_curve_v2;train_runs=['05'];test_run=02;metric=test_accuracy;notes_extra=experiment=calibration_curve_v2;k=1;draw=0;recipe=dec;tag=scratch_dec_fir_k1_test02_d0_s0"
2026-08-16T00:03:22.927923,scratch,,1,193,0.4421052631578947,"csp_components=6;runs=['02', '05'];target_channels=16;seed=1;val_split=0.2;filter=fir;split=calibration_curve_v2;train_runs=['05'];test_run=02;metric=test_accuracy;notes_extra=experiment=calibration_curve_v2;k=1;draw=0;recipe=dec;tag=scratch_dec_fir_k1_test02_d0_s1"
2026-08-16T00:03:26.128070,scratch,,1,193,0.5052631578947369,"csp_components=6;runs=['02', '05'];target_channels=16;seed=2;val_split=0.2;filter=fir;split=calibration_curve_v2;train_runs=['05'];test_run=02;metric=test_accuracy;notes_extra=experiment=calibration_curve_v2;k=1;draw=0;recipe=dec;tag=scratch_dec_fir_k1_test02_d0_s2"
2026-08-16T00:03:37.617225,scratch,,1,193,0.5052631578947369,"csp_components=6;runs=['02', '06'];target_channels=16;seed=0;val_split=0.2;filter=fir;split=calibration_curve_v2;train_runs=['06'];test_run=02;metric=test_accuracy;notes_extra=experiment=calibration_curve_v2;k=1;draw=1;recipe=dec;tag=scratch_dec_fir_k1_test02_d1_s0"
2026-08-16T00:03:38.749870,scratch,,1,193,0.5157894736842106,"csp_components=6;runs=['02', '06'];target_channels=16;seed=1;val_split=0.2;filter=fir;split=calibration_curve_v2;train_runs=['06'];test_run=02;metric=test_accuracy;notes_extra=experiment=calibration_curve_v2;k=1;draw=1;recipe=dec;tag=scratch_dec_fir_k1_test02_d1_s1"
2026-08-16T00:03:42.836823,scratch,,1,193,0.5157894736842106,"csp_components=6;runs=['02', '06'];target_channels=16;seed=2;val_split=0.2;filter=fir;split=calibration_curve_v2;train_runs=['06'];test_run=02;metric=test_accuracy;notes_extra=experiment=calibration_curve_v2;k=1;draw=1;recipe=dec;tag=scratch_dec_fir_k1_test02_d1_s2"
2026-08-16T00:03:56.786168,scratch,,1,195,0.4536082474226804,"csp_components=6;runs=['03', '05'];target_channels=16;seed=0;val_split=0.2;filter=fir;split=calibration_curve_v2;train_runs=['05'];test_run=03;metric=test_accuracy;notes_extra=experiment=calibration_curve_v2;k=1;draw=0;recipe=dec;tag=scratch_dec_fir_k1_test03_d0_s0"
2026-08-16T00:03:59.184008,scratch,,1,195,0.5051546391752577,"csp_components=6;runs=['03', '05'];target_channels=16;seed=1;val_split=0.2;filter=fir;split=calibration_curve_v2;train_runs=['05'];test_run=03;metric=test_accuracy;notes_extra=experiment=calibration_curve_v2;k=1;draw=0;recipe=dec;tag=scratch_dec_fir_k1_test03_d0_s1"
2026-08-16T00:03:58.511376,scratch,,1,195,0.5051546391752577,"csp_components=6;runs=['03', '05'];target_channels=16;seed=2;val_split=0.2;filter=fir;split=calibration_curve_v2;train_runs=['05'];test_run=03;metric=test_accuracy;notes_extra=experiment=calibration_curve_v2;k=1;draw=0;recipe=dec;tag=scratch_dec_fir_k1_test03_d0_s2"
2026-08-16T00:04:13.511063,scratch,,1,195,0.4845360824742268,"csp_components=6;runs=['03', '06'];target_channels=16;seed=0;val_split=0.2;filter=fir;split=calibration_curve_v2;train_runs=['06'];test_run=03;metric=test_accuracy;notes_extra=experiment=calibration_curve_v2;k=1;draw=1;recipe=dec;tag=scratch_dec_fir_k1_test03_d1_s0"
2026-08-16T00:04:12.834943,scratch,,1,195,0.4948453608247423,"csp_components=6;runs=['03', '06'];target_channels=16;seed=1;val_split=0.2;filter=fir;split=calibration_curve_v2;train_runs=['06'];test_run=03;metric=test_accuracy;notes_extra=experiment=calibration_curve_v2;k=1;draw=1;recipe=dec;tag=scratch_dec_fir_k1_test03_d1_s1"
2026-08-16T00:04:15.962561,scratch,,1,195,0.4948453608247423,"csp_components=6;runs=['03', '06'];target_channels=16;seed=2;val_split=0.2;filter=fir;split=calibration_curve_v2;train_runs=['06'];test_run=03;metric=test_accuracy;notes_extra=experiment=calibration_curve_v2;k=1;draw=1;recipe=dec;tag=scratch_dec_fir_k1_test03_d1_s2"
2026-08-16T00:04:29.237698,scratch,,1,191,0.5154639175257731,"csp_components=6;runs=['01', '04'];target_channels=16;seed=0;val_split=0.2;filter=fir;split=calibration_curve_v2;train_runs=['01'];test_run=04;metric=test_accuracy;notes_extra=experiment=calibration_curve_v2;k=1;draw=0;recipe=dec;tag=scratch_dec_fir_k1_test04_d0_s0"
2026-08-16T00:04:31.223418,scratch,,1,191,0.4948453608247423,"csp_components=6;runs=['01', '04'];target_channels=16;seed=1;val_split=0.2;filter=fir;split=calibration_curve_v2;train_runs=['01'];test_run=04;metric=test_accuracy;notes_extra=experiment=calibration_curve_v2;k=1;draw=0;recipe=dec;tag=scratch_dec_fir_k1_test04_d0_s1"
2026-08-16T00:04:35.336190,scratch,,1,191,0.4948453608247423,"csp_components=6;runs=['01', '04'];target_channels=16;seed=2;val_split=0.2;filter=fir;split=calibration_curve_v2;train_runs=['01'];test_run=04;metric=test_accuracy;notes_extra=experiment=calibration_curve_v2;k=1;draw=0;recipe=dec;tag=scratch_dec_fir_k1_test04_d0_s2"
2026-08-16T00:04:47.569988,scratch,,1,195,0.4020618556701031,"csp_components=6;runs=['04', '05'];target_channels=16;seed=0;val_split=0.2;filter=fir;split=calibration_curve_v2;train_runs=['05'];test_run=04;metric=test_accuracy;notes_extra=experiment=calibration_curve_v2;k=1;draw=1;recipe=dec;tag=scratch_dec_fir_k1_test04_d1_s0"
2026-08-16T00:04:51.886977,scratch,,1,195,0.4123711340206185,"csp_components=6;runs=['04', '05'];target_channels=16;seed=1;val_split=0.2;filter=fir;split=calibration_curve_v2;train_runs=['05'];test_run=04;metric=test_accuracy;notes_extra=experiment=calibration_curve_v2;k=1;draw=1;recipe=dec;tag=scratch_dec_fir_k1_test04_d1_s1"
2026-08-16T00:04:53.340151,scratch,,1,195,0.5257731958762887,"csp_components=6;runs=['04', '05'];target_channels=16;seed=2;val_split=0.2;filter=fir;split=calibration_curve_v2;train_runs=['05'];test_run=04;metric=test_accuracy;notes_extra=experiment=calibration_curve_v2;k=1;draw=1;recipe=dec;tag=scratch_dec_fir_k1_test04_d1_s2"
2026-08-16T00:05:05.729478,scratch,,1,195,0.4795918367346938,"csp_components=6;runs=['04', '05'];target_channels=16;seed=0;val_split=0.2;filter=fir;split=calibration_curve_v2;train_runs=['04'];test_run=05;metric=test_accuracy;notes_extra=experiment=calibration_curve_v2;k=1;draw=0;recipe=dec;tag=scratch_dec_fir_k1_test05_d0_s0"
2026-08-16T00:05:08.195549,scratch,,1,195,0.4693877551020408,"csp_components=6;runs=['04', '05'];target_channels=16;seed=1;val_split=0.2;filter=fir;split=calibration_curve_v2;train_runs=['04'];test_run=05;metric=test_accuracy;notes_extra=experiment=calibration_curve_v2;k=1;draw=0;recipe=dec;tag=scratch_dec_fir_k1_test05_d0_s1"
2026-08-16T00:05:12.391954,scratch,,1,195,0.5204081632653061,"csp_components=6;runs=['04', '05'];target_channels=16;seed=2;val_split=0.2;filter=fir;split=calibration_curve_v2;train_runs=['04'];test_run=05;metric=test_accuracy;notes_extra=experiment=calibration_curve_v2;k=1;draw=0;recipe=dec;tag=scratch_dec_fir_k1_test05_d0_s2"
2026-08-16T00:05:24.113619,scratch,,1,193,0.5918367346938775,"csp_components=6;runs=['05', '08'];target_channels=16;seed=0;val_split=0.2;filter=fir;split=calibration_curve_v2;train_runs=['08'];test_run=05;metric=test_accuracy;notes_extra=experiment=calibration_curve_v2;k=1;draw=1;recipe=dec;tag=scratch_dec_fir_k1_test05_d1_s0"
2026-08-16T00:05:24.880456,scratch,,1,193,0.5204081632653061,"csp_components=6;runs=['05', '08'];target_channels=16;seed=1;val_split=0.2;filter=fir;split=calibration_curve_v2;train_runs=['08'];test_run=05;metric=test_accuracy;notes_extra=experiment=calibration_curve_v2;k=1;draw=1;recipe=dec;tag=scratch_dec_fir_k1_test05_d1_s1"
2026-08-16T00:05:31.240280,scratch,,1,193,0.4897959183673469,"csp_components=6;runs=['05', '08'];target_channels=16;seed=2;val_split=0.2;filter=fir;split=calibration_curve_v2;train_runs=['08'];test_run=05;metric=test_accuracy;notes_extra=experiment=calibration_curve_v2;k=1;draw=1;recipe=dec;tag=scratch_dec_fir_k1_test05_d1_s2"
2026-08-16T00:05:40.994717,scratch,,1,192,0.4897959183673469,"csp_components=6;runs=['01', '06'];target_channels=16;seed=0;val_split=0.2;filter=fir;split=calibration_curve_v2;train_runs=['01'];test_run=06;metric=test_accuracy;notes_extra=experiment=calibration_curve_v2;k=1;draw=0;recipe=dec;tag=scratch_dec_fir_k1_test06_d0_s0"
2026-08-16T00:05:43.416087,scratch,,1,192,0.5204081632653061,"csp_components=6;runs=['01', '06'];target_channels=16;seed=1;val_split=0.2;filter=fir;split=calibration_curve_v2;train_runs=['01'];test_run=06;metric=test_accuracy;notes_extra=experiment=calibration_curve_v2;k=1;draw=0;recipe=dec;tag=scratch_dec_fir_k1_test06_d0_s1"
2026-08-16T00:05:45.326678,scratch,,1,192,0.4897959183673469,"csp_components=6;runs=['01', '06'];target_channels=16;seed=2;val_split=0.2;filter=fir;split=calibration_curve_v2;train_runs=['01'];test_run=06;metric=test_accuracy;notes_extra=experiment=calibration_curve_v2;k=1;draw=0;recipe=dec;tag=scratch_dec_fir_k1_test06_d0_s2"
2026-08-16T00:05:58.958917,scratch,,1,195,0.5612244897959183,"csp_components=6;runs=['03', '06'];target_channels=16;seed=0;val_split=0.2;filter=fir;split=calibration_curve_v2;train_runs=['03'];test_run=06;metric=test_accuracy;notes_extra=experiment=calibration_curve_v2;k=1;draw=1;recipe=dec;tag=scratch_dec_fir_k1_test06_d1_s0"
2026-08-16T00:06:01.576397,scratch,,1,195,0.6020408163265306,"csp_components=6;runs=['03', '06'];target_channels=16;seed=1;val_split=0.2;filter=fir;split=calibration_curve_v2;train_runs=['03'];test_run=06;metric=test_accuracy;notes_extra=experiment=calibration_curve_v2;k=1;draw=1;recipe=dec;tag=scratch_dec_fir_k1_test06_d1_s1"
2026-08-16T00:06:04.038355,scratch,,1,195,0.5714285714285714,"csp_components=6;runs=['03', '06'];target_channels=16;seed=2;val_split=0.2;filter=fir;split=calibration_curve_v2;train_runs=['03'];test_run=06;metric=test_accuracy;notes_extra=experiment=calibration_curve_v2;k=1;draw=1;recipe=dec;tag=scratch_dec_fir_k1_test06_d1_s2"
2026-08-16T00:06:14.422755,scratch,,1,193,0.5555555555555556,"csp_components=6;runs=['01', '07'];target_channels=16;seed=0;val_split=0.2;filter=fir;split=calibration_curve_v2;train_runs=['01'];test_run=07;metric=test_accuracy;notes_extra=experiment=calibration_curve_v2;k=1;draw=0;recipe=dec;tag=scratch_dec_fir_k1_test07_d0_s0"
2026-08-16T00:06:17.007381,scratch,,1,193,0.494949494949495,"csp_components=6;runs=['01', '07'];target_channels=16;seed=1;val_split=0.2;filter=fir;split=calibration_curve_v2;train_runs=['01'];test_run=07;metric=test_accuracy;notes_extra=experiment=calibration_curve_v2;k=1;draw=0;recipe=dec;tag=scratch_dec_fir_k1_test07_d0_s1"
2026-08-16T00:06:20.796562,scratch,,1,193,0.494949494949495,"csp_components=6;runs=['01', '07'];target_channels=16;seed=2;val_split=0.2;filter=fir;split=calibration_curve_v2;train_runs=['01'];test_run=07;metric=test_accuracy;notes_extra=experiment=calibration_curve_v2;k=1;draw=0;recipe=dec;tag=scratch_dec_fir_k1_test07_d0_s2"
2026-08-16T00:06:34.235635,scratch,,1,194,0.5252525252525253,"csp_components=6;runs=['07', '08'];target_channels=16;seed=0;val_split=0.2;filter=fir;split=calibration_curve_v2;train_runs=['08'];test_run=07;metric=test_accuracy;notes_extra=experiment=calibration_curve_v2;k=1;draw=1;recipe=dec;tag=scratch_dec_fir_k1_test07_d1_s0"
2026-08-16T00:06:36.838797,scratch,,1,194,0.5050505050505051,"csp_components=6;runs=['07', '08'];target_channels=16;seed=1;val_split=0.2;filter=fir;split=calibration_curve_v2;train_runs=['08'];test_run=07;metric=test_accuracy;notes_extra=experiment=calibration_curve_v2;k=1;draw=1;recipe=dec;tag=scratch_dec_fir_k1_test07_d1_s1"
2026-08-16T00:06:41.416782,scratch,,1,194,0.5050505050505051,"csp_components=6;runs=['07', '08'];target_channels=16;seed=2;val_split=0.2;filter=fir;split=calibration_curve_v2;train_runs=['08'];test_run=07;metric=test_accuracy;notes_extra=experiment=calibration_curve_v2;k=1;draw=1;recipe=dec;tag=scratch_dec_fir_k1_test07_d1_s2"
2026-08-16T00:06:48.496058,scratch,,1,192,0.4736842105263157,"csp_components=6;runs=['04', '08'];target_channels=16;seed=0;val_split=0.2;filter=fir;split=calibration_curve_v2;train_runs=['04'];test_run=08;metric=test_accuracy;notes_extra=experiment=calibration_curve_v2;k=1;draw=0;recipe=dec;tag=scratch_dec_fir_k1_test08_d0_s0"
2026-08-16T00:06:52.980209,scratch,,1,192,0.4526315789473684,"csp_components=6;runs=['04', '08'];target_channels=16;seed=1;val_split=0.2;filter=fir;split=calibration_curve_v2;train_runs=['04'];test_run=08;metric=test_accuracy;notes_extra=experiment=calibration_curve_v2;k=1;draw=0;recipe=dec;tag=scratch_dec_fir_k1_test08_d0_s1"
2026-08-16T00:06:55.910612,scratch,,1,192,0.4210526315789473,"csp_components=6;runs=['04', '08'];target_channels=16;seed=2;val_split=0.2;filter=fir;split=calibration_curve_v2;train_runs=['04'];test_run=08;metric=test_accuracy;notes_extra=experiment=calibration_curve_v2;k=1;draw=0;recipe=dec;tag=scratch_dec_fir_k1_test08_d0_s2"
2026-08-16T00:07:06.845022,scratch,,1,193,0.4947368421052631,"csp_components=6;runs=['05', '08'];target_channels=16;seed=0;val_split=0.2;filter=fir;split=calibration_curve_v2;train_runs=['05'];test_run=08;metric=test_accuracy;notes_extra=experiment=calibration_curve_v2;k=1;draw=1;recipe=dec;tag=scratch_dec_fir_k1_test08_d1_s0"
2026-08-16T00:07:09.985307,scratch,,1,193,0.5684210526315789,"csp_components=6;runs=['05', '08'];target_channels=16;seed=1;val_split=0.2;filter=fir;split=calibration_curve_v2;train_runs=['05'];test_run=08;metric=test_accuracy;notes_extra=experiment=calibration_curve_v2;k=1;draw=1;recipe=dec;tag=scratch_dec_fir_k1_test08_d1_s1"
2026-08-16T00:07:10.864178,scratch,,1,193,0.5263157894736842,"csp_components=6;runs=['05', '08'];target_channels=16;seed=2;val_split=0.2;filter=fir;split=calibration_curve_v2;train_runs=['05'];test_run=08;metric=test_accuracy;notes_extra=experiment=calibration_curve_v2;k=1;draw=1;recipe=dec;tag=scratch_dec_fir_k1_test08_d1_s2"
2026-08-15T23:56:00.100191,scratch,,1,286,0.4468085106382978,"csp_components=6;runs=['01', '02', '04'];target_channels=16;seed=0;val_split=0.2;filter=fir;split=calibration_curve_v2;train_runs=['02', '04'];test_run=01;metric=test_accuracy;notes_extra=experiment=calibration_curve_v2;k=2;draw=0;recipe=dec;tag=scratch_dec_fir_k2_test01_d0_s0"
2026-08-15T23:56:04.073793,scratch,,1,286,0.5851063829787234,"csp_components=6;runs=['01', '02', '04'];target_channels=16;seed=1;val_split=0.2;filter=fir;split=calibration_curve_v2;train_runs=['02', '04'];test_run=01;metric=test_accuracy;notes_extra=experiment=calibration_curve_v2;k=2;draw=0;recipe=dec;tag=scratch_dec_fir_k2_test01_d0_s1"
2026-08-15T23:56:17.145689,scratch,,1,286,0.4787234042553192,"csp_components=6;runs=['01', '02', '04'];target_channels=16;seed=2;val_split=0.2;filter=fir;split=calibration_curve_v2;train_runs=['02', '04'];test_run=01;metric=test_accuracy;notes_extra=experiment=calibration_curve_v2;k=2;draw=0;recipe=dec;tag=scratch_dec_fir_k2_test01_d0_s2"
2026-08-15T23:56:30.662423,scratch,,1,287,0.574468085106383,"csp_components=6;runs=['01', '02', '06'];target_channels=16;seed=0;val_split=0.2;filter=fir;split=calibration_curve_v2;train_runs=['02', '06'];test_run=01;metric=test_accuracy;notes_extra=experiment=calibration_curve_v2;k=2;draw=1;recipe=dec;tag=scratch_dec_fir_k2_test01_d1_s0"
2026-08-15T23:56:37.040058,scratch,,1,287,0.5212765957446809,"csp_components=6;runs=['01', '02', '06'];target_channels=16;seed=1;val_split=0.2;filter=fir;split=calibration_curve_v2;train_runs=['02', '06'];test_run=01;metric=test_accuracy;notes_extra=experiment=calibration_curve_v2;k=2;draw=1;recipe=dec;tag=scratch_dec_fir_k2_test01_d1_s1"
2026-08-15T23:56:37.764580,scratch,,1,287,0.5212765957446809,"csp_components=6;runs=['01', '02', '06'];target_channels=16;seed=2;val_split=0.2;filter=fir;split=calibration_curve_v2;train_runs=['02', '06'];test_run=01;metric=test_accuracy;notes_extra=experiment=calibration_curve_v2;k=2;draw=1;recipe=dec;tag=scratch_dec_fir_k2_test01_d1_s2"
2026-08-15T23:56:54.050988,scratch,,1,288,0.5368421052631579,"csp_components=6;runs=['01', '02', '07'];target_channels=16;seed=0;val_split=0.2;filter=fir;split=calibration_curve_v2;train_runs=['01', '07'];test_run=02;metric=test_accuracy;notes_extra=experiment=calibration_curve_v2;k=2;draw=0;recipe=dec;tag=scratch_dec_fir_k2_test02_d0_s0"
2026-08-15T23:57:02.715878,scratch,,1,288,0.5578947368421052,"csp_components=6;runs=['01', '02', '07'];target_channels=16;seed=1;val_split=0.2;filter=fir;split=calibration_curve_v2;train_runs=['01', '07'];test_run=02;metric=test_accuracy;notes_extra=experiment=calibration_curve_v2;k=2;draw=0;recipe=dec;tag=scratch_dec_fir_k2_test02_d0_s1"
2026-08-15T23:57:03.975058,scratch,,1,288,0.5052631578947369,"csp_components=6;runs=['01', '02', '07'];target_channels=16;seed=2;val_split=0.2;filter=fir;split=calibration_curve_v2;train_runs=['01', '07'];test_run=02;metric=test_accuracy;notes_extra=experiment=calibration_curve_v2;k=2;draw=0;recipe=dec;tag=scratch_dec_fir_k2_test02_d0_s2"
2026-08-15T23:57:25.397765,scratch,,1,290,0.5157894736842106,"csp_components=6;runs=['02', '04', '06'];target_channels=16;seed=0;val_split=0.2;filter=fir;split=calibration_curve_v2;train_runs=['04', '06'];test_run=02;metric=test_accuracy;notes_extra=experiment=calibration_curve_v2;k=2;draw=1;recipe=dec;tag=scratch_dec_fir_k2_test02_d1_s0"
2026-08-15T23:57:25.815280,scratch,,1,290,0.5157894736842106,"csp_components=6;runs=['02', '04', '06'];target_channels=16;seed=1;val_split=0.2;filter=fir;split=calibration_curve_v2;train_runs=['04', '06'];test_run=02;metric=test_accuracy;notes_extra=experiment=calibration_curve_v2;k=2;draw=1;recipe=dec;tag=scratch_dec_fir_k2_test02_d1_s1"
2026-08-15T23:57:28.855935,scratch,,1,290,0.4947368421052631,"csp_components=6;runs=['02', '04', '06'];target_channels=16;seed=2;val_split=0.2;filter=fir;split=calibration_curve_v2;train_runs=['04', '06'];test_run=02;metric=test_accuracy;notes_extra=experiment=calibration_curve_v2;k=2;draw=1;recipe=dec;tag=scratch_dec_fir_k2_test02_d1_s2"
2026-08-15T23:57:49.818324,scratch,,1,290,0.5463917525773195,"csp_components=6;runs=['01', '03', '07'];target_channels=16;seed=0;val_split=0.2;filter=fir;split=calibration_curve_v2;train_runs=['01', '07'];test_run=03;metric=test_accuracy;notes_extra=experiment=calibration_curve_v2;k=2;draw=0;recipe=dec;tag=scratch_dec_fir_k2_test03_d0_s0"
2026-08-15T23:57:51.554049,scratch,,1,290,0.5257731958762887,"csp_components=6;runs=['01', '03', '07'];target_channels=16;seed=1;val_split=0.2;filter=fir;split=calibration_curve_v2;train_runs=['01', '07'];test_run=03;metric=test_accuracy;notes_extra=experiment=calibration_curve_v2;k=2;draw=0;recipe=dec;tag=scratch_dec_fir_k2_test03_d0_s1"
2026-08-15T23:57:53.910668,scratch,,1,290,0.5463917525773195,"csp_components=6;runs=['01', '03', '07'];target_channels=16;seed=2;val_split=0.2;filter=fir;split=calibration_curve_v2;train_runs=['01', '07'];test_run=03;metric=test_accuracy;notes_extra=experiment=calibration_curve_v2;k=2;draw=0;recipe=dec;tag=scratch_dec_fir_k2_test03_d0_s2"
2026-08-15T23:58:12.548901,scratch,,1,294,0.4639175257731959,"csp_components=6;runs=['03', '06', '07'];target_channels=16;seed=0;val_split=0.2;filter=fir;split=calibration_curve_v2;train_runs=['06', '07'];test_run=03;metric=test_accuracy;notes_extra=experiment=calibration_curve_v2;k=2;draw=1;recipe=dec;tag=scratch_dec_fir_k2_test03_d1_s0"
2026-08-15T23:58:14.341310,scratch,,1,294,0.5773195876288659,"csp_components=6;runs=['03', '06', '07'];target_channels=16;seed=1;val_split=0.2;filter=fir;split=calibration_curve_v2;train_runs=['06', '07'];test_run=03;metric=test_accuracy;notes_extra=experiment=calibration_curve_v2;k=2;draw=1;recipe=dec;tag=scratch_dec_fir_k2_test03_d1_s1"
2026-08-15T23:58:18.625612,scratch,,1,294,0.5670103092783505,"csp_components=6;runs=['03', '06', '07'];target_channels=16;seed=2;val_split=0.2;filter=fir;split=calibration_curve_v2;train_runs=['06', '07'];test_run=03;metric=test_accuracy;notes_extra=experiment=calibration_curve_v2;k=2;draw=1;recipe=dec;tag=scratch_dec_fir_k2_test03_d1_s2"
2026-08-15T23:58:33.948752,scratch,,1,289,0.5257731958762887,"csp_components=6;runs=['01', '04', '06'];target_channels=16;seed=0;val_split=0.2;filter=fir;split=calibration_curve_v2;train_runs=['01', '06'];test_run=04;metric=test_accuracy;notes_extra=experiment=calibration_curve_v2;k=2;draw=0;recipe=dec;tag=scratch_dec_fir_k2_test04_d0_s0"
2026-08-15T23:58:40.763957,scratch,,1,289,0.5051546391752577,"csp_components=6;runs=['01', '04', '06'];target_channels=16;seed=1;val_split=0.2;filter=fir;split=calibration_curve_v2;train_runs=['01', '06'];test_run=04;metric=test_accuracy;notes_extra=experiment=calibration_curve_v2;k=2;draw=0;recipe=dec;tag=scratch_dec_fir_k2_test04_d0_s1"
2026-08-15T23:58:50.488726,scratch,,1,289,0.5051546391752577,"csp_components=6;runs=['01', '04', '06'];target_channels=16;seed=2;val_split=0.2;filter=fir;split=calibration_curve_v2;train_runs=['01', '06'];test_run=04;metric=test_accuracy;notes_extra=experiment=calibration_curve_v2;k=2;draw=0;recipe=dec;tag=scratch_dec_fir_k2_test04_d0_s2"
2026-08-15T23:59:04.836161,scratch,,1,290,0.4639175257731959,"csp_components=6;runs=['04', '06', '08'];target_channels=16;seed=0;val_split=0.2;filter=fir;split=calibration_curve_v2;train_runs=['06', '08'];test_run=04;metric=test_accuracy;notes_extra=experiment=calibration_curve_v2;k=2;draw=1;recipe=dec;tag=scratch_dec_fir_k2_test04_d1_s0"
2026-08-15T23:59:07.681618,scratch,,1,290,0.4948453608247423,"csp_components=6;runs=['04', '06', '08'];target_channels=16;seed=1;val_split=0.2;filter=fir;split=calibration_curve_v2;train_runs=['06', '08'];test_run=04;metric=test_accuracy;notes_extra=experiment=calibration_curve_v2;k=2;draw=1;recipe=dec;tag=scratch_dec_fir_k2_test04_d1_s1"
2026-08-15T23:59:11.459252,scratch,,1,290,0.4742268041237113,"csp_components=6;runs=['04', '06', '08'];target_channels=16;seed=2;val_split=0.2;filter=fir;split=calibration_curve_v2;train_runs=['06', '08'];test_run=04;metric=test_accuracy;notes_extra=experiment=calibration_curve_v2;k=2;draw=1;recipe=dec;tag=scratch_dec_fir_k2_test04_d1_s2"
2026-08-15T23:59:27.856173,scratch,,1,289,0.5510204081632653,"csp_components=6;runs=['01', '04', '05'];target_channels=16;seed=0;val_split=0.2;filter=fir;split=calibration_curve_v2;train_runs=['01', '04'];test_run=05;metric=test_accuracy;notes_extra=experiment=calibration_curve_v2;k=2;draw=0;recipe=dec;tag=scratch_dec_fir_k2_test05_d0_s0"
2026-08-15T23:59:30.955155,scratch,,1,289,0.5306122448979592,"csp_components=6;runs=['01', '04', '05'];target_channels=16;seed=1;val_split=0.2;filter=fir;split=calibration_curve_v2;train_runs=['01', '04'];test_run=05;metric=test_accuracy;notes_extra=experiment=calibration_curve_v2;k=2;draw=0;recipe=dec;tag=scratch_dec_fir_k2_test05_d0_s1"
2026-08-15T23:59:34.632462,scratch,,1,289,0.5612244897959183,"csp_components=6;runs=['01', '04', '05'];target_channels=16;seed=2;val_split=0.2;filter=fir;split=calibration_curve_v2;train_runs=['01', '04'];test_run=05;metric=test_accuracy;notes_extra=experiment=calibration_curve_v2;k=2;draw=0;recipe=dec;tag=scratch_dec_fir_k2_test05_d0_s2"
2026-08-15T23:59:53.896646,scratch,,1,290,0.4183673469387755,"csp_components=6;runs=['02', '04', '05'];target_channels=16;seed=0;val_split=0.2;filter=fir;split=calibration_curve_v2;train_runs=['02', '04'];test_run=05;metric=test_accuracy;notes_extra=experiment=calibration_curve_v2;k=2;draw=1;recipe=dec;tag=scratch_dec_fir_k2_test05_d1_s0"
2026-08-15T23:59:55.888174,scratch,,1,290,0.4795918367346938,"csp_components=6;runs=['02', '04', '05'];target_channels=16;seed=1;val_split=0.2;filter=fir;split=calibration_curve_v2;train_runs=['02', '04'];test_run=05;metric=test_accuracy;notes_extra=experiment=calibration_curve_v2;k=2;draw=1;recipe=dec;tag=scratch_dec_fir_k2_test05_d1_s1"
2026-08-16T00:00:01.906606,scratch,,1,290,0.5408163265306123,"csp_components=6;runs=['02', '04', '05'];target_channels=16;seed=2;val_split=0.2;filter=fir;split=calibration_curve_v2;train_runs=['02', '04'];test_run=05;metric=test_accuracy;notes_extra=experiment=calibration_curve_v2;k=2;draw=1;recipe=dec;tag=scratch_dec_fir_k2_test05_d1_s2"
2026-08-16T00:00:19.439787,scratch,,1,291,0.4795918367346938,"csp_components=6;runs=['01', '06', '07'];target_channels=16;seed=0;val_split=0.2;filter=fir;split=calibration_curve_v2;train_runs=['01', '07'];test_run=06;metric=test_accuracy;notes_extra=experiment=calibration_curve_v2;k=2;draw=0;recipe=dec;tag=scratch_dec_fir_k2_test06_d0_s0"
2026-08-16T00:00:25.062206,scratch,,1,291,0.6224489795918368,"csp_components=6;runs=['01', '06', '07'];target_channels=16;seed=1;val_split=0.2;filter=fir;split=calibration_curve_v2;train_runs=['01', '07'];test_run=06;metric=test_accuracy;notes_extra=experiment=calibration_curve_v2;k=2;draw=0;recipe=dec;tag=scratch_dec_fir_k2_test06_d0_s1"
2026-08-16T00:00:28.412092,scratch,,1,291,0.5102040816326531,"csp_components=6;runs=['01', '06', '07'];target_channels=16;seed=2;val_split=0.2;filter=fir;split=calibration_curve_v2;train_runs=['01', '07'];test_run=06;metric=test_accuracy;notes_extra=experiment=calibration_curve_v2;k=2;draw=0;recipe=dec;tag=scratch_dec_fir_k2_test06_d0_s2"
2026-08-16T00:00:49.056331,scratch,,1,293,0.5204081632653061,"csp_components=6;runs=['04', '05', '06'];target_channels=16;seed=0;val_split=0.2;filter=fir;split=calibration_curve_v2;train_runs=['04', '05'];test_run=06;metric=test_accuracy;notes_extra=experiment=calibration_curve_v2;k=2;draw=1;recipe=dec;tag=scratch_dec_fir_k2_test06_d1_s0"
2026-08-16T00:00:48.307354,scratch,,1,293,0.5102040816326531,"csp_components=6;runs=['04', '05', '06'];target_channels=16;seed=1;val_split=0.2;filter=fir;split=calibration_curve_v2;train_runs=['04', '05'];test_run=06;metric=test_accuracy;notes_extra=experiment=calibration_curve_v2;k=2;draw=1;recipe=dec;tag=scratch_dec_fir_k2_test06_d1_s1"
2026-08-16T00:00:54.685037,scratch,,1,293,0.6122448979591837,"csp_components=6;runs=['04', '05', '06'];target_channels=16;seed=2;val_split=0.2;filter=fir;split=calibration_curve_v2;train_runs=['04', '05'];test_run=06;metric=test_accuracy;notes_extra=experiment=calibration_curve_v2;k=2;draw=1;recipe=dec;tag=scratch_dec_fir_k2_test06_d1_s2"
2026-08-16T00:01:11.543414,scratch,,1,288,0.3939393939393939,"csp_components=6;runs=['01', '07', '08'];target_channels=16;seed=0;val_split=0.2;filter=fir;split=calibration_curve_v2;train_runs=['01', '08'];test_run=07;metric=test_accuracy;notes_extra=experiment=calibration_curve_v2;k=2;draw=0;recipe=dec;tag=scratch_dec_fir_k2_test07_d0_s0"
2026-08-16T00:01:13.419685,scratch,,1,288,0.5050505050505051,"csp_components=6;runs=['01', '07', '08'];target_channels=16;seed=1;val_split=0.2;filter=fir;split=calibration_curve_v2;train_runs=['01', '08'];test_run=07;metric=test_accuracy;notes_extra=experiment=calibration_curve_v2;k=2;draw=0;recipe=dec;tag=scratch_dec_fir_k2_test07_d0_s1"
2026-08-16T00:01:17.878938,scratch,,1,288,0.4646464646464646,"csp_components=6;runs=['01', '07', '08'];target_channels=16;seed=2;val_split=0.2;filter=fir;split=calibration_curve_v2;train_runs=['01', '08'];test_run=07;metric=test_accuracy;notes_extra=experiment=calibration_curve_v2;k=2;draw=0;recipe=dec;tag=scratch_dec_fir_k2_test07_d0_s2"
2026-08-16T00:01:34.210825,scratch,,1,292,0.4747474747474747,"csp_components=6;runs=['02', '06', '07'];target_channels=16;seed=0;val_split=0.2;filter=fir;split=calibration_curve_v2;train_runs=['02', '06'];test_run=07;metric=test_accuracy;notes_extra=experiment=calibration_curve_v2;k=2;draw=1;recipe=dec;tag=scratch_dec_fir_k2_test07_d1_s0"
2026-08-16T00:01:39.680907,scratch,,1,292,0.5050505050505051,"csp_components=6;runs=['02', '06', '07'];target_channels=16;seed=1;val_split=0.2;filter=fir;split=calibration_curve_v2;train_runs=['02', '06'];test_run=07;metric=test_accuracy;notes_extra=experiment=calibration_curve_v2;k=2;draw=1;recipe=dec;tag=scratch_dec_fir_k2_test07_d1_s1"
2026-08-16T00:01:45.299308,scratch,,1,292,0.4646464646464646,"csp_components=6;runs=['02', '06', '07'];target_channels=16;seed=2;val_split=0.2;filter=fir;split=calibration_curve_v2;train_runs=['02', '06'];test_run=07;metric=test_accuracy;notes_extra=experiment=calibration_curve_v2;k=2;draw=1;recipe=dec;tag=scratch_dec_fir_k2_test07_d1_s2"
2026-08-16T00:01:56.889341,scratch,,1,288,0.5263157894736842,"csp_components=6;runs=['02', '05', '08'];target_channels=16;seed=0;val_split=0.2;filter=fir;split=calibration_curve_v2;train_runs=['02', '05'];test_run=08;metric=test_accuracy;notes_extra=experiment=calibration_curve_v2;k=2;draw=0;recipe=dec;tag=scratch_dec_fir_k2_test08_d0_s0"
2026-08-16T00:02:05.230332,scratch,,1,288,0.4947368421052631,"csp_components=6;runs=['02', '05', '08'];target_channels=16;seed=1;val_split=0.2;filter=fir;split=calibration_curve_v2;train_runs=['02', '05'];test_run=08;metric=test_accuracy;notes_extra=experiment=calibration_curve_v2;k=2;draw=0;recipe=dec;tag=scratch_dec_fir_k2_test08_d0_s1"
2026-08-16T00:02:12.421713,scratch,,1,288,0.4736842105263157,"csp_components=6;runs=['02', '05', '08'];target_channels=16;seed=2;val_split=0.2;filter=fir;split=calibration_curve_v2;train_runs=['02', '05'];test_run=08;metric=test_accuracy;notes_extra=experiment=calibration_curve_v2;k=2;draw=0;recipe=dec;tag=scratch_dec_fir_k2_test08_d0_s2"
2026-08-16T00:02:26.633559,scratch,,1,291,0.4,"csp_components=6;runs=['04', '07', '08'];target_channels=16;seed=0;val_split=0.2;filter=fir;split=calibration_curve_v2;train_runs=['04', '07'];test_run=08;metric=test_accuracy;notes_extra=experiment=calibration_curve_v2;k=2;draw=1;recipe=dec;tag=scratch_dec_fir_k2_test08_d1_s0"
2026-08-16T00:02:28.675027,scratch,,1,291,0.5157894736842106,"csp_components=6;runs=['04', '07', '08'];target_channels=16;seed=1;val_split=0.2;filter=fir;split=calibration_curve_v2;train_runs=['04', '07'];test_run=08;metric=test_accuracy;notes_extra=experiment=calibration_curve_v2;k=2;draw=1;recipe=dec;tag=scratch_dec_fir_k2_test08_d1_s1"
2026-08-16T00:02:32.460964,scratch,,1,291,0.5368421052631579,"csp_components=6;runs=['04', '07', '08'];target_channels=16;seed=2;val_split=0.2;filter=fir;split=calibration_curve_v2;train_runs=['04', '07'];test_run=08;metric=test_accuracy;notes_extra=experiment=calibration_curve_v2;k=2;draw=1;recipe=dec;tag=scratch_dec_fir_k2_test08_d1_s2"
2026-08-15T23:04:43.747939,scratch,,1,486,0.5212765957446809,"csp_components=6;runs=['01', '03', '05', '06', '07'];target_channels=16;seed=0;val_split=0.2;filter=fir;split=calibration_curve_v2;train_runs=['03', '05', '06', '07'];test_run=01;metric=test_accuracy;notes_extra=experiment=calibration_curve_v2;k=4;draw=0;recipe=dec;tag=scratch_dec_fir_k4_test01_d0_s0"
2026-08-15T23:04:45.684973,scratch,,1,486,0.6170212765957447,"csp_components=6;runs=['01', '03', '05', '06', '07'];target_channels=16;seed=1;val_split=0.2;filter=fir;split=calibration_curve_v2;train_runs=['03', '05', '06', '07'];test_run=01;metric=test_accuracy;notes_extra=experiment=calibration_curve_v2;k=4;draw=0;recipe=dec;tag=scratch_dec_fir_k4_test01_d0_s1"
2026-08-15T23:05:06.916860,scratch,,1,486,0.5319148936170213,"csp_components=6;runs=['01', '03', '05', '06', '07'];target_channels=16;seed=2;val_split=0.2;filter=fir;split=calibration_curve_v2;train_runs=['03', '05', '06', '07'];test_run=01;metric=test_accuracy;notes_extra=experiment=calibration_curve_v2;k=4;draw=0;recipe=dec;tag=scratch_dec_fir_k4_test01_d0_s2"
2026-08-15T23:05:47.527762,scratch,,1,483,0.5212765957446809,"csp_components=6;runs=['01', '03', '05', '07', '08'];target_channels=16;seed=0;val_split=0.2;filter=fir;split=calibration_curve_v2;train_runs=['03', '05', '07', '08'];test_run=01;metric=test_accuracy;notes_extra=experiment=calibration_curve_v2;k=4;draw=1;recipe=dec;tag=scratch_dec_fir_k4_test01_d1_s0"
2026-08-15T23:22:39.504625,scratch,,1,483,0.4787234042553192,"csp_components=6;runs=['01', '03', '05', '07', '08'];target_channels=16;seed=1;val_split=0.2;filter=fir;split=calibration_curve_v2;train_runs=['03', '05', '07', '08'];test_run=01;metric=test_accuracy;notes_extra=experiment=calibration_curve_v2;k=4;draw=1;recipe=dec;tag=scratch_dec_fir_k4_test01_d1_s1"
2026-08-15T23:27:24.675811,scratch,,1,483,0.5319148936170213,"csp_components=6;runs=['01', '03', '05', '07', '08'];target_channels=16;seed=2;val_split=0.2;filter=fir;split=calibration_curve_v2;train_runs=['03', '05', '07', '08'];test_run=01;metric=test_accuracy;notes_extra=experiment=calibration_curve_v2;k=4;draw=1;recipe=dec;tag=scratch_dec_fir_k4_test01_d1_s2"
2026-08-15T23:25:53.819095,scratch,,1,480,0.5263157894736842,"csp_components=6;runs=['01', '02', '03', '07', '08'];target_channels=16;seed=0;val_split=0.2;filter=fir;split=calibration_curve_v2;train_runs=['01', '03', '07', '08'];test_run=02;metric=test_accuracy;notes_extra=experiment=calibration_curve_v2;k=4;draw=0;recipe=dec;tag=scratch_dec_fir_k4_test02_d0_s0"
2026-08-15T23:27:22.319470,scratch,,1,480,0.5157894736842106,"csp_components=6;runs=['01', '02', '03', '07', '08'];target_channels=16;seed=1;val_split=0.2;filter=fir;split=calibration_curve_v2;train_runs=['01', '03', '07', '08'];test_run=02;metric=test_accuracy;notes_extra=experiment=calibration_curve_v2;k=4;draw=0;recipe=dec;tag=scratch_dec_fir_k4_test02_d0_s1"
2026-08-15T23:27:22.313094,scratch,,1,480,0.4105263157894737,"csp_components=6;runs=['01', '02', '03', '07', '08'];target_channels=16;seed=2;val_split=0.2;filter=fir;split=calibration_curve_v2;train_runs=['01', '03', '07', '08'];test_run=02;metric=test_accuracy;notes_extra=experiment=calibration_curve_v2;k=4;draw=0;recipe=dec;tag=scratch_dec_fir_k4_test02_d0_s2"
2026-08-15T23:28:17.471641,scratch,,1,485,0.4842105263157895,"csp_components=6;runs=['02', '05', '06', '07', '08'];target_channels=16;seed=0;val_split=0.2;filter=fir;split=calibration_curve_v2;train_runs=['05', '06', '07', '08'];test_run=02;metric=test_accuracy;notes_extra=experiment=calibration_curve_v2;k=4;draw=1;recipe=dec;tag=scratch_dec_fir_k4_test02_d1_s0"
2026-08-15T23:28:18.026135,scratch,,1,485,0.5684210526315789,"csp_components=6;runs=['02', '05', '06', '07', '08'];target_channels=16;seed=1;val_split=0.2;filter=fir;split=calibration_curve_v2;train_runs=['05', '06', '07', '08'];test_run=02;metric=test_accuracy;notes_extra=experiment=calibration_curve_v2;k=4;draw=1;recipe=dec;tag=scratch_dec_fir_k4_test02_d1_s1"
2026-08-15T23:28:16.157527,scratch,,1,485,0.4631578947368421,"csp_components=6;runs=['02', '05', '06', '07', '08'];target_channels=16;seed=2;val_split=0.2;filter=fir;split=calibration_curve_v2;train_runs=['05', '06', '07', '08'];test_run=02;metric=test_accuracy;notes_extra=experiment=calibration_curve_v2;k=4;draw=1;recipe=dec;tag=scratch_dec_fir_k4_test02_d1_s2"
2026-08-15T23:29:48.475226,scratch,,1,481,0.4948453608247423,"csp_components=6;runs=['01', '03', '04', '06', '08'];target_channels=16;seed=0;val_split=0.2;filter=fir;split=calibration_curve_v2;train_runs=['01', '04', '06', '08'];test_run=03;metric=test_accuracy;notes_extra=experiment=calibration_curve_v2;k=4;draw=0;recipe=dec;tag=scratch_dec_fir_k4_test03_d0_s0"
2026-08-15T23:29:50.550909,scratch,,1,481,0.5567010309278351,"csp_components=6;runs=['01', '03', '04', '06', '08'];target_channels=16;seed=1;val_split=0.2;filter=fir;split=calibration_curve_v2;train_runs=['01', '04', '06', '08'];test_run=03;metric=test_accuracy;notes_extra=experiment=calibration_curve_v2;k=4;draw=0;recipe=dec;tag=scratch_dec_fir_k4_test03_d0_s1"
2026-08-15T23:29:49.070819,scratch,,1,481,0.5257731958762887,"csp_components=6;runs=['01', '03', '04', '06', '08'];target_channels=16;seed=2;val_split=0.2;filter=fir;split=calibration_curve_v2;train_runs=['01', '04', '06', '08'];test_run=03;metric=test_accuracy;notes_extra=experiment=calibration_curve_v2;k=4;draw=0;recipe=dec;tag=scratch_dec_fir_k4_test03_d0_s2"
2026-08-15T23:48:20.494807,scratch,,1,484,0.5154639175257731,"csp_components=6;runs=['02', '03', '06', '07', '08'];target_channels=16;seed=0;val_split=0.2;filter=fir;split=calibration_curve_v2;train_runs=['02', '06', '07', '08'];test_run=03;metric=test_accuracy;notes_extra=experiment=calibration_curve_v2;k=4;draw=1;recipe=dec;tag=scratch_dec_fir_k4_test03_d1_s0"
2026-08-15T23:48:31.624552,scratch,,1,484,0.4742268041237113,"csp_components=6;runs=['02', '03', '06', '07', '08'];target_channels=16;seed=1;val_split=0.2;filter=fir;split=calibration_curve_v2;train_runs=['02', '06', '07', '08'];test_run=03;metric=test_accuracy;notes_extra=experiment=calibration_curve_v2;k=4;draw=1;recipe=dec;tag=scratch_dec_fir_k4_test03_d1_s1"
2026-08-15T23:48:32.278050,scratch,,1,484,0.6288659793814433,"csp_components=6;runs=['02', '03', '06', '07', '08'];target_channels=16;seed=2;val_split=0.2;filter=fir;split=calibration_curve_v2;train_runs=['02', '06', '07', '08'];test_run=03;metric=test_accuracy;notes_extra=experiment=calibration_curve_v2;k=4;draw=1;recipe=dec;tag=scratch_dec_fir_k4_test03_d1_s2"
2026-08-15T23:49:02.438254,scratch,,1,486,0.4123711340206185,"csp_components=6;runs=['01', '04', '05', '06', '07'];target_channels=16;seed=0;val_split=0.2;filter=fir;split=calibration_curve_v2;train_runs=['01', '05', '06', '07'];test_run=04;metric=test_accuracy;notes_extra=experiment=calibration_curve_v2;k=4;draw=0;recipe=dec;tag=scratch_dec_fir_k4_test04_d0_s0"
2026-08-15T23:49:12.350067,scratch,,1,486,0.4432989690721649,"csp_components=6;runs=['01', '04', '05', '06', '07'];target_channels=16;seed=1;val_split=0.2;filter=fir;split=calibration_curve_v2;train_runs=['01', '05', '06', '07'];test_run=04;metric=test_accuracy;notes_extra=experiment=calibration_curve_v2;k=4;draw=0;recipe=dec;tag=scratch_dec_fir_k4_test04_d0_s1"
2026-08-15T23:49:12.349273,scratch,,1,486,0.5670103092783505,"csp_components=6;runs=['01', '04', '05', '06', '07'];target_channels=16;seed=2;val_split=0.2;filter=fir;split=calibration_curve_v2;train_runs=['01', '05', '06', '07'];test_run=04;metric=test_accuracy;notes_extra=experiment=calibration_curve_v2;k=4;draw=0;recipe=dec;tag=scratch_dec_fir_k4_test04_d0_s2"
2026-08-15T23:49:44.977464,scratch,,1,486,0.4020618556701031,"csp_components=6;runs=['03', '04', '05', '07', '08'];target_channels=16;seed=0;val_split=0.2;filter=fir;split=calibration_curve_v2;train_runs=['03', '05', '07', '08'];test_run=04;metric=test_accuracy;notes_extra=experiment=calibration_curve_v2;k=4;draw=1;recipe=dec;tag=scratch_dec_fir_k4_test04_d1_s0"
2026-08-15T23:49:49.877139,scratch,,1,486,0.5154639175257731,"csp_components=6;runs=['03', '04', '05', '07', '08'];target_channels=16;seed=1;val_split=0.2;filter=fir;split=calibration_curve_v2;train_runs=['03', '05', '07', '08'];test_run=04;metric=test_accuracy;notes_extra=experiment=calibration_curve_v2;k=4;draw=1;recipe=dec;tag=scratch_dec_fir_k4_test04_d1_s1"
2026-08-15T23:49:55.043281,scratch,,1,486,0.5051546391752577,"csp_components=6;runs=['03', '04', '05', '07', '08'];target_channels=16;seed=2;val_split=0.2;filter=fir;split=calibration_curve_v2;train_runs=['03', '05', '07', '08'];test_run=04;metric=test_accuracy;notes_extra=experiment=calibration_curve_v2;k=4;draw=1;recipe=dec;tag=scratch_dec_fir_k4_test04_d1_s2"
2026-08-15T23:50:26.712366,scratch,,1,479,0.4897959183673469,"csp_components=6;runs=['01', '02', '03', '05', '08'];target_channels=16;seed=0;val_split=0.2;filter=fir;split=calibration_curve_v2;train_runs=['01', '02', '03', '08'];test_run=05;metric=test_accuracy;notes_extra=experiment=calibration_curve_v2;k=4;draw=0;recipe=dec;tag=scratch_dec_fir_k4_test05_d0_s0"
2026-08-15T23:50:30.575404,scratch,,1,479,0.5102040816326531,"csp_components=6;runs=['01', '02', '03', '05', '08'];target_channels=16;seed=1;val_split=0.2;filter=fir;split=calibration_curve_v2;train_runs=['01', '02', '03', '08'];test_run=05;metric=test_accuracy;notes_extra=experiment=calibration_curve_v2;k=4;draw=0;recipe=dec;tag=scratch_dec_fir_k4_test05_d0_s1"
2026-08-15T23:50:40.196659,scratch,,1,479,0.4591836734693877,"csp_components=6;runs=['01', '02', '03', '05', '08'];target_channels=16;seed=2;val_split=0.2;filter=fir;split=calibration_curve_v2;train_runs=['01', '02', '03', '08'];test_run=05;metric=test_accuracy;notes_extra=experiment=calibration_curve_v2;k=4;draw=0;recipe=dec;tag=scratch_dec_fir_k4_test05_d0_s2"
2026-08-15T23:51:11.632984,scratch,,1,481,0.4489795918367347,"csp_components=6;runs=['01', '02', '05', '07', '08'];target_channels=16;seed=0;val_split=0.2;filter=fir;split=calibration_curve_v2;train_runs=['01', '02', '07', '08'];test_run=05;metric=test_accuracy;notes_extra=experiment=calibration_curve_v2;k=4;draw=1;recipe=dec;tag=scratch_dec_fir_k4_test05_d1_s0"
2026-08-15T23:51:18.201310,scratch,,1,481,0.4795918367346938,"csp_components=6;runs=['01', '02', '05', '07', '08'];target_channels=16;seed=1;val_split=0.2;filter=fir;split=calibration_curve_v2;train_runs=['01', '02', '07', '08'];test_run=05;metric=test_accuracy;notes_extra=experiment=calibration_curve_v2;k=4;draw=1;recipe=dec;tag=scratch_dec_fir_k4_test05_d1_s1"
2026-08-15T23:51:22.374702,scratch,,1,481,0.4897959183673469,"csp_components=6;runs=['01', '02', '05', '07', '08'];target_channels=16;seed=2;val_split=0.2;filter=fir;split=calibration_curve_v2;train_runs=['01', '02', '07', '08'];test_run=05;metric=test_accuracy;notes_extra=experiment=calibration_curve_v2;k=4;draw=1;recipe=dec;tag=scratch_dec_fir_k4_test05_d1_s2"
2026-08-15T23:51:52.263631,scratch,,1,484,0.5102040816326531,"csp_components=6;runs=['01', '05', '06', '07', '08'];target_channels=16;seed=0;val_split=0.2;filter=fir;split=calibration_curve_v2;train_runs=['01', '05', '07', '08'];test_run=06;metric=test_accuracy;notes_extra=experiment=calibration_curve_v2;k=4;draw=0;recipe=dec;tag=scratch_dec_fir_k4_test06_d0_s0"
2026-08-15T23:52:05.832696,scratch,,1,484,0.4795918367346938,"csp_components=6;runs=['01', '05', '06', '07', '08'];target_channels=16;seed=1;val_split=0.2;filter=fir;split=calibration_curve_v2;train_runs=['01', '05', '07', '08'];test_run=06;metric=test_accuracy;notes_extra=experiment=calibration_curve_v2;k=4;draw=0;recipe=dec;tag=scratch_dec_fir_k4_test06_d0_s1"
2026-08-15T23:52:09.467177,scratch,,1,484,0.4897959183673469,"csp_components=6;runs=['01', '05', '06', '07', '08'];target_channels=16;seed=2;val_split=0.2;filter=fir;split=calibration_curve_v2;train_runs=['01', '05', '07', '08'];test_run=06;metric=test_accuracy;notes_extra=experiment=calibration_curve_v2;k=4;draw=0;recipe=dec;tag=scratch_dec_fir_k4_test06_d0_s2"
2026-08-15T23:52:34.961560,scratch,,1,487,0.4795918367346938,"csp_components=6;runs=['02', '03', '05', '06', '07'];target_channels=16;seed=0;val_split=0.2;filter=fir;split=calibration_curve_v2;train_runs=['02', '03', '05', '07'];test_run=06;metric=test_accuracy;notes_extra=experiment=calibration_curve_v2;k=4;draw=1;recipe=dec;tag=scratch_dec_fir_k4_test06_d1_s0"
2026-08-15T23:52:45.578159,scratch,,1,487,0.4387755102040816,"csp_components=6;runs=['02', '03', '05', '06', '07'];target_channels=16;seed=1;val_split=0.2;filter=fir;split=calibration_curve_v2;train_runs=['02', '03', '05', '07'];test_run=06;metric=test_accuracy;notes_extra=experiment=calibration_curve_v2;k=4;draw=1;recipe=dec;tag=scratch_dec_fir_k4_test06_d1_s1"
2026-08-15T23:52:50.232469,scratch,,1,487,0.5306122448979592,"csp_components=6;runs=['02', '03', '05', '06', '07'];target_channels=16;seed=2;val_split=0.2;filter=fir;split=calibration_curve_v2;train_runs=['02', '03', '05', '07'];test_run=06;metric=test_accuracy;notes_extra=experiment=calibration_curve_v2;k=4;draw=1;recipe=dec;tag=scratch_dec_fir_k4_test06_d1_s2"
2026-08-15T23:53:15.535360,scratch,,1,480,0.4747474747474747,"csp_components=6;runs=['01', '02', '04', '07', '08'];target_channels=16;seed=0;val_split=0.2;filter=fir;split=calibration_curve_v2;train_runs=['01', '02', '04', '08'];test_run=07;metric=test_accuracy;notes_extra=experiment=calibration_curve_v2;k=4;draw=0;recipe=dec;tag=scratch_dec_fir_k4_test07_d0_s0"
2026-08-15T23:53:25.156450,scratch,,1,480,0.3636363636363636,"csp_components=6;runs=['01', '02', '04', '07', '08'];target_channels=16;seed=1;val_split=0.2;filter=fir;split=calibration_curve_v2;train_runs=['01', '02', '04', '08'];test_run=07;metric=test_accuracy;notes_extra=experiment=calibration_curve_v2;k=4;draw=0;recipe=dec;tag=scratch_dec_fir_k4_test07_d0_s1"
2026-08-15T23:53:31.097008,scratch,,1,480,0.6565656565656566,"csp_components=6;runs=['01', '02', '04', '07', '08'];target_channels=16;seed=2;val_split=0.2;filter=fir;split=calibration_curve_v2;train_runs=['01', '02', '04', '08'];test_run=07;metric=test_accuracy;notes_extra=experiment=calibration_curve_v2;k=4;draw=0;recipe=dec;tag=scratch_dec_fir_k4_test07_d0_s2"
2026-08-15T23:54:03.441300,scratch,,1,484,0.4848484848484848,"csp_components=6;runs=['02', '03', '05', '07', '08'];target_channels=16;seed=0;val_split=0.2;filter=fir;split=calibration_curve_v2;train_runs=['02', '03', '05', '08'];test_run=07;metric=test_accuracy;notes_extra=experiment=calibration_curve_v2;k=4;draw=1;recipe=dec;tag=scratch_dec_fir_k4_test07_d1_s0"
2026-08-15T23:54:12.108038,scratch,,1,484,0.5757575757575758,"csp_components=6;runs=['02', '03', '05', '07', '08'];target_channels=16;seed=1;val_split=0.2;filter=fir;split=calibration_curve_v2;train_runs=['02', '03', '05', '08'];test_run=07;metric=test_accuracy;notes_extra=experiment=calibration_curve_v2;k=4;draw=1;recipe=dec;tag=scratch_dec_fir_k4_test07_d1_s1"
2026-08-15T23:54:14.283780,scratch,,1,484,0.5050505050505051,"csp_components=6;runs=['02', '03', '05', '07', '08'];target_channels=16;seed=2;val_split=0.2;filter=fir;split=calibration_curve_v2;train_runs=['02', '03', '05', '08'];test_run=07;metric=test_accuracy;notes_extra=experiment=calibration_curve_v2;k=4;draw=1;recipe=dec;tag=scratch_dec_fir_k4_test07_d1_s2"
2026-08-15T23:54:46.802243,scratch,,1,483,0.5052631578947369,"csp_components=6;runs=['01', '03', '05', '07', '08'];target_channels=16;seed=0;val_split=0.2;filter=fir;split=calibration_curve_v2;train_runs=['01', '03', '05', '07'];test_run=08;metric=test_accuracy;notes_extra=experiment=calibration_curve_v2;k=4;draw=0;recipe=dec;tag=scratch_dec_fir_k4_test08_d0_s0"
2026-08-15T23:54:48.434772,scratch,,1,483,0.5157894736842106,"csp_components=6;runs=['01', '03', '05', '07', '08'];target_channels=16;seed=1;val_split=0.2;filter=fir;split=calibration_curve_v2;train_runs=['01', '03', '05', '07'];test_run=08;metric=test_accuracy;notes_extra=experiment=calibration_curve_v2;k=4;draw=0;recipe=dec;tag=scratch_dec_fir_k4_test08_d0_s1"
2026-08-15T23:54:54.766040,scratch,,1,483,0.5157894736842106,"csp_components=6;runs=['01', '03', '05', '07', '08'];target_channels=16;seed=2;val_split=0.2;filter=fir;split=calibration_curve_v2;train_runs=['01', '03', '05', '07'];test_run=08;metric=test_accuracy;notes_extra=experiment=calibration_curve_v2;k=4;draw=0;recipe=dec;tag=scratch_dec_fir_k4_test08_d0_s2"
2026-08-15T23:55:20.641002,scratch,,1,483,0.5052631578947369,"csp_components=6;runs=['01', '04', '05', '07', '08'];target_channels=16;seed=0;val_split=0.2;filter=fir;split=calibration_curve_v2;train_runs=['01', '04', '05', '07'];test_run=08;metric=test_accuracy;notes_extra=experiment=calibration_curve_v2;k=4;draw=1;recipe=dec;tag=scratch_dec_fir_k4_test08_d1_s0"
2026-08-15T23:55:27.516744,scratch,,1,483,0.4947368421052631,"csp_components=6;runs=['01', '04', '05', '07', '08'];target_channels=16;seed=1;val_split=0.2;filter=fir;split=calibration_curve_v2;train_runs=['01', '04', '05', '07'];test_run=08;metric=test_accuracy;notes_extra=experiment=calibration_curve_v2;k=4;draw=1;recipe=dec;tag=scratch_dec_fir_k4_test08_d1_s1"
2026-08-15T23:55:36.179118,scratch,,1,483,0.5263157894736842,"csp_components=6;runs=['01', '04', '05', '07', '08'];target_channels=16;seed=2;val_split=0.2;filter=fir;split=calibration_curve_v2;train_runs=['01', '04', '05', '07'];test_run=08;metric=test_accuracy;notes_extra=experiment=calibration_curve_v2;k=4;draw=1;recipe=dec;tag=scratch_dec_fir_k4_test08_d1_s2"
2026-08-15T21:34:17.949439,scratch,,1,773,0.5531914893617021,"csp_components=6;runs=['01', '02', '03', '04', '05', '06', '07', '08'];target_channels=16;seed=0;val_split=0.2;filter=fir;split=calibration_curve_v2;train_runs=['02', '03', '04', '05', '06', '07', '08'];test_run=01;metric=test_accuracy;notes_extra=experiment=calibration_curve_v2;k=7;draw=0;recipe=dec;tag=scratch_dec_fir_k7_test01_d0_s0"
2026-08-15T21:34:32.267032,scratch,,1,773,0.4361702127659574,"csp_components=6;runs=['01', '02', '03', '04', '05', '06', '07', '08'];target_channels=16;seed=1;val_split=0.2;filter=fir;split=calibration_curve_v2;train_runs=['02', '03', '04', '05', '06', '07', '08'];test_run=01;metric=test_accuracy;notes_extra=experiment=calibration_curve_v2;k=7;draw=0;recipe=dec;tag=scratch_dec_fir_k7_test01_d0_s1"
2026-08-15T21:34:44.485830,scratch,,1,773,0.5,"csp_components=6;runs=['01', '02', '03', '04', '05', '06', '07', '08'];target_channels=16;seed=2;val_split=0.2;filter=fir;split=calibration_curve_v2;train_runs=['02', '03', '04', '05', '06', '07', '08'];test_run=01;metric=test_accuracy;notes_extra=experiment=calibration_curve_v2;k=7;draw=0;recipe=dec;tag=scratch_dec_fir_k7_test01_d0_s2"
2026-08-15T21:36:13.600791,scratch,,1,773,0.5473684210526316,"csp_components=6;runs=['01', '02', '03', '04', '05', '06', '07', '08'];target_channels=16;seed=0;val_split=0.2;filter=fir;split=calibration_curve_v2;train_runs=['01', '03', '04', '05', '06', '07', '08'];test_run=02;metric=test_accuracy;notes_extra=experiment=calibration_curve_v2;k=7;draw=0;recipe=dec;tag=scratch_dec_fir_k7_test02_d0_s0"
2026-08-15T21:36:32.587054,scratch,,1,773,0.5894736842105263,"csp_components=6;runs=['01', '02', '03', '04', '05', '06', '07', '08'];target_channels=16;seed=1;val_split=0.2;filter=fir;split=calibration_curve_v2;train_runs=['01', '03', '04', '05', '06', '07', '08'];test_run=02;metric=test_accuracy;notes_extra=experiment=calibration_curve_v2;k=7;draw=0;recipe=dec;tag=scratch_dec_fir_k7_test02_d0_s1"
2026-08-15T21:36:54.025611,scratch,,1,773,0.5263157894736842,"csp_components=6;runs=['01', '02', '03', '04', '05', '06', '07', '08'];target_channels=16;seed=2;val_split=0.2;filter=fir;split=calibration_curve_v2;train_runs=['01', '03', '04', '05', '06', '07', '08'];test_run=02;metric=test_accuracy;notes_extra=experiment=calibration_curve_v2;k=7;draw=0;recipe=dec;tag=scratch_dec_fir_k7_test02_d0_s2"
2026-08-15T21:38:27.903541,scratch,,1,773,0.5979381443298969,"csp_components=6;runs=['01', '02', '03', '04', '05', '06', '07', '08'];target_channels=16;seed=0;val_split=0.2;filter=fir;split=calibration_curve_v2;train_runs=['01', '02', '04', '05', '06', '07', '08'];test_run=03;metric=test_accuracy;notes_extra=experiment=calibration_curve_v2;k=7;draw=0;recipe=dec;tag=scratch_dec_fir_k7_test03_d0_s0"
2026-08-15T21:38:49.114177,scratch,,1,773,0.6082474226804123,"csp_components=6;runs=['01', '02', '03', '04', '05', '06', '07', '08'];target_channels=16;seed=1;val_split=0.2;filter=fir;split=calibration_curve_v2;train_runs=['01', '02', '04', '05', '06', '07', '08'];test_run=03;metric=test_accuracy;notes_extra=experiment=calibration_curve_v2;k=7;draw=0;recipe=dec;tag=scratch_dec_fir_k7_test03_d0_s1"
2026-08-15T21:39:12.590725,scratch,,1,773,0.5773195876288659,"csp_components=6;runs=['01', '02', '03', '04', '05', '06', '07', '08'];target_channels=16;seed=2;val_split=0.2;filter=fir;split=calibration_curve_v2;train_runs=['01', '02', '04', '05', '06', '07', '08'];test_run=03;metric=test_accuracy;notes_extra=experiment=calibration_curve_v2;k=7;draw=0;recipe=dec;tag=scratch_dec_fir_k7_test03_d0_s2"
2026-08-15T21:40:43.126930,scratch,,1,773,0.5773195876288659,"csp_components=6;runs=['01', '02', '03', '04', '05', '06', '07', '08'];target_channels=16;seed=0;val_split=0.2;filter=fir;split=calibration_curve_v2;train_runs=['01', '02', '03', '05', '06', '07', '08'];test_run=04;metric=test_accuracy;notes_extra=experiment=calibration_curve_v2;k=7;draw=0;recipe=dec;tag=scratch_dec_fir_k7_test04_d0_s0"
2026-08-15T21:41:04.047053,scratch,,1,773,0.4845360824742268,"csp_components=6;runs=['01', '02', '03', '04', '05', '06', '07', '08'];target_channels=16;seed=1;val_split=0.2;filter=fir;split=calibration_curve_v2;train_runs=['01', '02', '03', '05', '06', '07', '08'];test_run=04;metric=test_accuracy;notes_extra=experiment=calibration_curve_v2;k=7;draw=0;recipe=dec;tag=scratch_dec_fir_k7_test04_d0_s1"
2026-08-15T21:41:24.620796,scratch,,1,773,0.5154639175257731,"csp_components=6;runs=['01', '02', '03', '04', '05', '06', '07', '08'];target_channels=16;seed=2;val_split=0.2;filter=fir;split=calibration_curve_v2;train_runs=['01', '02', '03', '05', '06', '07', '08'];test_run=04;metric=test_accuracy;notes_extra=experiment=calibration_curve_v2;k=7;draw=0;recipe=dec;tag=scratch_dec_fir_k7_test04_d0_s2"
2026-08-15T21:42:55.117520,scratch,,1,773,0.5408163265306123,"csp_components=6;runs=['01', '02', '03', '04', '05', '06', '07', '08'];target_channels=16;seed=0;val_split=0.2;filter=fir;split=calibration_curve_v2;train_runs=['01', '02', '03', '04', '06', '07', '08'];test_run=05;metric=test_accuracy;notes_extra=experiment=calibration_curve_v2;k=7;draw=0;recipe=dec;tag=scratch_dec_fir_k7_test05_d0_s0"
2026-08-15T21:43:16.491295,scratch,,1,773,0.5612244897959183,"csp_components=6;runs=['01', '02', '03', '04', '05', '06', '07', '08'];target_channels=16;seed=1;val_split=0.2;filter=fir;split=calibration_curve_v2;train_runs=['01', '02', '03', '04', '06', '07', '08'];test_run=05;metric=test_accuracy;notes_extra=experiment=calibration_curve_v2;k=7;draw=0;recipe=dec;tag=scratch_dec_fir_k7_test05_d0_s1"
2026-08-15T21:43:39.860030,scratch,,1,773,0.4387755102040816,"csp_components=6;runs=['01', '02', '03', '04', '05', '06', '07', '08'];target_channels=16;seed=2;val_split=0.2;filter=fir;split=calibration_curve_v2;train_runs=['01', '02', '03', '04', '06', '07', '08'];test_run=05;metric=test_accuracy;notes_extra=experiment=calibration_curve_v2;k=7;draw=0;recipe=dec;tag=scratch_dec_fir_k7_test05_d0_s2"
2026-08-15T21:45:11.383694,scratch,,1,773,0.5510204081632653,"csp_components=6;runs=['01', '02', '03', '04', '05', '06', '07', '08'];target_channels=16;seed=0;val_split=0.2;filter=fir;split=calibration_curve_v2;train_runs=['01', '02', '03', '04', '05', '07', '08'];test_run=06;metric=test_accuracy;notes_extra=experiment=calibration_curve_v2;k=7;draw=0;recipe=dec;tag=scratch_dec_fir_k7_test06_d0_s0"
2026-08-15T21:45:31.718340,scratch,,1,773,0.4897959183673469,"csp_components=6;runs=['01', '02', '03', '04', '05', '06', '07', '08'];target_channels=16;seed=1;val_split=0.2;filter=fir;split=calibration_curve_v2;train_runs=['01', '02', '03', '04', '05', '07', '08'];test_run=06;metric=test_accuracy;notes_extra=experiment=calibration_curve_v2;k=7;draw=0;recipe=dec;tag=scratch_dec_fir_k7_test06_d0_s1"
2026-08-15T21:45:53.671364,scratch,,1,773,0.5408163265306123,"csp_components=6;runs=['01', '02', '03', '04', '05', '06', '07', '08'];target_channels=16;seed=2;val_split=0.2;filter=fir;split=calibration_curve_v2;train_runs=['01', '02', '03', '04', '05', '07', '08'];test_run=06;metric=test_accuracy;notes_extra=experiment=calibration_curve_v2;k=7;draw=0;recipe=dec;tag=scratch_dec_fir_k7_test06_d0_s2"
2026-08-15T21:47:24.713607,scratch,,1,773,0.4242424242424242,"csp_components=6;runs=['01', '02', '03', '04', '05', '06', '07', '08'];target_channels=16;seed=0;val_split=0.2;filter=fir;split=calibration_curve_v2;train_runs=['01', '02', '03', '04', '05', '06', '08'];test_run=07;metric=test_accuracy;notes_extra=experiment=calibration_curve_v2;k=7;draw=0;recipe=dec;tag=scratch_dec_fir_k7_test07_d0_s0"
2026-08-15T21:47:48.508549,scratch,,1,773,0.5656565656565656,"csp_components=6;runs=['01', '02', '03', '04', '05', '06', '07', '08'];target_channels=16;seed=1;val_split=0.2;filter=fir;split=calibration_curve_v2;train_runs=['01', '02', '03', '04', '05', '06', '08'];test_run=07;metric=test_accuracy;notes_extra=experiment=calibration_curve_v2;k=7;draw=0;recipe=dec;tag=scratch_dec_fir_k7_test07_d0_s1"
2026-08-15T21:48:07.569655,scratch,,1,773,0.4848484848484848,"csp_components=6;runs=['01', '02', '03', '04', '05', '06', '07', '08'];target_channels=16;seed=2;val_split=0.2;filter=fir;split=calibration_curve_v2;train_runs=['01', '02', '03', '04', '05', '06', '08'];test_run=07;metric=test_accuracy;notes_extra=experiment=calibration_curve_v2;k=7;draw=0;recipe=dec;tag=scratch_dec_fir_k7_test07_d0_s2"
2026-08-15T21:54:23.856360,scratch,,1,773,0.4736842105263157,"csp_components=6;runs=['01', '02', '03', '04', '05', '06', '07', '08'];target_channels=16;seed=0;val_split=0.2;filter=fir;split=calibration_curve_v2;train_runs=['01', '02', '03', '04', '05', '06', '07'];test_run=08;metric=test_accuracy;notes_extra=experiment=calibration_curve_v2;k=7;draw=0;recipe=dec;tag=scratch_dec_fir_k7_test08_d0_s0"
2026-08-15T21:54:58.111896,scratch,,1,773,0.5157894736842106,"csp_components=6;runs=['01', '02', '03', '04', '05', '06', '07', '08'];target_channels=16;seed=1;val_split=0.2;filter=fir;split=calibration_curve_v2;train_runs=['01', '02', '03', '04', '05', '06', '07'];test_run=08;metric=test_accuracy;notes_extra=experiment=calibration_curve_v2;k=7;draw=0;recipe=dec;tag=scratch_dec_fir_k7_test08_d0_s1"
2026-08-15T23:03:40.136401,scratch,,1,773,0.4842105263157895,"csp_components=6;runs=['01', '02', '03', '04', '05', '06', '07', '08'];target_channels=16;seed=2;val_split=0.2;filter=fir;split=calibration_curve_v2;train_runs=['01', '02', '03', '04', '05', '06', '07'];test_run=08;metric=test_accuracy;notes_extra=experiment=calibration_curve_v2;k=7;draw=0;recipe=dec;tag=scratch_dec_fir_k7_test08_d0_s2"
2026-08-16T00:02:56.746219,scratch,,1,192,0.5773195876288659,"csp_components=6;runs=['01', '02'];target_channels=16;seed=0;val_split=0.2;filter=iir;split=calibration_curve_v2;train_runs=['02'];test_run=01;metric=test_accuracy;notes_extra=experiment=calibration_curve_v2;k=1;draw=0;recipe=dec;tag=scratch_dec_iir_k1_test01_d0_s0"
2026-08-16T00:02:58.633188,scratch,,1,192,0.5051546391752577,"csp_components=6;runs=['01', '02'];target_channels=16;seed=1;val_split=0.2;filter=iir;split=calibration_curve_v2;train_runs=['02'];test_run=01;metric=test_accuracy;notes_extra=experiment=calibration_curve_v2;k=1;draw=0;recipe=dec;tag=scratch_dec_iir_k1_test01_d0_s1"
2026-08-16T00:02:59.498349,scratch,,1,192,0.5257731958762887,"csp_components=6;runs=['01', '02'];target_channels=16;seed=2;val_split=0.2;filter=iir;split=calibration_curve_v2;train_runs=['02'];test_run=01;metric=test_accuracy;notes_extra=experiment=calibration_curve_v2;k=1;draw=0;recipe=dec;tag=scratch_dec_iir_k1_test01_d0_s2"
2026-08-16T00:03:13.523409,scratch,,1,191,0.4432989690721649,"csp_components=6;runs=['01', '08'];target_channels=16;seed=0;val_split=0.2;filter=iir;split=calibration_curve_v2;train_runs=['08'];test_run=01;metric=test_accuracy;notes_extra=experiment=calibration_curve_v2;k=1;draw=1;recipe=dec;tag=scratch_dec_iir_k1_test01_d1_s0"
2026-08-16T00:03:16.570654,scratch,,1,191,0.4845360824742268,"csp_components=6;runs=['01', '08'];target_channels=16;seed=1;val_split=0.2;filter=iir;split=calibration_curve_v2;train_runs=['08'];test_run=01;metric=test_accuracy;notes_extra=experiment=calibration_curve_v2;k=1;draw=1;recipe=dec;tag=scratch_dec_iir_k1_test01_d1_s1"
2026-08-16T00:03:21.523948,scratch,,1,191,0.4845360824742268,"csp_components=6;runs=['01', '08'];target_channels=16;seed=2;val_split=0.2;filter=iir;split=calibration_curve_v2;train_runs=['08'];test_run=01;metric=test_accuracy;notes_extra=experiment=calibration_curve_v2;k=1;draw=1;recipe=dec;tag=scratch_dec_iir_k1_test01_d1_s2"
2026-08-16T00:03:28.881237,scratch,,1,193,0.4842105263157895,"csp_components=6;runs=['02', '05'];target_channels=16;seed=0;val_split=0.2;filter=iir;split=calibration_curve_v2;train_runs=['05'];test_run=02;metric=test_accuracy;notes_extra=experiment=calibration_curve_v2;k=1;draw=0;recipe=dec;tag=scratch_dec_iir_k1_test02_d0_s0"
2026-08-16T00:03:32.503237,scratch,,1,193,0.5263157894736842,"csp_components=6;runs=['02', '05'];target_channels=16;seed=1;val_split=0.2;filter=iir;split=calibration_curve_v2;train_runs=['05'];test_run=02;metric=test_accuracy;notes_extra=experiment=calibration_curve_v2;k=1;draw=0;recipe=dec;tag=scratch_dec_iir_k1_test02_d0_s1"
2026-08-16T00:03:33.361029,scratch,,1,193,0.4631578947368421,"csp_components=6;runs=['02', '05'];target_channels=16;seed=2;val_split=0.2;filter=iir;split=calibration_curve_v2;train_runs=['05'];test_run=02;metric=test_accuracy;notes_extra=experiment=calibration_curve_v2;k=1;draw=0;recipe=dec;tag=scratch_dec_iir_k1_test02_d0_s2"
2026-08-16T00:03:44.237255,scratch,,1,192,0.5052631578947369,"csp_components=6;runs=['02', '06'];target_channels=16;seed=0;val_split=0.2;filter=iir;split=calibration_curve_v2;train_runs=['06'];test_run=02;metric=test_accuracy;notes_extra=experiment=calibration_curve_v2;k=1;draw=1;recipe=dec;tag=scratch_dec_iir_k1_test02_d1_s0"
2026-08-16T00:03:47.486504,scratch,,1,192,0.5157894736842106,"csp_components=6;runs=['02', '06'];target_channels=16;seed=1;val_split=0.2;filter=iir;split=calibration_curve_v2;train_runs=['06'];test_run=02;metric=test_accuracy;notes_extra=experiment=calibration_curve_v2;k=1;draw=1;recipe=dec;tag=scratch_dec_iir_k1_test02_d1_s1"
2026-08-16T00:03:52.595717,scratch,,1,192,0.5157894736842106,"csp_components=6;runs=['02', '06'];target_channels=16;seed=2;val_split=0.2;filter=iir;split=calibration_curve_v2;train_runs=['06'];test_run=02;metric=test_accuracy;notes_extra=experiment=calibration_curve_v2;k=1;draw=1;recipe=dec;tag=scratch_dec_iir_k1_test02_d1_s2"
2026-08-16T00:04:00.046726,scratch,,1,195,0.4845360824742268,"csp_components=6;runs=['03', '05'];target_channels=16;seed=0;val_split=0.2;filter=iir;split=calibration_curve_v2;train_runs=['05'];test_run=03;metric=test_accuracy;notes_extra=experiment=calibration_curve_v2;k=1;draw=0;recipe=dec;tag=scratch_dec_iir_k1_test03_d0_s0"
2026-08-16T00:04:06.573006,scratch,,1,195,0.4845360824742268,"csp_components=6;runs=['03', '05'];target_channels=16;seed=1;val_split=0.2;filter=iir;split=calibration_curve_v2;train_runs=['05'];test_run=03;metric=test_accuracy;notes_extra=experiment=calibration_curve_v2;k=1;draw=0;recipe=dec;tag=scratch_dec_iir_k1_test03_d0_s1"
2026-08-16T00:04:11.051822,scratch,,1,195,0.5051546391752577,"csp_components=6;runs=['03', '05'];target_channels=16;seed=2;val_split=0.2;filter=iir;split=calibration_curve_v2;train_runs=['05'];test_run=03;metric=test_accuracy;notes_extra=experiment=calibration_curve_v2;k=1;draw=0;recipe=dec;tag=scratch_dec_iir_k1_test03_d0_s2"
2026-08-16T00:04:20.602330,scratch,,1,194,0.5257731958762887,"csp_components=6;runs=['03', '06'];target_channels=16;seed=0;val_split=0.2;filter=iir;split=calibration_curve_v2;train_runs=['06'];test_run=03;metric=test_accuracy;notes_extra=experiment=calibration_curve_v2;k=1;draw=1;recipe=dec;tag=scratch_dec_iir_k1_test03_d1_s0"
2026-08-16T00:04:27.741638,scratch,,1,194,0.4948453608247423,"csp_components=6;runs=['03', '06'];target_channels=16;seed=1;val_split=0.2;filter=iir;split=calibration_curve_v2;train_runs=['06'];test_run=03;metric=test_accuracy;notes_extra=experiment=calibration_curve_v2;k=1;draw=1;recipe=dec;tag=scratch_dec_iir_k1_test03_d1_s1"
2026-08-16T00:04:29.425001,scratch,,1,194,0.5154639175257731,"csp_components=6;runs=['03', '06'];target_channels=16;seed=2;val_split=0.2;filter=iir;split=calibration_curve_v2;train_runs=['06'];test_run=03;metric=test_accuracy;notes_extra=experiment=calibration_curve_v2;k=1;draw=1;recipe=dec;tag=scratch_dec_iir_k1_test03_d1_s2"
2026-08-16T00:04:45.650756,scratch,,1,194,0.4845360824742268,"csp_components=6;runs=['01', '04'];target_channels=16;seed=0;val_split=0.2;filter=iir;split=calibration_curve_v2;train_runs=['01'];test_run=04;metric=test_accuracy;notes_extra=experiment=calibration_curve_v2;k=1;draw=0;recipe=dec;tag=scratch_dec_iir_k1_test04_d0_s0"
2026-08-16T00:04:44.694409,scratch,,1,194,0.5257731958762887,"csp_components=6;runs=['01', '04'];target_channels=16;seed=1;val_split=0.2;filter=iir;split=calibration_curve_v2;train_runs=['01'];test_run=04;metric=test_accuracy;notes_extra=experiment=calibration_curve_v2;k=1;draw=0;recipe=dec;tag=scratch_dec_iir_k1_test04_d0_s1"
2026-08-16T00:04:42.056875,scratch,,1,194,0.4948453608247423,"csp_components=6;runs=['01', '04'];target_channels=16;seed=2;val_split=0.2;filter=iir;split=calibration_curve_v2;train_runs=['01'];test_run=04;metric=test_accuracy;notes_extra=experiment=calibration_curve_v2;k=1;draw=0;recipe=dec;tag=scratch_dec_iir_k1_test04_d0_s2"
2026-08-16T00:04:58.021953,scratch,,1,195,0.4536082474226804,"csp_components=6;runs=['04', '05'];target_channels=16;seed=0;val_split=0.2;filter=iir;split=calibration_curve_v2;train_runs=['05'];test_run=04;metric=test_accuracy;notes_extra=experiment=calibration_curve_v2;k=1;draw=1;recipe=dec;tag=scratch_dec_iir_k1_test04_d1_s0"
2026-08-16T00:05:01.769209,scratch,,1,195,0.5463917525773195,"csp_components=6;runs=['04', '05'];target_channels=16;seed=1;val_split=0.2;filter=iir;split=calibration_curve_v2;train_runs=['05'];test_run=04;metric=test_accuracy;notes_extra=experiment=calibration_curve_v2;k=1;draw=1;recipe=dec;tag=scratch_dec_iir_k1_test04_d1_s1"
2026-08-16T00:05:01.091720,scratch,,1,195,0.5051546391752577,"csp_components=6;runs=['04', '05'];target_channels=16;seed=2;val_split=0.2;filter=iir;split=calibration_curve_v2;train_runs=['05'];test_run=04;metric=test_accuracy;notes_extra=experiment=calibration_curve_v2;k=1;draw=1;recipe=dec;tag=scratch_dec_iir_k1_test04_d1_s2"
2026-08-16T00:05:14.641487,scratch,,1,195,0.5102040816326531,"csp_components=6;runs=['04', '05'];target_channels=16;seed=0;val_split=0.2;filter=iir;split=calibration_curve_v2;train_runs=['04'];test_run=05;metric=test_accuracy;notes_extra=experiment=calibration_curve_v2;k=1;draw=0;recipe=dec;tag=scratch_dec_iir_k1_test05_d0_s0"
2026-08-16T00:05:19.330556,scratch,,1,195,0.4387755102040816,"csp_components=6;runs=['04', '05'];target_channels=16;seed=1;val_split=0.2;filter=iir;split=calibration_curve_v2;train_runs=['04'];test_run=05;metric=test_accuracy;notes_extra=experiment=calibration_curve_v2;k=1;draw=0;recipe=dec;tag=scratch_dec_iir_k1_test05_d0_s1"
2026-08-16T00:05:22.710425,scratch,,1,195,0.4795918367346938,"csp_components=6;runs=['04', '05'];target_channels=16;seed=2;val_split=0.2;filter=iir;split=calibration_curve_v2;train_runs=['04'];test_run=05;metric=test_accuracy;notes_extra=experiment=calibration_curve_v2;k=1;draw=0;recipe=dec;tag=scratch_dec_iir_k1_test05_d0_s2"
2026-08-16T00:05:34.027848,scratch,,1,192,0.5510204081632653,"csp_components=6;runs=['05', '08'];target_channels=16;seed=0;val_split=0.2;filter=iir;split=calibration_curve_v2;train_runs=['08'];test_run=05;metric=test_accuracy;notes_extra=experiment=calibration_curve_v2;k=1;draw=1;recipe=dec;tag=scratch_dec_iir_k1_test05_d1_s0"
2026-08-16T00:05:36.463373,scratch,,1,192,0.5102040816326531,"csp_components=6;runs=['05', '08'];target_channels=16;seed=1;val_split=0.2;filter=iir;split=calibration_curve_v2;train_runs=['08'];test_run=05;metric=test_accuracy;notes_extra=experiment=calibration_curve_v2;k=1;draw=1;recipe=dec;tag=scratch_dec_iir_k1_test05_d1_s1"
2026-08-16T00:05:40.155585,scratch,,1,192,0.5102040816326531,"csp_components=6;runs=['05', '08'];target_channels=16;seed=2;val_split=0.2;filter=iir;split=calibration_curve_v2;train_runs=['08'];test_run=05;metric=test_accuracy;notes_extra=experiment=calibration_curve_v2;k=1;draw=1;recipe=dec;tag=scratch_dec_iir_k1_test05_d1_s2"
2026-08-16T00:05:48.535716,scratch,,1,194,0.5051546391752577,"csp_components=6;runs=['01', '06'];target_channels=16;seed=0;val_split=0.2;filter=iir;split=calibration_curve_v2;train_runs=['01'];test_run=06;metric=test_accuracy;notes_extra=experiment=calibration_curve_v2;k=1;draw=0;recipe=dec;tag=scratch_dec_iir_k1_test06_d0_s0"
2026-08-16T00:05:59.194712,scratch,,1,194,0.5154639175257731,"csp_components=6;runs=['01', '06'];target_channels=16;seed=1;val_split=0.2;filter=iir;split=calibration_curve_v2;train_runs=['01'];test_run=06;metric=test_accuracy;notes_extra=experiment=calibration_curve_v2;k=1;draw=0;recipe=dec;tag=scratch_dec_iir_k1_test06_d0_s1"
2026-08-16T00:05:56.296468,scratch,,1,194,0.5051546391752577,"csp_components=6;runs=['01', '06'];target_channels=16;seed=2;val_split=0.2;filter=iir;split=calibration_curve_v2;train_runs=['01'];test_run=06;metric=test_accuracy;notes_extra=experiment=calibration_curve_v2;k=1;draw=0;recipe=dec;tag=scratch_dec_iir_k1_test06_d0_s2"
2026-08-16T00:06:09.267001,scratch,,1,194,0.4948453608247423,"csp_components=6;runs=['03', '06'];target_channels=16;seed=0;val_split=0.2;filter=iir;split=calibration_curve_v2;train_runs=['03'];test_run=06;metric=test_accuracy;notes_extra=experiment=calibration_curve_v2;k=1;draw=1;recipe=dec;tag=scratch_dec_iir_k1_test06_d1_s0"
2026-08-16T00:06:11.236227,scratch,,1,194,0.5257731958762887,"csp_components=6;runs=['03', '06'];target_channels=16;seed=1;val_split=0.2;filter=iir;split=calibration_curve_v2;train_runs=['03'];test_run=06;metric=test_accuracy;notes_extra=experiment=calibration_curve_v2;k=1;draw=1;recipe=dec;tag=scratch_dec_iir_k1_test06_d1_s1"
2026-08-16T00:06:12.832821,scratch,,1,194,0.5051546391752577,"csp_components=6;runs=['03', '06'];target_channels=16;seed=2;val_split=0.2;filter=iir;split=calibration_curve_v2;train_runs=['03'];test_run=06;metric=test_accuracy;notes_extra=experiment=calibration_curve_v2;k=1;draw=1;recipe=dec;tag=scratch_dec_iir_k1_test06_d1_s2"
2026-08-16T00:06:24.642804,scratch,,1,196,0.494949494949495,"csp_components=6;runs=['01', '07'];target_channels=16;seed=0;val_split=0.2;filter=iir;split=calibration_curve_v2;train_runs=['01'];test_run=07;metric=test_accuracy;notes_extra=experiment=calibration_curve_v2;k=1;draw=0;recipe=dec;tag=scratch_dec_iir_k1_test07_d0_s0"
2026-08-16T00:06:29.239037,scratch,,1,196,0.494949494949495,"csp_components=6;runs=['01', '07'];target_channels=16;seed=1;val_split=0.2;filter=iir;split=calibration_curve_v2;train_runs=['01'];test_run=07;metric=test_accuracy;notes_extra=experiment=calibration_curve_v2;k=1;draw=0;recipe=dec;tag=scratch_dec_iir_k1_test07_d0_s1"
2026-08-16T00:06:29.416959,scratch,,1,196,0.494949494949495,"csp_components=6;runs=['01', '07'];target_channels=16;seed=2;val_split=0.2;filter=iir;split=calibration_curve_v2;train_runs=['01'];test_run=07;metric=test_accuracy;notes_extra=experiment=calibration_curve_v2;k=1;draw=0;recipe=dec;tag=scratch_dec_iir_k1_test07_d0_s2"
2026-08-16T00:06:40.126154,scratch,,1,193,0.5353535353535354,"csp_components=6;runs=['07', '08'];target_channels=16;seed=0;val_split=0.2;filter=iir;split=calibration_curve_v2;train_runs=['08'];test_run=07;metric=test_accuracy;notes_extra=experiment=calibration_curve_v2;k=1;draw=1;recipe=dec;tag=scratch_dec_iir_k1_test07_d1_s0"
2026-08-16T00:06:44.501261,scratch,,1,193,0.5151515151515151,"csp_components=6;runs=['07', '08'];target_channels=16;seed=1;val_split=0.2;filter=iir;split=calibration_curve_v2;train_runs=['08'];test_run=07;metric=test_accuracy;notes_extra=experiment=calibration_curve_v2;k=1;draw=1;recipe=dec;tag=scratch_dec_iir_k1_test07_d1_s1"
2026-08-16T00:06:49.646643,scratch,,1,193,0.5151515151515151,"csp_components=6;runs=['07', '08'];target_channels=16;seed=2;val_split=0.2;filter=iir;split=calibration_curve_v2;train_runs=['08'];test_run=07;metric=test_accuracy;notes_extra=experiment=calibration_curve_v2;k=1;draw=1;recipe=dec;tag=scratch_dec_iir_k1_test07_d1_s2"
2026-08-16T00:06:59.606510,scratch,,1,191,0.4042553191489361,"csp_components=6;runs=['04', '08'];target_channels=16;seed=0;val_split=0.2;filter=iir;split=calibration_curve_v2;train_runs=['04'];test_run=08;metric=test_accuracy;notes_extra=experiment=calibration_curve_v2;k=1;draw=0;recipe=dec;tag=scratch_dec_iir_k1_test08_d0_s0"
2026-08-16T00:07:03.478702,scratch,,1,191,0.4893617021276595,"csp_components=6;runs=['04', '08'];target_channels=16;seed=1;val_split=0.2;filter=iir;split=calibration_curve_v2;train_runs=['04'];test_run=08;metric=test_accuracy;notes_extra=experiment=calibration_curve_v2;k=1;draw=0;recipe=dec;tag=scratch_dec_iir_k1_test08_d0_s1"
2026-08-16T00:07:06.488131,scratch,,1,191,0.5319148936170213,"csp_components=6;runs=['04', '08'];target_channels=16;seed=2;val_split=0.2;filter=iir;split=calibration_curve_v2;train_runs=['04'];test_run=08;metric=test_accuracy;notes_extra=experiment=calibration_curve_v2;k=1;draw=0;recipe=dec;tag=scratch_dec_iir_k1_test08_d0_s2"
2026-08-16T00:07:14.197545,scratch,,1,192,0.5106382978723404,"csp_components=6;runs=['05', '08'];target_channels=16;seed=0;val_split=0.2;filter=iir;split=calibration_curve_v2;train_runs=['05'];test_run=08;metric=test_accuracy;notes_extra=experiment=calibration_curve_v2;k=1;draw=1;recipe=dec;tag=scratch_dec_iir_k1_test08_d1_s0"
2026-08-16T00:07:19.343371,scratch,,1,192,0.5,"csp_components=6;runs=['05', '08'];target_channels=16;seed=1;val_split=0.2;filter=iir;split=calibration_curve_v2;train_runs=['05'];test_run=08;metric=test_accuracy;notes_extra=experiment=calibration_curve_v2;k=1;draw=1;recipe=dec;tag=scratch_dec_iir_k1_test08_d1_s1"
2026-08-16T00:07:19.828029,scratch,,1,192,0.4574468085106383,"csp_components=6;runs=['05', '08'];target_channels=16;seed=2;val_split=0.2;filter=iir;split=calibration_curve_v2;train_runs=['05'];test_run=08;metric=test_accuracy;notes_extra=experiment=calibration_curve_v2;k=1;draw=1;recipe=dec;tag=scratch_dec_iir_k1_test08_d1_s2"
2026-08-15T23:56:22.115974,scratch,,1,289,0.4845360824742268,"csp_components=6;runs=['01', '02', '04'];target_channels=16;seed=0;val_split=0.2;filter=iir;split=calibration_curve_v2;train_runs=['02', '04'];test_run=01;metric=test_accuracy;notes_extra=experiment=calibration_curve_v2;k=2;draw=0;recipe=dec;tag=scratch_dec_iir_k2_test01_d0_s0"
2026-08-15T23:56:25.791218,scratch,,1,289,0.5463917525773195,"csp_components=6;runs=['01', '02', '04'];target_channels=16;seed=1;val_split=0.2;filter=iir;split=calibration_curve_v2;train_runs=['02', '04'];test_run=01;metric=test_accuracy;notes_extra=experiment=calibration_curve_v2;k=2;draw=0;recipe=dec;tag=scratch_dec_iir_k2_test01_d0_s1"
2026-08-15T23:56:28.617361,scratch,,1,289,0.5051546391752577,"csp_components=6;runs=['01', '02', '04'];target_channels=16;seed=2;val_split=0.2;filter=iir;split=calibration_curve_v2;train_runs=['02', '04'];test_run=01;metric=test_accuracy;notes_extra=experiment=calibration_curve_v2;k=2;draw=0;recipe=dec;tag=scratch_dec_iir_k2_test01_d0_s2"
2026-08-15T23:56:47.166936,scratch,,1,289,0.4742268041237113,"csp_components=6;runs=['01', '02', '06'];target_channels=16;seed=0;val_split=0.2;filter=iir;split=calibration_curve_v2;train_runs=['02', '06'];test_run=01;metric=test_accuracy;notes_extra=experiment=calibration_curve_v2;k=2;draw=1;recipe=dec;tag=scratch_dec_iir_k2_test01_d1_s0"
2026-08-15T23:56:48.071446,scratch,,1,289,0.4948453608247423,"csp_components=6;runs=['01', '02', '06'];target_channels=16;seed=1;val_split=0.2;filter=iir;split=calibration_curve_v2;train_runs=['02', '06'];test_run=01;metric=test_accuracy;notes_extra=experiment=calibration_curve_v2;k=2;draw=1;recipe=dec;tag=scratch_dec_iir_k2_test01_d1_s1"
2026-08-15T23:56:57.726167,scratch,,1,289,0.4845360824742268,"csp_components=6;runs=['01', '02', '06'];target_channels=16;seed=2;val_split=0.2;filter=iir;split=calibration_curve_v2;train_runs=['02', '06'];test_run=01;metric=test_accuracy;notes_extra=experiment=calibration_curve_v2;k=2;draw=1;recipe=dec;tag=scratch_dec_iir_k2_test01_d1_s2"
2026-08-15T23:57:12.529226,scratch,,1,291,0.4947368421052631,"csp_components=6;runs=['01', '02', '07'];target_channels=16;seed=0;val_split=0.2;filter=iir;split=calibration_curve_v2;train_runs=['01', '07'];test_run=02;metric=test_accuracy;notes_extra=experiment=calibration_curve_v2;k=2;draw=0;recipe=dec;tag=scratch_dec_iir_k2_test02_d0_s0"
2026-08-15T23:57:12.083959,scratch,,1,291,0.4421052631578947,"csp_components=6;runs=['01', '02', '07'];target_channels=16;seed=1;val_split=0.2;filter=iir;split=calibration_curve_v2;train_runs=['01', '07'];test_run=02;metric=test_accuracy;notes_extra=experiment=calibration_curve_v2;k=2;draw=0;recipe=dec;tag=scratch_dec_iir_k2_test02_d0_s1"
2026-08-15T23:57:23.805516,scratch,,1,291,0.4421052631578947,"csp_components=6;runs=['01', '02', '07'];target_channels=16;seed=2;val_split=0.2;filter=iir;split=calibration_curve_v2;train_runs=['01', '07'];test_run=02;metric=test_accuracy;notes_extra=experiment=calibration_curve_v2;k=2;draw=0;recipe=dec;tag=scratch_dec_iir_k2_test02_d0_s2"
2026-08-15T23:57:36.051288,scratch,,1,289,0.5263157894736842,"csp_components=6;runs=['02', '04', '06'];target_channels=16;seed=0;val_split=0.2;filter=iir;split=calibration_curve_v2;train_runs=['04', '06'];test_run=02;metric=test_accuracy;notes_extra=experiment=calibration_curve_v2;k=2;draw=1;recipe=dec;tag=scratch_dec_iir_k2_test02_d1_s0"
2026-08-15T23:57:39.572264,scratch,,1,289,0.4526315789473684,"csp_components=6;runs=['02', '04', '06'];target_channels=16;seed=1;val_split=0.2;filter=iir;split=calibration_curve_v2;train_runs=['04', '06'];test_run=02;metric=test_accuracy;notes_extra=experiment=calibration_curve_v2;k=2;draw=1;recipe=dec;tag=scratch_dec_iir_k2_test02_d1_s1"
2026-08-15T23:57:42.221863,scratch,,1,289,0.5368421052631579,"csp_components=6;runs=['02', '04', '06'];target_channels=16;seed=2;val_split=0.2;filter=iir;split=calibration_curve_v2;train_runs=['04', '06'];test_run=02;metric=test_accuracy;notes_extra=experiment=calibration_curve_v2;k=2;draw=1;recipe=dec;tag=scratch_dec_iir_k2_test02_d1_s2"
2026-08-15T23:58:02.233149,scratch,,1,293,0.5670103092783505,"csp_components=6;runs=['01', '03', '07'];target_channels=16;seed=0;val_split=0.2;filter=iir;split=calibration_curve_v2;train_runs=['01', '07'];test_run=03;metric=test_accuracy;notes_extra=experiment=calibration_curve_v2;k=2;draw=0;recipe=dec;tag=scratch_dec_iir_k2_test03_d0_s0"
2026-08-15T23:58:04.425048,scratch,,1,293,0.5567010309278351,"csp_components=6;runs=['01', '03', '07'];target_channels=16;seed=1;val_split=0.2;filter=iir;split=calibration_curve_v2;train_runs=['01', '07'];test_run=03;metric=test_accuracy;notes_extra=experiment=calibration_curve_v2;k=2;draw=0;recipe=dec;tag=scratch_dec_iir_k2_test03_d0_s1"
2026-08-15T23:58:11.241074,scratch,,1,293,0.4536082474226804,"csp_components=6;runs=['01', '03', '07'];target_channels=16;seed=2;val_split=0.2;filter=iir;split=calibration_curve_v2;train_runs=['01', '07'];test_run=03;metric=test_accuracy;notes_extra=experiment=calibration_curve_v2;k=2;draw=0;recipe=dec;tag=scratch_dec_iir_k2_test03_d0_s2"
2026-08-15T23:58:27.961072,scratch,,1,293,0.4639175257731959,"csp_components=6;runs=['03', '06', '07'];target_channels=16;seed=0;val_split=0.2;filter=iir;split=calibration_curve_v2;train_runs=['06', '07'];test_run=03;metric=test_accuracy;notes_extra=experiment=calibration_curve_v2;k=2;draw=1;recipe=dec;tag=scratch_dec_iir_k2_test03_d1_s0"
2026-08-15T23:58:32.291506,scratch,,1,293,0.5567010309278351,"csp_components=6;runs=['03', '06', '07'];target_channels=16;seed=1;val_split=0.2;filter=iir;split=calibration_curve_v2;train_runs=['06', '07'];test_run=03;metric=test_accuracy;notes_extra=experiment=calibration_curve_v2;k=2;draw=1;recipe=dec;tag=scratch_dec_iir_k2_test03_d1_s1"
2026-08-15T23:58:35.586935,scratch,,1,293,0.5154639175257731,"csp_components=6;runs=['03', '06', '07'];target_channels=16;seed=2;val_split=0.2;filter=iir;split=calibration_curve_v2;train_runs=['06', '07'];test_run=03;metric=test_accuracy;notes_extra=experiment=calibration_curve_v2;k=2;draw=1;recipe=dec;tag=scratch_dec_iir_k2_test03_d1_s2"
2026-08-15T23:58:53.277401,scratch,,1,291,0.5154639175257731,"csp_components=6;runs=['01', '04', '06'];target_channels=16;seed=0;val_split=0.2;filter=iir;split=calibration_curve_v2;train_runs=['01', '06'];test_run=04;metric=test_accuracy;notes_extra=experiment=calibration_curve_v2;k=2;draw=0;recipe=dec;tag=scratch_dec_iir_k2_test04_d0_s0"
2026-08-15T23:58:53.685458,scratch,,1,291,0.4845360824742268,"csp_components=6;runs=['01', '04', '06'];target_channels=16;seed=1;val_split=0.2;filter=iir;split=calibration_curve_v2;train_runs=['01', '06'];test_run=04;metric=test_accuracy;notes_extra=experiment=calibration_curve_v2;k=2;draw=0;recipe=dec;tag=scratch_dec_iir_k2_test04_d0_s1"
2026-08-15T23:59:01.384824,scratch,,1,291,0.4845360824742268,"csp_components=6;runs=['01', '04', '06'];target_channels=16;seed=2;val_split=0.2;filter=iir;split=calibration_curve_v2;train_runs=['01', '06'];test_run=04;metric=test_accuracy;notes_extra=experiment=calibration_curve_v2;k=2;draw=0;recipe=dec;tag=scratch_dec_iir_k2_test04_d0_s2"
2026-08-15T23:59:13.991240,scratch,,1,288,0.4742268041237113,"csp_components=6;runs=['04', '06', '08'];target_channels=16;seed=0;val_split=0.2;filter=iir;split=calibration_curve_v2;train_runs=['06', '08'];test_run=04;metric=test_accuracy;notes_extra=experiment=calibration_curve_v2;k=2;draw=1;recipe=dec;tag=scratch_dec_iir_k2_test04_d1_s0"
2026-08-15T23:59:24.705121,scratch,,1,288,0.4432989690721649,"csp_components=6;runs=['04', '06', '08'];target_channels=16;seed=1;val_split=0.2;filter=iir;split=calibration_curve_v2;train_runs=['06', '08'];test_run=04;metric=test_accuracy;notes_extra=experiment=calibration_curve_v2;k=2;draw=1;recipe=dec;tag=scratch_dec_iir_k2_test04_d1_s1"
2026-08-15T23:59:24.011829,scratch,,1,288,0.4948453608247423,"csp_components=6;runs=['04', '06', '08'];target_channels=16;seed=2;val_split=0.2;filter=iir;split=calibration_curve_v2;train_runs=['06', '08'];test_run=04;metric=test_accuracy;notes_extra=experiment=calibration_curve_v2;k=2;draw=1;recipe=dec;tag=scratch_dec_iir_k2_test04_d1_s2"
2026-08-15T23:59:41.373018,scratch,,1,292,0.4591836734693877,"csp_components=6;runs=['01', '04', '05'];target_channels=16;seed=0;val_split=0.2;filter=iir;split=calibration_curve_v2;train_runs=['01', '04'];test_run=05;metric=test_accuracy;notes_extra=experiment=calibration_curve_v2;k=2;draw=0;recipe=dec;tag=scratch_dec_iir_k2_test05_d0_s0"
2026-08-15T23:59:50.716185,scratch,,1,292,0.4795918367346938,"csp_components=6;runs=['01', '04', '05'];target_channels=16;seed=1;val_split=0.2;filter=iir;split=calibration_curve_v2;train_runs=['01', '04'];test_run=05;metric=test_accuracy;notes_extra=experiment=calibration_curve_v2;k=2;draw=0;recipe=dec;tag=scratch_dec_iir_k2_test05_d0_s1"
2026-08-15T23:59:52.393580,scratch,,1,292,0.4387755102040816,"csp_components=6;runs=['01', '04', '05'];target_channels=16;seed=2;val_split=0.2;filter=iir;split=calibration_curve_v2;train_runs=['01', '04'];test_run=05;metric=test_accuracy;notes_extra=experiment=calibration_curve_v2;k=2;draw=0;recipe=dec;tag=scratch_dec_iir_k2_test05_d0_s2"
2026-08-16T00:00:14.353256,scratch,,1,290,0.4795918367346938,"csp_components=6;runs=['02', '04', '05'];target_channels=16;seed=0;val_split=0.2;filter=iir;split=calibration_curve_v2;train_runs=['02', '04'];test_run=05;metric=test_accuracy;notes_extra=experiment=calibration_curve_v2;k=2;draw=1;recipe=dec;tag=scratch_dec_iir_k2_test05_d1_s0"
2026-08-16T00:00:17.447011,scratch,,1,290,0.5102040816326531,"csp_components=6;runs=['02', '04', '05'];target_channels=16;seed=1;val_split=0.2;filter=iir;split=calibration_curve_v2;train_runs=['02', '04'];test_run=05;metric=test_accuracy;notes_extra=experiment=calibration_curve_v2;k=2;draw=1;recipe=dec;tag=scratch_dec_iir_k2_test05_d1_s1"
2026-08-16T00:00:20.294771,scratch,,1,290,0.4795918367346938,"csp_components=6;runs=['02', '04', '05'];target_channels=16;seed=2;val_split=0.2;filter=iir;split=calibration_curve_v2;train_runs=['02', '04'];test_run=05;metric=test_accuracy;notes_extra=experiment=calibration_curve_v2;k=2;draw=1;recipe=dec;tag=scratch_dec_iir_k2_test05_d1_s2"
2026-08-16T00:00:36.319942,scratch,,1,293,0.5360824742268041,"csp_components=6;runs=['01', '06', '07'];target_channels=16;seed=0;val_split=0.2;filter=iir;split=calibration_curve_v2;train_runs=['01', '07'];test_run=06;metric=test_accuracy;notes_extra=experiment=calibration_curve_v2;k=2;draw=0;recipe=dec;tag=scratch_dec_iir_k2_test06_d0_s0"
2026-08-16T00:00:39.556647,scratch,,1,293,0.5051546391752577,"csp_components=6;runs=['01', '06', '07'];target_channels=16;seed=1;val_split=0.2;filter=iir;split=calibration_curve_v2;train_runs=['01', '07'];test_run=06;metric=test_accuracy;notes_extra=experiment=calibration_curve_v2;k=2;draw=0;recipe=dec;tag=scratch_dec_iir_k2_test06_d0_s1"
2026-08-16T00:00:44.862983,scratch,,1,293,0.5051546391752577,"csp_components=6;runs=['01', '06', '07'];target_channels=16;seed=2;val_split=0.2;filter=iir;split=calibration_curve_v2;train_runs=['01', '07'];test_run=06;metric=test_accuracy;notes_extra=experiment=calibration_curve_v2;k=2;draw=0;recipe=dec;tag=scratch_dec_iir_k2_test06_d0_s2"
2026-08-16T00:00:58.586333,scratch,,1,292,0.5154639175257731,"csp_components=6;runs=['04', '05', '06'];target_channels=16;seed=0;val_split=0.2;filter=iir;split=calibration_curve_v2;train_runs=['04', '05'];test_run=06;metric=test_accuracy;notes_extra=experiment=calibration_curve_v2;k=2;draw=1;recipe=dec;tag=scratch_dec_iir_k2_test06_d1_s0"
2026-08-16T00:01:03.285438,scratch,,1,292,0.5051546391752577,"csp_components=6;runs=['04', '05', '06'];target_channels=16;seed=1;val_split=0.2;filter=iir;split=calibration_curve_v2;train_runs=['04', '05'];test_run=06;metric=test_accuracy;notes_extra=experiment=calibration_curve_v2;k=2;draw=1;recipe=dec;tag=scratch_dec_iir_k2_test06_d1_s1"
2026-08-16T00:01:12.724206,scratch,,1,292,0.5773195876288659,"csp_components=6;runs=['04', '05', '06'];target_channels=16;seed=2;val_split=0.2;filter=iir;split=calibration_curve_v2;train_runs=['04', '05'];test_run=06;metric=test_accuracy;notes_extra=experiment=calibration_curve_v2;k=2;draw=1;recipe=dec;tag=scratch_dec_iir_k2_test06_d1_s2"
2026-08-16T00:01:23.021373,scratch,,1,290,0.4848484848484848,"csp_components=6;runs=['01', '07', '08'];target_channels=16;seed=0;val_split=0.2;filter=iir;split=calibration_curve_v2;train_runs=['01', '08'];test_run=07;metric=test_accuracy;notes_extra=experiment=calibration_curve_v2;k=2;draw=0;recipe=dec;tag=scratch_dec_iir_k2_test07_d0_s0"
2026-08-16T00:01:32.364471,scratch,,1,290,0.5252525252525253,"csp_components=6;runs=['01', '07', '08'];target_channels=16;seed=1;val_split=0.2;filter=iir;split=calibration_curve_v2;train_runs=['01', '08'];test_run=07;metric=test_accuracy;notes_extra=experiment=calibration_curve_v2;k=2;draw=0;recipe=dec;tag=scratch_dec_iir_k2_test07_d0_s1"
2026-08-16T00:01:35.001939,scratch,,1,290,0.494949494949495,"csp_components=6;runs=['01', '07', '08'];target_channels=16;seed=2;val_split=0.2;filter=iir;split=calibration_curve_v2;train_runs=['01', '08'];test_run=07;metric=test_accuracy;notes_extra=experiment=calibration_curve_v2;k=2;draw=0;recipe=dec;tag=scratch_dec_iir_k2_test07_d0_s2"
2026-08-16T00:01:53.658090,scratch,,1,291,0.4545454545454545,"csp_components=6;runs=['02', '06', '07'];target_channels=16;seed=0;val_split=0.2;filter=iir;split=calibration_curve_v2;train_runs=['02', '06'];test_run=07;metric=test_accuracy;notes_extra=experiment=calibration_curve_v2;k=2;draw=1;recipe=dec;tag=scratch_dec_iir_k2_test07_d1_s0"
2026-08-16T00:01:53.591655,scratch,,1,291,0.494949494949495,"csp_components=6;runs=['02', '06', '07'];target_channels=16;seed=1;val_split=0.2;filter=iir;split=calibration_curve_v2;train_runs=['02', '06'];test_run=07;metric=test_accuracy;notes_extra=experiment=calibration_curve_v2;k=2;draw=1;recipe=dec;tag=scratch_dec_iir_k2_test07_d1_s1"
2026-08-16T00:01:57.486888,scratch,,1,291,0.5050505050505051,"csp_components=6;runs=['02', '06', '07'];target_channels=16;seed=2;val_split=0.2;filter=iir;split=calibration_curve_v2;train_runs=['02', '06'];test_run=07;metric=test_accuracy;notes_extra=experiment=calibration_curve_v2;k=2;draw=1;recipe=dec;tag=scratch_dec_iir_k2_test07_d1_s2"
2026-08-16T00:02:13.816897,scratch,,1,287,0.4893617021276595,"csp_components=6;runs=['02', '05', '08'];target_channels=16;seed=0;val_split=0.2;filter=iir;split=calibration_curve_v2;train_runs=['02', '05'];test_run=08;metric=test_accuracy;notes_extra=experiment=calibration_curve_v2;k=2;draw=0;recipe=dec;tag=scratch_dec_iir_k2_test08_d0_s0"
2026-08-16T00:02:15.381624,scratch,,1,287,0.4787234042553192,"csp_components=6;runs=['02', '05', '08'];target_channels=16;seed=1;val_split=0.2;filter=iir;split=calibration_curve_v2;train_runs=['02', '05'];test_run=08;metric=test_accuracy;notes_extra=experiment=calibration_curve_v2;k=2;draw=0;recipe=dec;tag=scratch_dec_iir_k2_test08_d0_s1"
2026-08-16T00:02:20.574210,scratch,,1,287,0.5,"csp_components=6;runs=['02', '05', '08'];target_channels=16;seed=2;val_split=0.2;filter=iir;split=calibration_curve_v2;train_runs=['02', '05'];test_run=08;metric=test_accuracy;notes_extra=experiment=calibration_curve_v2;k=2;draw=0;recipe=dec;tag=scratch_dec_iir_k2_test08_d0_s2"
2026-08-16T00:02:35.361844,scratch,,1,290,0.5106382978723404,"csp_components=6;runs=['04', '07', '08'];target_channels=16;seed=0;val_split=0.2;filter=iir;split=calibration_curve_v2;train_runs=['04', '07'];test_run=08;metric=test_accuracy;notes_extra=experiment=calibration_curve_v2;k=2;draw=1;recipe=dec;tag=scratch_dec_iir_k2_test08_d1_s0"
2026-08-16T00:02:45.334133,scratch,,1,290,0.4680851063829787,"csp_components=6;runs=['04', '07', '08'];target_channels=16;seed=1;val_split=0.2;filter=iir;split=calibration_curve_v2;train_runs=['04', '07'];test_run=08;metric=test_accuracy;notes_extra=experiment=calibration_curve_v2;k=2;draw=1;recipe=dec;tag=scratch_dec_iir_k2_test08_d1_s1"
2026-08-16T00:02:50.331124,scratch,,1,290,0.5,"csp_components=6;runs=['04', '07', '08'];target_channels=16;seed=2;val_split=0.2;filter=iir;split=calibration_curve_v2;train_runs=['04', '07'];test_run=08;metric=test_accuracy;notes_extra=experiment=calibration_curve_v2;k=2;draw=1;recipe=dec;tag=scratch_dec_iir_k2_test08_d1_s2"
2026-08-15T23:05:14.365326,scratch,,1,488,0.5154639175257731,"csp_components=6;runs=['01', '03', '05', '06', '07'];target_channels=16;seed=0;val_split=0.2;filter=iir;split=calibration_curve_v2;train_runs=['03', '05', '06', '07'];test_run=01;metric=test_accuracy;notes_extra=experiment=calibration_curve_v2;k=4;draw=0;recipe=dec;tag=scratch_dec_iir_k4_test01_d0_s0"
2026-08-15T23:05:26.594759,scratch,,1,488,0.4742268041237113,"csp_components=6;runs=['01', '03', '05', '06', '07'];target_channels=16;seed=1;val_split=0.2;filter=iir;split=calibration_curve_v2;train_runs=['03', '05', '06', '07'];test_run=01;metric=test_accuracy;notes_extra=experiment=calibration_curve_v2;k=4;draw=0;recipe=dec;tag=scratch_dec_iir_k4_test01_d0_s1"
2026-08-15T23:05:31.897202,scratch,,1,488,0.5463917525773195,"csp_components=6;runs=['01', '03', '05', '06', '07'];target_channels=16;seed=2;val_split=0.2;filter=iir;split=calibration_curve_v2;train_runs=['03', '05', '06', '07'];test_run=01;metric=test_accuracy;notes_extra=experiment=calibration_curve_v2;k=4;draw=0;recipe=dec;tag=scratch_dec_iir_k4_test01_d0_s2"
2026-08-15T23:27:17.505297,scratch,,1,485,0.5360824742268041,"csp_components=6;runs=['01', '03', '05', '07', '08'];target_channels=16;seed=0;val_split=0.2;filter=iir;split=calibration_curve_v2;train_runs=['03', '05', '07', '08'];test_run=01;metric=test_accuracy;notes_extra=experiment=calibration_curve_v2;k=4;draw=1;recipe=dec;tag=scratch_dec_iir_k4_test01_d1_s0"
2026-08-15T23:27:25.070648,scratch,,1,485,0.4948453608247423,"csp_components=6;runs=['01', '03', '05', '07', '08'];target_channels=16;seed=1;val_split=0.2;filter=iir;split=calibration_curve_v2;train_runs=['03', '05', '07', '08'];test_run=01;metric=test_accuracy;notes_extra=experiment=calibration_curve_v2;k=4;draw=1;recipe=dec;tag=scratch_dec_iir_k4_test01_d1_s1"
2026-08-15T23:22:41.140505,scratch,,1,485,0.4639175257731959,"csp_components=6;runs=['01', '03', '05', '07', '08'];target_channels=16;seed=2;val_split=0.2;filter=iir;split=calibration_curve_v2;train_runs=['03', '05', '07', '08'];test_run=01;metric=test_accuracy;notes_extra=experiment=calibration_curve_v2;k=4;draw=1;recipe=dec;tag=scratch_dec_iir_k4_test01_d1_s2"
2026-08-15T23:27:41.801642,scratch,,1,482,0.5157894736842106,"csp_components=6;runs=['01', '02', '03', '07', '08'];target_channels=16;seed=0;val_split=0.2;filter=iir;split=calibration_curve_v2;train_runs=['01', '03', '07', '08'];test_run=02;metric=test_accuracy;notes_extra=experiment=calibration_curve_v2;k=4;draw=0;recipe=dec;tag=scratch_dec_iir_k4_test02_d0_s0"
2026-08-15T23:28:08.389853,scratch,,1,482,0.4842105263157895,"csp_components=6;runs=['01', '02', '03', '07', '08'];target_channels=16;seed=1;val_split=0.2;filter=iir;split=calibration_curve_v2;train_runs=['01', '03', '07', '08'];test_run=02;metric=test_accuracy;notes_extra=experiment=calibration_curve_v2;k=4;draw=0;recipe=dec;tag=scratch_dec_iir_k4_test02_d0_s1"
2026-08-15T23:28:17.812703,scratch,,1,482,0.4631578947368421,"csp_components=6;runs=['01', '02', '03', '07', '08'];target_channels=16;seed=2;val_split=0.2;filter=iir;split=calibration_curve_v2;train_runs=['01', '03', '07', '08'];test_run=02;metric=test_accuracy;notes_extra=experiment=calibration_curve_v2;k=4;draw=0;recipe=dec;tag=scratch_dec_iir_k4_test02_d0_s2"
2026-08-15T23:28:24.320805,scratch,,1,483,0.4947368421052631,"csp_components=6;runs=['02', '05', '06', '07', '08'];target_channels=16;seed=0;val_split=0.2;filter=iir;split=calibration_curve_v2;train_runs=['05', '06', '07', '08'];test_run=02;metric=test_accuracy;notes_extra=experiment=calibration_curve_v2;k=4;draw=1;recipe=dec;tag=scratch_dec_iir_k4_test02_d1_s0"
2026-08-15T23:29:44.615256,scratch,,1,483,0.431578947368421,"csp_components=6;runs=['02', '05', '06', '07', '08'];target_channels=16;seed=1;val_split=0.2;filter=iir;split=calibration_curve_v2;train_runs=['05', '06', '07', '08'];test_run=02;metric=test_accuracy;notes_extra=experiment=calibration_curve_v2;k=4;draw=1;recipe=dec;tag=scratch_dec_iir_k4_test02_d1_s1"
2026-08-15T23:29:33.656069,scratch,,1,483,0.4947368421052631,"csp_components=6;runs=['02', '05', '06', '07', '08'];target_channels=16;seed=2;val_split=0.2;filter=iir;split=calibration_curve_v2;train_runs=['05', '06', '07', '08'];test_run=02;metric=test_accuracy;notes_extra=experiment=calibration_curve_v2;k=4;draw=1;recipe=dec;tag=scratch_dec_iir_k4_test02_d1_s2"
2026-08-15T23:47:52.830444,scratch,,1,482,0.5876288659793815,"csp_components=6;runs=['01', '03', '04', '06', '08'];target_channels=16;seed=0;val_split=0.2;filter=iir;split=calibration_curve_v2;train_runs=['01', '04', '06', '08'];test_run=03;metric=test_accuracy;notes_extra=experiment=calibration_curve_v2;k=4;draw=0;recipe=dec;tag=scratch_dec_iir_k4_test03_d0_s0"
2026-08-15T23:47:57.463174,scratch,,1,482,0.5463917525773195,"csp_components=6;runs=['01', '03', '04', '06', '08'];target_channels=16;seed=1;val_split=0.2;filter=iir;split=calibration_curve_v2;train_runs=['01', '04', '06', '08'];test_run=03;metric=test_accuracy;notes_extra=experiment=calibration_curve_v2;k=4;draw=0;recipe=dec;tag=scratch_dec_iir_k4_test03_d0_s1"
2026-08-15T23:47:59.405527,scratch,,1,482,0.4742268041237113,"csp_components=6;runs=['01', '03', '04', '06', '08'];target_channels=16;seed=2;val_split=0.2;filter=iir;split=calibration_curve_v2;train_runs=['01', '04', '06', '08'];test_run=03;metric=test_accuracy;notes_extra=experiment=calibration_curve_v2;k=4;draw=0;recipe=dec;tag=scratch_dec_iir_k4_test03_d0_s2"
2026-08-15T23:48:38.187856,scratch,,1,482,0.4329896907216495,"csp_components=6;runs=['02', '03', '06', '07', '08'];target_channels=16;seed=0;val_split=0.2;filter=iir;split=calibration_curve_v2;train_runs=['02', '06', '07', '08'];test_run=03;metric=test_accuracy;notes_extra=experiment=calibration_curve_v2;k=4;draw=1;recipe=dec;tag=scratch_dec_iir_k4_test03_d1_s0"
2026-08-15T23:48:40.264827,scratch,,1,482,0.4845360824742268,"csp_components=6;runs=['02', '03', '06', '07', '08'];target_channels=16;seed=1;val_split=0.2;filter=iir;split=calibration_curve_v2;train_runs=['02', '06', '07', '08'];test_run=03;metric=test_accuracy;notes_extra=experiment=calibration_curve_v2;k=4;draw=1;recipe=dec;tag=scratch_dec_iir_k4_test03_d1_s1"
2026-08-15T23:48:53.010826,scratch,,1,482,0.5670103092783505,"csp_components=6;runs=['02', '03', '06', '07', '08'];target_channels=16;seed=2;val_split=0.2;filter=iir;split=calibration_curve_v2;train_runs=['02', '06', '07', '08'];test_run=03;metric=test_accuracy;notes_extra=experiment=calibration_curve_v2;k=4;draw=1;recipe=dec;tag=scratch_dec_iir_k4_test03_d1_s2"
2026-08-15T23:49:20.236347,scratch,,1,488,0.5154639175257731,"csp_components=6;runs=['01', '04', '05', '06', '07'];target_channels=16;seed=0;val_split=0.2;filter=iir;split=calibration_curve_v2;train_runs=['01', '05', '06', '07'];test_run=04;metric=test_accuracy;notes_extra=experiment=calibration_curve_v2;k=4;draw=0;recipe=dec;tag=scratch_dec_iir_k4_test04_d0_s0"
2026-08-15T23:49:31.851827,scratch,,1,488,0.4639175257731959,"csp_components=6;runs=['01', '04', '05', '06', '07'];target_channels=16;seed=1;val_split=0.2;filter=iir;split=calibration_curve_v2;train_runs=['01', '05', '06', '07'];test_run=04;metric=test_accuracy;notes_extra=experiment=calibration_curve_v2;k=4;draw=0;recipe=dec;tag=scratch_dec_iir_k4_test04_d0_s1"
2026-08-15T23:49:45.284361,scratch,,1,488,0.4742268041237113,"csp_components=6;runs=['01', '04', '05', '06', '07'];target_channels=16;seed=2;val_split=0.2;filter=iir;split=calibration_curve_v2;train_runs=['01', '05', '06', '07'];test_run=04;metric=test_accuracy;notes_extra=experiment=calibration_curve_v2;k=4;draw=0;recipe=dec;tag=scratch_dec_iir_k4_test04_d0_s2"
2026-08-15T23:50:04.182244,scratch,,1,485,0.4845360824742268,"csp_components=6;runs=['03', '04', '05', '07', '08'];target_channels=16;seed=0;val_split=0.2;filter=iir;split=calibration_curve_v2;train_runs=['03', '05', '07', '08'];test_run=04;metric=test_accuracy;notes_extra=experiment=calibration_curve_v2;k=4;draw=1;recipe=dec;tag=scratch_dec_iir_k4_test04_d1_s0"
2026-08-15T23:50:27.127560,scratch,,1,485,0.5360824742268041,"csp_components=6;runs=['03', '04', '05', '07', '08'];target_channels=16;seed=1;val_split=0.2;filter=iir;split=calibration_curve_v2;train_runs=['03', '05', '07', '08'];test_run=04;metric=test_accuracy;notes_extra=experiment=calibration_curve_v2;k=4;draw=1;recipe=dec;tag=scratch_dec_iir_k4_test04_d1_s1"
2026-08-15T23:50:24.683504,scratch,,1,485,0.6082474226804123,"csp_components=6;runs=['03', '04', '05', '07', '08'];target_channels=16;seed=2;val_split=0.2;filter=iir;split=calibration_curve_v2;train_runs=['03', '05', '07', '08'];test_run=04;metric=test_accuracy;notes_extra=experiment=calibration_curve_v2;k=4;draw=1;recipe=dec;tag=scratch_dec_iir_k4_test04_d1_s2"
2026-08-15T23:51:01.861275,scratch,,1,481,0.5918367346938775,"csp_components=6;runs=['01', '02', '03', '05', '08'];target_channels=16;seed=0;val_split=0.2;filter=iir;split=calibration_curve_v2;train_runs=['01', '02', '03', '08'];test_run=05;metric=test_accuracy;notes_extra=experiment=calibration_curve_v2;k=4;draw=0;recipe=dec;tag=scratch_dec_iir_k4_test05_d0_s0"
2026-08-15T23:51:07.158096,scratch,,1,481,0.5306122448979592,"csp_components=6;runs=['01', '02', '03', '05', '08'];target_channels=16;seed=1;val_split=0.2;filter=iir;split=calibration_curve_v2;train_runs=['01', '02', '03', '08'];test_run=05;metric=test_accuracy;notes_extra=experiment=calibration_curve_v2;k=4;draw=0;recipe=dec;tag=scratch_dec_iir_k4_test05_d0_s1"
2026-08-15T23:51:03.139638,scratch,,1,481,0.5510204081632653,"csp_components=6;runs=['01', '02', '03', '05', '08'];target_channels=16;seed=2;val_split=0.2;filter=iir;split=calibration_curve_v2;train_runs=['01', '02', '03', '08'];test_run=05;metric=test_accuracy;notes_extra=experiment=calibration_curve_v2;k=4;draw=0;recipe=dec;tag=scratch_dec_iir_k4_test05_d0_s2"
2026-08-15T23:51:37.161884,scratch,,1,483,0.5102040816326531,"csp_components=6;runs=['01', '02', '05', '07', '08'];target_channels=16;seed=0;val_split=0.2;filter=iir;split=calibration_curve_v2;train_runs=['01', '02', '07', '08'];test_run=05;metric=test_accuracy;notes_extra=experiment=calibration_curve_v2;k=4;draw=1;recipe=dec;tag=scratch_dec_iir_k4_test05_d1_s0"
2026-08-15T23:51:42.276818,scratch,,1,483,0.5102040816326531,"csp_components=6;runs=['01', '02', '05', '07', '08'];target_channels=16;seed=1;val_split=0.2;filter=iir;split=calibration_curve_v2;train_runs=['01', '02', '07', '08'];test_run=05;metric=test_accuracy;notes_extra=experiment=calibration_curve_v2;k=4;draw=1;recipe=dec;tag=scratch_dec_iir_k4_test05_d1_s1"
2026-08-15T23:51:48.955444,scratch,,1,483,0.4387755102040816,"csp_components=6;runs=['01', '02', '05', '07', '08'];target_channels=16;seed=2;val_split=0.2;filter=iir;split=calibration_curve_v2;train_runs=['01', '02', '07', '08'];test_run=05;metric=test_accuracy;notes_extra=experiment=calibration_curve_v2;k=4;draw=1;recipe=dec;tag=scratch_dec_iir_k4_test05_d1_s2"
2026-08-15T23:52:19.107288,scratch,,1,485,0.4536082474226804,"csp_components=6;runs=['01', '05', '06', '07', '08'];target_channels=16;seed=0;val_split=0.2;filter=iir;split=calibration_curve_v2;train_runs=['01', '05', '07', '08'];test_run=06;metric=test_accuracy;notes_extra=experiment=calibration_curve_v2;k=4;draw=0;recipe=dec;tag=scratch_dec_iir_k4_test06_d0_s0"
2026-08-15T23:52:21.931712,scratch,,1,485,0.4536082474226804,"csp_components=6;runs=['01', '05', '06', '07', '08'];target_channels=16;seed=1;val_split=0.2;filter=iir;split=calibration_curve_v2;train_runs=['01', '05', '07', '08'];test_run=06;metric=test_accuracy;notes_extra=experiment=calibration_curve_v2;k=4;draw=0;recipe=dec;tag=scratch_dec_iir_k4_test06_d0_s1"
2026-08-15T23:52:34.305511,scratch,,1,485,0.4845360824742268,"csp_components=6;runs=['01', '05', '06', '07', '08'];target_channels=16;seed=2;val_split=0.2;filter=iir;split=calibration_curve_v2;train_runs=['01', '05', '07', '08'];test_run=06;metric=test_accuracy;notes_extra=experiment=calibration_curve_v2;k=4;draw=0;recipe=dec;tag=scratch_dec_iir_k4_test06_d0_s2"
2026-08-15T23:52:55.504083,scratch,,1,486,0.5154639175257731,"csp_components=6;runs=['02', '03', '05', '06', '07'];target_channels=16;seed=0;val_split=0.2;filter=iir;split=calibration_curve_v2;train_runs=['02', '03', '05', '07'];test_run=06;metric=test_accuracy;notes_extra=experiment=calibration_curve_v2;k=4;draw=1;recipe=dec;tag=scratch_dec_iir_k4_test06_d1_s0"
2026-08-15T23:53:02.808569,scratch,,1,486,0.5463917525773195,"csp_components=6;runs=['02', '03', '05', '06', '07'];target_channels=16;seed=1;val_split=0.2;filter=iir;split=calibration_curve_v2;train_runs=['02', '03', '05', '07'];test_run=06;metric=test_accuracy;notes_extra=experiment=calibration_curve_v2;k=4;draw=1;recipe=dec;tag=scratch_dec_iir_k4_test06_d1_s1"
2026-08-15T23:53:09.957707,scratch,,1,486,0.5567010309278351,"csp_components=6;runs=['02', '03', '05', '06', '07'];target_channels=16;seed=2;val_split=0.2;filter=iir;split=calibration_curve_v2;train_runs=['02', '03', '05', '07'];test_run=06;metric=test_accuracy;notes_extra=experiment=calibration_curve_v2;k=4;draw=1;recipe=dec;tag=scratch_dec_iir_k4_test06_d1_s2"
2026-08-15T23:53:38.304658,scratch,,1,482,0.5353535353535354,"csp_components=6;runs=['01', '02', '04', '07', '08'];target_channels=16;seed=0;val_split=0.2;filter=iir;split=calibration_curve_v2;train_runs=['01', '02', '04', '08'];test_run=07;metric=test_accuracy;notes_extra=experiment=calibration_curve_v2;k=4;draw=0;recipe=dec;tag=scratch_dec_iir_k4_test07_d0_s0"
2026-08-15T23:53:46.651203,scratch,,1,482,0.6262626262626263,"csp_components=6;runs=['01', '02', '04', '07', '08'];target_channels=16;seed=1;val_split=0.2;filter=iir;split=calibration_curve_v2;train_runs=['01', '02', '04', '08'];test_run=07;metric=test_accuracy;notes_extra=experiment=calibration_curve_v2;k=4;draw=0;recipe=dec;tag=scratch_dec_iir_k4_test07_d0_s1"
2026-08-15T23:53:59.735473,scratch,,1,482,0.5050505050505051,"csp_components=6;runs=['01', '02', '04', '07', '08'];target_channels=16;seed=2;val_split=0.2;filter=iir;split=calibration_curve_v2;train_runs=['01', '02', '04', '08'];test_run=07;metric=test_accuracy;notes_extra=experiment=calibration_curve_v2;k=4;draw=0;recipe=dec;tag=scratch_dec_iir_k4_test07_d0_s2"
2026-08-15T23:54:20.594437,scratch,,1,483,0.5050505050505051,"csp_components=6;runs=['02', '03', '05', '07', '08'];target_channels=16;seed=0;val_split=0.2;filter=iir;split=calibration_curve_v2;train_runs=['02', '03', '05', '08'];test_run=07;metric=test_accuracy;notes_extra=experiment=calibration_curve_v2;k=4;draw=1;recipe=dec;tag=scratch_dec_iir_k4_test07_d1_s0"
2026-08-15T23:54:37.503806,scratch,,1,483,0.494949494949495,"csp_components=6;runs=['02', '03', '05', '07', '08'];target_channels=16;seed=1;val_split=0.2;filter=iir;split=calibration_curve_v2;train_runs=['02', '03', '05', '08'];test_run=07;metric=test_accuracy;notes_extra=experiment=calibration_curve_v2;k=4;draw=1;recipe=dec;tag=scratch_dec_iir_k4_test07_d1_s1"
2026-08-15T23:54:38.911225,scratch,,1,483,0.5353535353535354,"csp_components=6;runs=['02', '03', '05', '07', '08'];target_channels=16;seed=2;val_split=0.2;filter=iir;split=calibration_curve_v2;train_runs=['02', '03', '05', '08'];test_run=07;metric=test_accuracy;notes_extra=experiment=calibration_curve_v2;k=4;draw=1;recipe=dec;tag=scratch_dec_iir_k4_test07_d1_s2"
2026-08-15T23:55:08.930057,scratch,,1,485,0.4680851063829787,"csp_components=6;runs=['01', '03', '05', '07', '08'];target_channels=16;seed=0;val_split=0.2;filter=iir;split=calibration_curve_v2;train_runs=['01', '03', '05', '07'];test_run=08;metric=test_accuracy;notes_extra=experiment=calibration_curve_v2;k=4;draw=0;recipe=dec;tag=scratch_dec_iir_k4_test08_d0_s0"
2026-08-15T23:55:23.848958,scratch,,1,485,0.5106382978723404,"csp_components=6;runs=['01', '03', '05', '07', '08'];target_channels=16;seed=1;val_split=0.2;filter=iir;split=calibration_curve_v2;train_runs=['01', '03', '05', '07'];test_run=08;metric=test_accuracy;notes_extra=experiment=calibration_curve_v2;k=4;draw=0;recipe=dec;tag=scratch_dec_iir_k4_test08_d0_s1"
2026-08-15T23:55:26.007363,scratch,,1,485,0.5425531914893617,"csp_components=6;runs=['01', '03', '05', '07', '08'];target_channels=16;seed=2;val_split=0.2;filter=iir;split=calibration_curve_v2;train_runs=['01', '03', '05', '07'];test_run=08;metric=test_accuracy;notes_extra=experiment=calibration_curve_v2;k=4;draw=0;recipe=dec;tag=scratch_dec_iir_k4_test08_d0_s2"
2026-08-15T23:55:48.373329,scratch,,1,485,0.4787234042553192,"csp_components=6;runs=['01', '04', '05', '07', '08'];target_channels=16;seed=0;val_split=0.2;filter=iir;split=calibration_curve_v2;train_runs=['01', '04', '05', '07'];test_run=08;metric=test_accuracy;notes_extra=experiment=calibration_curve_v2;k=4;draw=1;recipe=dec;tag=scratch_dec_iir_k4_test08_d1_s0"
2026-08-15T23:56:03.191658,scratch,,1,485,0.4574468085106383,"csp_components=6;runs=['01', '04', '05', '07', '08'];target_channels=16;seed=1;val_split=0.2;filter=iir;split=calibration_curve_v2;train_runs=['01', '04', '05', '07'];test_run=08;metric=test_accuracy;notes_extra=experiment=calibration_curve_v2;k=4;draw=1;recipe=dec;tag=scratch_dec_iir_k4_test08_d1_s1"
2026-08-15T23:56:04.407257,scratch,,1,485,0.4787234042553192,"csp_components=6;runs=['01', '04', '05', '07', '08'];target_channels=16;seed=2;val_split=0.2;filter=iir;split=calibration_curve_v2;train_runs=['01', '04', '05', '07'];test_run=08;metric=test_accuracy;notes_extra=experiment=calibration_curve_v2;k=4;draw=1;recipe=dec;tag=scratch_dec_iir_k4_test08_d1_s2"
2026-08-15T21:35:06.333784,scratch,,1,774,0.5463917525773195,"csp_components=6;runs=['01', '02', '03', '04', '05', '06', '07', '08'];target_channels=16;seed=0;val_split=0.2;filter=iir;split=calibration_curve_v2;train_runs=['02', '03', '04', '05', '06', '07', '08'];test_run=01;metric=test_accuracy;notes_extra=experiment=calibration_curve_v2;k=7;draw=0;recipe=dec;tag=scratch_dec_iir_k7_test01_d0_s0"
2026-08-15T21:35:27.896502,scratch,,1,774,0.4123711340206185,"csp_components=6;runs=['01', '02', '03', '04', '05', '06', '07', '08'];target_channels=16;seed=1;val_split=0.2;filter=iir;split=calibration_curve_v2;train_runs=['02', '03', '04', '05', '06', '07', '08'];test_run=01;metric=test_accuracy;notes_extra=experiment=calibration_curve_v2;k=7;draw=0;recipe=dec;tag=scratch_dec_iir_k7_test01_d0_s1"
2026-08-15T21:35:49.006736,scratch,,1,774,0.4536082474226804,"csp_components=6;runs=['01', '02', '03', '04', '05', '06', '07', '08'];target_channels=16;seed=2;val_split=0.2;filter=iir;split=calibration_curve_v2;train_runs=['02', '03', '04', '05', '06', '07', '08'];test_run=01;metric=test_accuracy;notes_extra=experiment=calibration_curve_v2;k=7;draw=0;recipe=dec;tag=scratch_dec_iir_k7_test01_d0_s2"
2026-08-15T21:37:16.301487,scratch,,1,774,0.5368421052631579,"csp_components=6;runs=['01', '02', '03', '04', '05', '06', '07', '08'];target_channels=16;seed=0;val_split=0.2;filter=iir;split=calibration_curve_v2;train_runs=['01', '03', '04', '05', '06', '07', '08'];test_run=02;metric=test_accuracy;notes_extra=experiment=calibration_curve_v2;k=7;draw=0;recipe=dec;tag=scratch_dec_iir_k7_test02_d0_s0"
2026-08-15T21:37:39.230411,scratch,,1,774,0.4736842105263157,"csp_components=6;runs=['01', '02', '03', '04', '05', '06', '07', '08'];target_channels=16;seed=1;val_split=0.2;filter=iir;split=calibration_curve_v2;train_runs=['01', '03', '04', '05', '06', '07', '08'];test_run=02;metric=test_accuracy;notes_extra=experiment=calibration_curve_v2;k=7;draw=0;recipe=dec;tag=scratch_dec_iir_k7_test02_d0_s1"
2026-08-15T21:38:03.832529,scratch,,1,774,0.4421052631578947,"csp_components=6;runs=['01', '02', '03', '04', '05', '06', '07', '08'];target_channels=16;seed=2;val_split=0.2;filter=iir;split=calibration_curve_v2;train_runs=['01', '03', '04', '05', '06', '07', '08'];test_run=02;metric=test_accuracy;notes_extra=experiment=calibration_curve_v2;k=7;draw=0;recipe=dec;tag=scratch_dec_iir_k7_test02_d0_s2"
2026-08-15T21:39:36.543486,scratch,,1,774,0.4020618556701031,"csp_components=6;runs=['01', '02', '03', '04', '05', '06', '07', '08'];target_channels=16;seed=0;val_split=0.2;filter=iir;split=calibration_curve_v2;train_runs=['01', '02', '04', '05', '06', '07', '08'];test_run=03;metric=test_accuracy;notes_extra=experiment=calibration_curve_v2;k=7;draw=0;recipe=dec;tag=scratch_dec_iir_k7_test03_d0_s0"
2026-08-15T21:39:54.911082,scratch,,1,774,0.5567010309278351,"csp_components=6;runs=['01', '02', '03', '04', '05', '06', '07', '08'];target_channels=16;seed=1;val_split=0.2;filter=iir;split=calibration_curve_v2;train_runs=['01', '02', '04', '05', '06', '07', '08'];test_run=03;metric=test_accuracy;notes_extra=experiment=calibration_curve_v2;k=7;draw=0;recipe=dec;tag=scratch_dec_iir_k7_test03_d0_s1"
2026-08-15T21:40:22.606959,scratch,,1,774,0.4948453608247423,"csp_components=6;runs=['01', '02', '03', '04', '05', '06', '07', '08'];target_channels=16;seed=2;val_split=0.2;filter=iir;split=calibration_curve_v2;train_runs=['01', '02', '04', '05', '06', '07', '08'];test_run=03;metric=test_accuracy;notes_extra=experiment=calibration_curve_v2;k=7;draw=0;recipe=dec;tag=scratch_dec_iir_k7_test03_d0_s2"
2026-08-15T21:41:47.077914,scratch,,1,774,0.4639175257731959,"csp_components=6;runs=['01', '02', '03', '04', '05', '06', '07', '08'];target_channels=16;seed=0;val_split=0.2;filter=iir;split=calibration_curve_v2;train_runs=['01', '02', '03', '05', '06', '07', '08'];test_run=04;metric=test_accuracy;notes_extra=experiment=calibration_curve_v2;k=7;draw=0;recipe=dec;tag=scratch_dec_iir_k7_test04_d0_s0"
2026-08-15T21:42:07.863901,scratch,,1,774,0.4845360824742268,"csp_components=6;runs=['01', '02', '03', '04', '05', '06', '07', '08'];target_channels=16;seed=1;val_split=0.2;filter=iir;split=calibration_curve_v2;train_runs=['01', '02', '03', '05', '06', '07', '08'];test_run=04;metric=test_accuracy;notes_extra=experiment=calibration_curve_v2;k=7;draw=0;recipe=dec;tag=scratch_dec_iir_k7_test04_d0_s1"
2026-08-15T21:42:30.513345,scratch,,1,774,0.4948453608247423,"csp_components=6;runs=['01', '02', '03', '04', '05', '06', '07', '08'];target_channels=16;seed=2;val_split=0.2;filter=iir;split=calibration_curve_v2;train_runs=['01', '02', '03', '05', '06', '07', '08'];test_run=04;metric=test_accuracy;notes_extra=experiment=calibration_curve_v2;k=7;draw=0;recipe=dec;tag=scratch_dec_iir_k7_test04_d0_s2"
2026-08-15T21:44:01.294602,scratch,,1,774,0.4693877551020408,"csp_components=6;runs=['01', '02', '03', '04', '05', '06', '07', '08'];target_channels=16;seed=0;val_split=0.2;filter=iir;split=calibration_curve_v2;train_runs=['01', '02', '03', '04', '06', '07', '08'];test_run=05;metric=test_accuracy;notes_extra=experiment=calibration_curve_v2;k=7;draw=0;recipe=dec;tag=scratch_dec_iir_k7_test05_d0_s0"
2026-08-15T21:44:24.971249,scratch,,1,774,0.4387755102040816,"csp_components=6;runs=['01', '02', '03', '04', '05', '06', '07', '08'];target_channels=16;seed=1;val_split=0.2;filter=iir;split=calibration_curve_v2;train_runs=['01', '02', '03', '04', '06', '07', '08'];test_run=05;metric=test_accuracy;notes_extra=experiment=calibration_curve_v2;k=7;draw=0;recipe=dec;tag=scratch_dec_iir_k7_test05_d0_s1"
2026-08-15T21:44:45.933857,scratch,,1,774,0.5102040816326531,"csp_components=6;runs=['01', '02', '03', '04', '05', '06', '07', '08'];target_channels=16;seed=2;val_split=0.2;filter=iir;split=calibration_curve_v2;train_runs=['01', '02', '03', '04', '06', '07', '08'];test_run=05;metric=test_accuracy;notes_extra=experiment=calibration_curve_v2;k=7;draw=0;recipe=dec;tag=scratch_dec_iir_k7_test05_d0_s2"
2026-08-15T21:46:17.492989,scratch,,1,774,0.5051546391752577,"csp_components=6;runs=['01', '02', '03', '04', '05', '06', '07', '08'];target_channels=16;seed=0;val_split=0.2;filter=iir;split=calibration_curve_v2;train_runs=['01', '02', '03', '04', '05', '07', '08'];test_run=06;metric=test_accuracy;notes_extra=experiment=calibration_curve_v2;k=7;draw=0;recipe=dec;tag=scratch_dec_iir_k7_test06_d0_s0"
2026-08-15T21:46:37.407090,scratch,,1,774,0.4845360824742268,"csp_components=6;runs=['01', '02', '03', '04', '05', '06', '07', '08'];target_channels=16;seed=1;val_split=0.2;filter=iir;split=calibration_curve_v2;train_runs=['01', '02', '03', '04', '05', '07', '08'];test_run=06;metric=test_accuracy;notes_extra=experiment=calibration_curve_v2;k=7;draw=0;recipe=dec;tag=scratch_dec_iir_k7_test06_d0_s1"
2026-08-15T21:47:02.792262,scratch,,1,774,0.5463917525773195,"csp_components=6;runs=['01', '02', '03', '04', '05', '06', '07', '08'];target_channels=16;seed=2;val_split=0.2;filter=iir;split=calibration_curve_v2;train_runs=['01', '02', '03', '04', '05', '07', '08'];test_run=06;metric=test_accuracy;notes_extra=experiment=calibration_curve_v2;k=7;draw=0;recipe=dec;tag=scratch_dec_iir_k7_test06_d0_s2"
2026-08-15T21:48:30.606895,scratch,,1,774,0.5959595959595959,"csp_components=6;runs=['01', '02', '03', '04', '05', '06', '07', '08'];target_channels=16;seed=0;val_split=0.2;filter=iir;split=calibration_curve_v2;train_runs=['01', '02', '03', '04', '05', '06', '08'];test_run=07;metric=test_accuracy;notes_extra=experiment=calibration_curve_v2;k=7;draw=0;recipe=dec;tag=scratch_dec_iir_k7_test07_d0_s0"
2026-08-15T21:48:51.540124,scratch,,1,774,0.404040404040404,"csp_components=6;runs=['01', '02', '03', '04', '05', '06', '07', '08'];target_channels=16;seed=1;val_split=0.2;filter=iir;split=calibration_curve_v2;train_runs=['01', '02', '03', '04', '05', '06', '08'];test_run=07;metric=test_accuracy;notes_extra=experiment=calibration_curve_v2;k=7;draw=0;recipe=dec;tag=scratch_dec_iir_k7_test07_d0_s1"
2026-08-15T21:54:05.507319,scratch,,1,774,0.5858585858585859,"csp_components=6;runs=['01', '02', '03', '04', '05', '06', '07', '08'];target_channels=16;seed=2;val_split=0.2;filter=iir;split=calibration_curve_v2;train_runs=['01', '02', '03', '04', '05', '06', '08'];test_run=07;metric=test_accuracy;notes_extra=experiment=calibration_curve_v2;k=7;draw=0;recipe=dec;tag=scratch_dec_iir_k7_test07_d0_s2"
2026-08-15T23:03:45.177096,scratch,,1,774,0.5319148936170213,"csp_components=6;runs=['01', '02', '03', '04', '05', '06', '07', '08'];target_channels=16;seed=0;val_split=0.2;filter=iir;split=calibration_curve_v2;train_runs=['01', '02', '03', '04', '05', '06', '07'];test_run=08;metric=test_accuracy;notes_extra=experiment=calibration_curve_v2;k=7;draw=0;recipe=dec;tag=scratch_dec_iir_k7_test08_d0_s0"
2026-08-15T23:04:20.142851,scratch,,1,774,0.4468085106382978,"csp_components=6;runs=['01', '02', '03', '04', '05', '06', '07', '08'];target_channels=16;seed=1;val_split=0.2;filter=iir;split=calibration_curve_v2;train_runs=['01', '02', '03', '04', '05', '06', '07'];test_run=08;metric=test_accuracy;notes_extra=experiment=calibration_curve_v2;k=7;draw=0;recipe=dec;tag=scratch_dec_iir_k7_test08_d0_s1"
2026-08-15T23:04:21.969880,scratch,,1,774,0.5,"csp_components=6;runs=['01', '02', '03', '04', '05', '06', '07', '08'];target_channels=16;seed=2;val_split=0.2;filter=iir;split=calibration_curve_v2;train_runs=['01', '02', '03', '04', '05', '06', '07'];test_run=08;metric=test_accuracy;notes_extra=experiment=calibration_curve_v2;k=7;draw=0;recipe=dec;tag=scratch_dec_iir_k7_test08_d0_s2"
2026-08-16T00:02:47.573585,transfer,/home/connor/Desktop/eeg-motor-classification/legacy/model/models/base_model_90_subjects.pt,1,189,0.6382978723404256,"csp_components=6;runs=['01', '02'];target_channels=14;seed=0;val_split=0.2;filter=fir;split=calibration_curve_v2;train_runs=['02'];test_run=01;metric=test_accuracy;notes_extra=experiment=calibration_curve_v2;k=1;draw=0;recipe=dec;tag=transfer_dec_fir_k1_test01_d0_s0"
2026-08-16T00:02:50.215953,transfer,/home/connor/Desktop/eeg-motor-classification/legacy/model/models/base_model_90_subjects.pt,1,189,0.5531914893617021,"csp_components=6;runs=['01', '02'];target_channels=14;seed=1;val_split=0.2;filter=fir;split=calibration_curve_v2;train_runs=['02'];test_run=01;metric=test_accuracy;notes_extra=experiment=calibration_curve_v2;k=1;draw=0;recipe=dec;tag=transfer_dec_fir_k1_test01_d0_s1"
2026-08-16T00:02:55.062451,transfer,/home/connor/Desktop/eeg-motor-classification/legacy/model/models/base_model_90_subjects.pt,1,189,0.5106382978723404,"csp_components=6;runs=['01', '02'];target_channels=14;seed=2;val_split=0.2;filter=fir;split=calibration_curve_v2;train_runs=['02'];test_run=01;metric=test_accuracy;notes_extra=experiment=calibration_curve_v2;k=1;draw=0;recipe=dec;tag=transfer_dec_fir_k1_test01_d0_s2"
2026-08-16T00:03:05.930159,transfer,/home/connor/Desktop/eeg-motor-classification/legacy/model/models/base_model_90_subjects.pt,1,189,0.4361702127659574,"csp_components=6;runs=['01', '08'];target_channels=14;seed=0;val_split=0.2;filter=fir;split=calibration_curve_v2;train_runs=['08'];test_run=01;metric=test_accuracy;notes_extra=experiment=calibration_curve_v2;k=1;draw=1;recipe=dec;tag=transfer_dec_fir_k1_test01_d1_s0"
2026-08-16T00:03:09.839156,transfer,/home/connor/Desktop/eeg-motor-classification/legacy/model/models/base_model_90_subjects.pt,1,189,0.4468085106382978,"csp_components=6;runs=['01', '08'];target_channels=14;seed=1;val_split=0.2;filter=fir;split=calibration_curve_v2;train_runs=['08'];test_run=01;metric=test_accuracy;notes_extra=experiment=calibration_curve_v2;k=1;draw=1;recipe=dec;tag=transfer_dec_fir_k1_test01_d1_s1"
2026-08-16T00:03:11.819815,transfer,/home/connor/Desktop/eeg-motor-classification/legacy/model/models/base_model_90_subjects.pt,1,189,0.4787234042553192,"csp_components=6;runs=['01', '08'];target_channels=14;seed=2;val_split=0.2;filter=fir;split=calibration_curve_v2;train_runs=['08'];test_run=01;metric=test_accuracy;notes_extra=experiment=calibration_curve_v2;k=1;draw=1;recipe=dec;tag=transfer_dec_fir_k1_test01_d1_s2"
2026-08-16T00:03:25.261747,transfer,/home/connor/Desktop/eeg-motor-classification/legacy/model/models/base_model_90_subjects.pt,1,193,0.4842105263157895,"csp_components=6;runs=['02', '05'];target_channels=14;seed=0;val_split=0.2;filter=fir;split=calibration_curve_v2;train_runs=['05'];test_run=02;metric=test_accuracy;notes_extra=experiment=calibration_curve_v2;k=1;draw=0;recipe=dec;tag=transfer_dec_fir_k1_test02_d0_s0"
2026-08-16T00:03:28.066737,transfer,/home/connor/Desktop/eeg-motor-classification/legacy/model/models/base_model_90_subjects.pt,1,193,0.4421052631578947,"csp_components=6;runs=['02', '05'];target_channels=14;seed=1;val_split=0.2;filter=fir;split=calibration_curve_v2;train_runs=['05'];test_run=02;metric=test_accuracy;notes_extra=experiment=calibration_curve_v2;k=1;draw=0;recipe=dec;tag=transfer_dec_fir_k1_test02_d0_s1"
2026-08-16T00:03:29.966583,transfer,/home/connor/Desktop/eeg-motor-classification/legacy/model/models/base_model_90_subjects.pt,1,193,0.5052631578947369,"csp_components=6;runs=['02', '05'];target_channels=14;seed=2;val_split=0.2;filter=fir;split=calibration_curve_v2;train_runs=['05'];test_run=02;metric=test_accuracy;notes_extra=experiment=calibration_curve_v2;k=1;draw=0;recipe=dec;tag=transfer_dec_fir_k1_test02_d0_s2"
2026-08-16T00:03:39.696118,transfer,/home/connor/Desktop/eeg-motor-classification/legacy/model/models/base_model_90_subjects.pt,1,193,0.5684210526315789,"csp_components=6;runs=['02', '06'];target_channels=14;seed=0;val_split=0.2;filter=fir;split=calibration_curve_v2;train_runs=['06'];test_run=02;metric=test_accuracy;notes_extra=experiment=calibration_curve_v2;k=1;draw=1;recipe=dec;tag=transfer_dec_fir_k1_test02_d1_s0"
2026-08-16T00:03:43.168818,transfer,/home/connor/Desktop/eeg-motor-classification/legacy/model/models/base_model_90_subjects.pt,1,193,0.4421052631578947,"csp_components=6;runs=['02', '06'];target_channels=14;seed=1;val_split=0.2;filter=fir;split=calibration_curve_v2;train_runs=['06'];test_run=02;metric=test_accuracy;notes_extra=experiment=calibration_curve_v2;k=1;draw=1;recipe=dec;tag=transfer_dec_fir_k1_test02_d1_s1"
2026-08-16T00:03:43.976988,transfer,/home/connor/Desktop/eeg-motor-classification/legacy/model/models/base_model_90_subjects.pt,1,193,0.4736842105263157,"csp_components=6;runs=['02', '06'];target_channels=14;seed=2;val_split=0.2;filter=fir;split=calibration_curve_v2;train_runs=['06'];test_run=02;metric=test_accuracy;notes_extra=experiment=calibration_curve_v2;k=1;draw=1;recipe=dec;tag=transfer_dec_fir_k1_test02_d1_s2"
2026-08-16T00:03:59.589622,transfer,/home/connor/Desktop/eeg-motor-classification/legacy/model/models/base_model_90_subjects.pt,1,195,0.5257731958762887,"csp_components=6;runs=['03', '05'];target_channels=14;seed=0;val_split=0.2;filter=fir;split=calibration_curve_v2;train_runs=['05'];test_run=03;metric=test_accuracy;notes_extra=experiment=calibration_curve_v2;k=1;draw=0;recipe=dec;tag=transfer_dec_fir_k1_test03_d0_s0"
2026-08-16T00:03:59.497478,transfer,/home/connor/Desktop/eeg-motor-classification/legacy/model/models/base_model_90_subjects.pt,1,195,0.5154639175257731,"csp_components=6;runs=['03', '05'];target_channels=14;seed=1;val_split=0.2;filter=fir;split=calibration_curve_v2;train_runs=['05'];test_run=03;metric=test_accuracy;notes_extra=experiment=calibration_curve_v2;k=1;draw=0;recipe=dec;tag=transfer_dec_fir_k1_test03_d0_s1"
2026-08-16T00:04:00.842605,transfer,/home/connor/Desktop/eeg-motor-classification/legacy/model/models/base_model_90_subjects.pt,1,195,0.5360824742268041,"csp_components=6;runs=['03', '05'];target_channels=14;seed=2;val_split=0.2;filter=fir;split=calibration_curve_v2;train_runs=['05'];test_run=03;metric=test_accuracy;notes_extra=experiment=calibration_curve_v2;k=1;draw=0;recipe=dec;tag=transfer_dec_fir_k1_test03_d0_s2"
2026-08-16T00:04:15.097975,transfer,/home/connor/Desktop/eeg-motor-classification/legacy/model/models/base_model_90_subjects.pt,1,195,0.4432989690721649,"csp_components=6;runs=['03', '06'];target_channels=14;seed=0;val_split=0.2;filter=fir;split=calibration_curve_v2;train_runs=['06'];test_run=03;metric=test_accuracy;notes_extra=experiment=calibration_curve_v2;k=1;draw=1;recipe=dec;tag=transfer_dec_fir_k1_test03_d1_s0"
2026-08-16T00:04:16.138808,transfer,/home/connor/Desktop/eeg-motor-classification/legacy/model/models/base_model_90_subjects.pt,1,195,0.4742268041237113,"csp_components=6;runs=['03', '06'];target_channels=14;seed=1;val_split=0.2;filter=fir;split=calibration_curve_v2;train_runs=['06'];test_run=03;metric=test_accuracy;notes_extra=experiment=calibration_curve_v2;k=1;draw=1;recipe=dec;tag=transfer_dec_fir_k1_test03_d1_s1"
2026-08-16T00:04:17.908028,transfer,/home/connor/Desktop/eeg-motor-classification/legacy/model/models/base_model_90_subjects.pt,1,195,0.5154639175257731,"csp_components=6;runs=['03', '06'];target_channels=14;seed=2;val_split=0.2;filter=fir;split=calibration_curve_v2;train_runs=['06'];test_run=03;metric=test_accuracy;notes_extra=experiment=calibration_curve_v2;k=1;draw=1;recipe=dec;tag=transfer_dec_fir_k1_test03_d1_s2"
2026-08-16T00:04:31.238976,transfer,/home/connor/Desktop/eeg-motor-classification/legacy/model/models/base_model_90_subjects.pt,1,191,0.5463917525773195,"csp_components=6;runs=['01', '04'];target_channels=14;seed=0;val_split=0.2;filter=fir;split=calibration_curve_v2;train_runs=['01'];test_run=04;metric=test_accuracy;notes_extra=experiment=calibration_curve_v2;k=1;draw=0;recipe=dec;tag=transfer_dec_fir_k1_test04_d0_s0"
2026-08-16T00:04:33.548524,transfer,/home/connor/Desktop/eeg-motor-classification/legacy/model/models/base_model_90_subjects.pt,1,191,0.5154639175257731,"csp_components=6;runs=['01', '04'];target_channels=14;seed=1;val_split=0.2;filter=fir;split=calibration_curve_v2;train_runs=['01'];test_run=04;metric=test_accuracy;notes_extra=experiment=calibration_curve_v2;k=1;draw=0;recipe=dec;tag=transfer_dec_fir_k1_test04_d0_s1"
2026-08-16T00:04:42.830268,transfer,/home/connor/Desktop/eeg-motor-classification/legacy/model/models/base_model_90_subjects.pt,1,191,0.4948453608247423,"csp_components=6;runs=['01', '04'];target_channels=14;seed=2;val_split=0.2;filter=fir;split=calibration_curve_v2;train_runs=['01'];test_run=04;metric=test_accuracy;notes_extra=experiment=calibration_curve_v2;k=1;draw=0;recipe=dec;tag=transfer_dec_fir_k1_test04_d0_s2"
2026-08-16T00:04:51.466765,transfer,/home/connor/Desktop/eeg-motor-classification/legacy/model/models/base_model_90_subjects.pt,1,195,0.5154639175257731,"csp_components=6;runs=['04', '05'];target_channels=14;seed=0;val_split=0.2;filter=fir;split=calibration_curve_v2;train_runs=['05'];test_run=04;metric=test_accuracy;notes_extra=experiment=calibration_curve_v2;k=1;draw=1;recipe=dec;tag=transfer_dec_fir_k1_test04_d1_s0"
2026-08-16T00:04:53.275242,transfer,/home/connor/Desktop/eeg-motor-classification/legacy/model/models/base_model_90_subjects.pt,1,195,0.5154639175257731,"csp_components=6;runs=['04', '05'];target_channels=14;seed=1;val_split=0.2;filter=fir;split=calibration_curve_v2;train_runs=['05'];test_run=04;metric=test_accuracy;notes_extra=experiment=calibration_curve_v2;k=1;draw=1;recipe=dec;tag=transfer_dec_fir_k1_test04_d1_s1"
2026-08-16T00:04:58.773348,transfer,/home/connor/Desktop/eeg-motor-classification/legacy/model/models/base_model_90_subjects.pt,1,195,0.5051546391752577,"csp_components=6;runs=['04', '05'];target_channels=14;seed=2;val_split=0.2;filter=fir;split=calibration_curve_v2;train_runs=['05'];test_run=04;metric=test_accuracy;notes_extra=experiment=calibration_curve_v2;k=1;draw=1;recipe=dec;tag=transfer_dec_fir_k1_test04_d1_s2"
2026-08-16T00:05:06.680650,transfer,/home/connor/Desktop/eeg-motor-classification/legacy/model/models/base_model_90_subjects.pt,1,195,0.4489795918367347,"csp_components=6;runs=['04', '05'];target_channels=14;seed=0;val_split=0.2;filter=fir;split=calibration_curve_v2;train_runs=['04'];test_run=05;metric=test_accuracy;notes_extra=experiment=calibration_curve_v2;k=1;draw=0;recipe=dec;tag=transfer_dec_fir_k1_test05_d0_s0"
2026-08-16T00:05:10.987677,transfer,/home/connor/Desktop/eeg-motor-classification/legacy/model/models/base_model_90_subjects.pt,1,195,0.5,"csp_components=6;runs=['04', '05'];target_channels=14;seed=1;val_split=0.2;filter=fir;split=calibration_curve_v2;train_runs=['04'];test_run=05;metric=test_accuracy;notes_extra=experiment=calibration_curve_v2;k=1;draw=0;recipe=dec;tag=transfer_dec_fir_k1_test05_d0_s1"
2026-08-16T00:05:14.344677,transfer,/home/connor/Desktop/eeg-motor-classification/legacy/model/models/base_model_90_subjects.pt,1,195,0.5306122448979592,"csp_components=6;runs=['04', '05'];target_channels=14;seed=2;val_split=0.2;filter=fir;split=calibration_curve_v2;train_runs=['04'];test_run=05;metric=test_accuracy;notes_extra=experiment=calibration_curve_v2;k=1;draw=0;recipe=dec;tag=transfer_dec_fir_k1_test05_d0_s2"
2026-08-16T00:05:27.826165,transfer,/home/connor/Desktop/eeg-motor-classification/legacy/model/models/base_model_90_subjects.pt,1,193,0.5510204081632653,"csp_components=6;runs=['05', '08'];target_channels=14;seed=0;val_split=0.2;filter=fir;split=calibration_curve_v2;train_runs=['08'];test_run=05;metric=test_accuracy;notes_extra=experiment=calibration_curve_v2;k=1;draw=1;recipe=dec;tag=transfer_dec_fir_k1_test05_d1_s0"
2026-08-16T00:05:29.711408,transfer,/home/connor/Desktop/eeg-motor-classification/legacy/model/models/base_model_90_subjects.pt,1,193,0.5204081632653061,"csp_components=6;runs=['05', '08'];target_channels=14;seed=1;val_split=0.2;filter=fir;split=calibration_curve_v2;train_runs=['08'];test_run=05;metric=test_accuracy;notes_extra=experiment=calibration_curve_v2;k=1;draw=1;recipe=dec;tag=transfer_dec_fir_k1_test05_d1_s1"
2026-08-16T00:05:31.277771,transfer,/home/connor/Desktop/eeg-motor-classification/legacy/model/models/base_model_90_subjects.pt,1,193,0.4693877551020408,"csp_components=6;runs=['05', '08'];target_channels=14;seed=2;val_split=0.2;filter=fir;split=calibration_curve_v2;train_runs=['08'];test_run=05;metric=test_accuracy;notes_extra=experiment=calibration_curve_v2;k=1;draw=1;recipe=dec;tag=transfer_dec_fir_k1_test05_d1_s2"
2026-08-16T00:05:43.537972,transfer,/home/connor/Desktop/eeg-motor-classification/legacy/model/models/base_model_90_subjects.pt,1,192,0.5510204081632653,"csp_components=6;runs=['01', '06'];target_channels=14;seed=0;val_split=0.2;filter=fir;split=calibration_curve_v2;train_runs=['01'];test_run=06;metric=test_accuracy;notes_extra=experiment=calibration_curve_v2;k=1;draw=0;recipe=dec;tag=transfer_dec_fir_k1_test06_d0_s0"
2026-08-16T00:05:44.551444,transfer,/home/connor/Desktop/eeg-motor-classification/legacy/model/models/base_model_90_subjects.pt,1,192,0.5816326530612245,"csp_components=6;runs=['01', '06'];target_channels=14;seed=1;val_split=0.2;filter=fir;split=calibration_curve_v2;train_runs=['01'];test_run=06;metric=test_accuracy;notes_extra=experiment=calibration_curve_v2;k=1;draw=0;recipe=dec;tag=transfer_dec_fir_k1_test06_d0_s1"
2026-08-16T00:05:48.600644,transfer,/home/connor/Desktop/eeg-motor-classification/legacy/model/models/base_model_90_subjects.pt,1,192,0.5408163265306123,"csp_components=6;runs=['01', '06'];target_channels=14;seed=2;val_split=0.2;filter=fir;split=calibration_curve_v2;train_runs=['01'];test_run=06;metric=test_accuracy;notes_extra=experiment=calibration_curve_v2;k=1;draw=0;recipe=dec;tag=transfer_dec_fir_k1_test06_d0_s2"
2026-08-16T00:06:00.372328,transfer,/home/connor/Desktop/eeg-motor-classification/legacy/model/models/base_model_90_subjects.pt,1,195,0.5306122448979592,"csp_components=6;runs=['03', '06'];target_channels=14;seed=0;val_split=0.2;filter=fir;split=calibration_curve_v2;train_runs=['03'];test_run=06;metric=test_accuracy;notes_extra=experiment=calibration_curve_v2;k=1;draw=1;recipe=dec;tag=transfer_dec_fir_k1_test06_d1_s0"
2026-08-16T00:06:01.772570,transfer,/home/connor/Desktop/eeg-motor-classification/legacy/model/models/base_model_90_subjects.pt,1,195,0.5408163265306123,"csp_components=6;runs=['03', '06'];target_channels=14;seed=1;val_split=0.2;filter=fir;split=calibration_curve_v2;train_runs=['03'];test_run=06;metric=test_accuracy;notes_extra=experiment=calibration_curve_v2;k=1;draw=1;recipe=dec;tag=transfer_dec_fir_k1_test06_d1_s1"
2026-08-16T00:06:05.564570,transfer,/home/connor/Desktop/eeg-motor-classification/legacy/model/models/base_model_90_subjects.pt,1,195,0.4897959183673469,"csp_components=6;runs=['03', '06'];target_channels=14;seed=2;val_split=0.2;filter=fir;split=calibration_curve_v2;train_runs=['03'];test_run=06;metric=test_accuracy;notes_extra=experiment=calibration_curve_v2;k=1;draw=1;recipe=dec;tag=transfer_dec_fir_k1_test06_d1_s2"
2026-08-16T00:06:17.936405,transfer,/home/connor/Desktop/eeg-motor-classification/legacy/model/models/base_model_90_subjects.pt,1,193,0.5050505050505051,"csp_components=6;runs=['01', '07'];target_channels=14;seed=0;val_split=0.2;filter=fir;split=calibration_curve_v2;train_runs=['01'];test_run=07;metric=test_accuracy;notes_extra=experiment=calibration_curve_v2;k=1;draw=0;recipe=dec;tag=transfer_dec_fir_k1_test07_d0_s0"
2026-08-16T00:06:20.078749,transfer,/home/connor/Desktop/eeg-motor-classification/legacy/model/models/base_model_90_subjects.pt,1,193,0.494949494949495,"csp_components=6;runs=['01', '07'];target_channels=14;seed=1;val_split=0.2;filter=fir;split=calibration_curve_v2;train_runs=['01'];test_run=07;metric=test_accuracy;notes_extra=experiment=calibration_curve_v2;k=1;draw=0;recipe=dec;tag=transfer_dec_fir_k1_test07_d0_s1"
2026-08-16T00:06:24.382593,transfer,/home/connor/Desktop/eeg-motor-classification/legacy/model/models/base_model_90_subjects.pt,1,193,0.5454545454545454,"csp_components=6;runs=['01', '07'];target_channels=14;seed=2;val_split=0.2;filter=fir;split=calibration_curve_v2;train_runs=['01'];test_run=07;metric=test_accuracy;notes_extra=experiment=calibration_curve_v2;k=1;draw=0;recipe=dec;tag=transfer_dec_fir_k1_test07_d0_s2"
2026-08-16T00:06:35.030138,transfer,/home/connor/Desktop/eeg-motor-classification/legacy/model/models/base_model_90_subjects.pt,1,194,0.5656565656565656,"csp_components=6;runs=['07', '08'];target_channels=14;seed=0;val_split=0.2;filter=fir;split=calibration_curve_v2;train_runs=['08'];test_run=07;metric=test_accuracy;notes_extra=experiment=calibration_curve_v2;k=1;draw=1;recipe=dec;tag=transfer_dec_fir_k1_test07_d1_s0"
2026-08-16T00:06:39.536717,transfer,/home/connor/Desktop/eeg-motor-classification/legacy/model/models/base_model_90_subjects.pt,1,194,0.5252525252525253,"csp_components=6;runs=['07', '08'];target_channels=14;seed=1;val_split=0.2;filter=fir;split=calibration_curve_v2;train_runs=['08'];test_run=07;metric=test_accuracy;notes_extra=experiment=calibration_curve_v2;k=1;draw=1;recipe=dec;tag=transfer_dec_fir_k1_test07_d1_s1"
2026-08-16T00:06:41.214542,transfer,/home/connor/Desktop/eeg-motor-classification/legacy/model/models/base_model_90_subjects.pt,1,194,0.5151515151515151,"csp_components=6;runs=['07', '08'];target_channels=14;seed=2;val_split=0.2;filter=fir;split=calibration_curve_v2;train_runs=['08'];test_run=07;metric=test_accuracy;notes_extra=experiment=calibration_curve_v2;k=1;draw=1;recipe=dec;tag=transfer_dec_fir_k1_test07_d1_s2"
2026-08-16T00:06:51.685468,transfer,/home/connor/Desktop/eeg-motor-classification/legacy/model/models/base_model_90_subjects.pt,1,192,0.431578947368421,"csp_components=6;runs=['04', '08'];target_channels=14;seed=0;val_split=0.2;filter=fir;split=calibration_curve_v2;train_runs=['04'];test_run=08;metric=test_accuracy;notes_extra=experiment=calibration_curve_v2;k=1;draw=0;recipe=dec;tag=transfer_dec_fir_k1_test08_d0_s0"
2026-08-16T00:06:55.473817,transfer,/home/connor/Desktop/eeg-motor-classification/legacy/model/models/base_model_90_subjects.pt,1,192,0.5052631578947369,"csp_components=6;runs=['04', '08'];target_channels=14;seed=1;val_split=0.2;filter=fir;split=calibration_curve_v2;train_runs=['04'];test_run=08;metric=test_accuracy;notes_extra=experiment=calibration_curve_v2;k=1;draw=0;recipe=dec;tag=transfer_dec_fir_k1_test08_d0_s1"
2026-08-16T00:06:56.159897,transfer,/home/connor/Desktop/eeg-motor-classification/legacy/model/models/base_model_90_subjects.pt,1,192,0.431578947368421,"csp_components=6;runs=['04', '08'];target_channels=14;seed=2;val_split=0.2;filter=fir;split=calibration_curve_v2;train_runs=['04'];test_run=08;metric=test_accuracy;notes_extra=experiment=calibration_curve_v2;k=1;draw=0;recipe=dec;tag=transfer_dec_fir_k1_test08_d0_s2"
2026-08-16T00:07:08.004926,transfer,/home/connor/Desktop/eeg-motor-classification/legacy/model/models/base_model_90_subjects.pt,1,193,0.4736842105263157,"csp_components=6;runs=['05', '08'];target_channels=14;seed=0;val_split=0.2;filter=fir;split=calibration_curve_v2;train_runs=['05'];test_run=08;metric=test_accuracy;notes_extra=experiment=calibration_curve_v2;k=1;draw=1;recipe=dec;tag=transfer_dec_fir_k1_test08_d1_s0"
2026-08-16T00:07:11.250446,transfer,/home/connor/Desktop/eeg-motor-classification/legacy/model/models/base_model_90_subjects.pt,1,193,0.5368421052631579,"csp_components=6;runs=['05', '08'];target_channels=14;seed=1;val_split=0.2;filter=fir;split=calibration_curve_v2;train_runs=['05'];test_run=08;metric=test_accuracy;notes_extra=experiment=calibration_curve_v2;k=1;draw=1;recipe=dec;tag=transfer_dec_fir_k1_test08_d1_s1"
2026-08-16T00:07:14.717806,transfer,/home/connor/Desktop/eeg-motor-classification/legacy/model/models/base_model_90_subjects.pt,1,193,0.4421052631578947,"csp_components=6;runs=['05', '08'];target_channels=14;seed=2;val_split=0.2;filter=fir;split=calibration_curve_v2;train_runs=['05'];test_run=08;metric=test_accuracy;notes_extra=experiment=calibration_curve_v2;k=1;draw=1;recipe=dec;tag=transfer_dec_fir_k1_test08_d1_s2"
2026-08-15T23:56:02.308831,transfer,/home/connor/Desktop/eeg-motor-classification/legacy/model/models/base_model_90_subjects.pt,1,286,0.5212765957446809,"csp_components=6;runs=['01', '02', '04'];target_channels=14;seed=0;val_split=0.2;filter=fir;split=calibration_curve_v2;train_runs=['02', '04'];test_run=01;metric=test_accuracy;notes_extra=experiment=calibration_curve_v2;k=2;draw=0;recipe=dec;tag=transfer_dec_fir_k2_test01_d0_s0"
2026-08-15T23:56:13.258575,transfer,/home/connor/Desktop/eeg-motor-classification/legacy/model/models/base_model_90_subjects.pt,1,286,0.4680851063829787,"csp_components=6;runs=['01', '02', '04'];target_channels=14;seed=1;val_split=0.2;filter=fir;split=calibration_curve_v2;train_runs=['02', '04'];test_run=01;metric=test_accuracy;notes_extra=experiment=calibration_curve_v2;k=2;draw=0;recipe=dec;tag=transfer_dec_fir_k2_test01_d0_s1"
2026-08-15T23:56:19.903292,transfer,/home/connor/Desktop/eeg-motor-classification/legacy/model/models/base_model_90_subjects.pt,1,286,0.5319148936170213,"csp_components=6;runs=['01', '02', '04'];target_channels=14;seed=2;val_split=0.2;filter=fir;split=calibration_curve_v2;train_runs=['02', '04'];test_run=01;metric=test_accuracy;notes_extra=experiment=calibration_curve_v2;k=2;draw=0;recipe=dec;tag=transfer_dec_fir_k2_test01_d0_s2"
2026-08-15T23:56:33.968811,transfer,/home/connor/Desktop/eeg-motor-classification/legacy/model/models/base_model_90_subjects.pt,1,287,0.6170212765957447,"csp_components=6;runs=['01', '02', '06'];target_channels=14;seed=0;val_split=0.2;filter=fir;split=calibration_curve_v2;train_runs=['02', '06'];test_run=01;metric=test_accuracy;notes_extra=experiment=calibration_curve_v2;k=2;draw=1;recipe=dec;tag=transfer_dec_fir_k2_test01_d1_s0"
2026-08-15T23:56:38.929669,transfer,/home/connor/Desktop/eeg-motor-classification/legacy/model/models/base_model_90_subjects.pt,1,287,0.574468085106383,"csp_components=6;runs=['01', '02', '06'];target_channels=14;seed=1;val_split=0.2;filter=fir;split=calibration_curve_v2;train_runs=['02', '06'];test_run=01;metric=test_accuracy;notes_extra=experiment=calibration_curve_v2;k=2;draw=1;recipe=dec;tag=transfer_dec_fir_k2_test01_d1_s1"
2026-08-15T23:56:47.172349,transfer,/home/connor/Desktop/eeg-motor-classification/legacy/model/models/base_model_90_subjects.pt,1,287,0.5957446808510638,"csp_components=6;runs=['01', '02', '06'];target_channels=14;seed=2;val_split=0.2;filter=fir;split=calibration_curve_v2;train_runs=['02', '06'];test_run=01;metric=test_accuracy;notes_extra=experiment=calibration_curve_v2;k=2;draw=1;recipe=dec;tag=transfer_dec_fir_k2_test01_d1_s2"
2026-08-15T23:56:59.189909,transfer,/home/connor/Desktop/eeg-motor-classification/legacy/model/models/base_model_90_subjects.pt,1,288,0.5578947368421052,"csp_components=6;runs=['01', '02', '07'];target_channels=14;seed=0;val_split=0.2;filter=fir;split=calibration_curve_v2;train_runs=['01', '07'];test_run=02;metric=test_accuracy;notes_extra=experiment=calibration_curve_v2;k=2;draw=0;recipe=dec;tag=transfer_dec_fir_k2_test02_d0_s0"
2026-08-15T23:57:04.511415,transfer,/home/connor/Desktop/eeg-motor-classification/legacy/model/models/base_model_90_subjects.pt,1,288,0.6421052631578947,"csp_components=6;runs=['01', '02', '07'];target_channels=14;seed=1;val_split=0.2;filter=fir;split=calibration_curve_v2;train_runs=['01', '07'];test_run=02;metric=test_accuracy;notes_extra=experiment=calibration_curve_v2;k=2;draw=0;recipe=dec;tag=transfer_dec_fir_k2_test02_d0_s1"
2026-08-15T23:57:05.616823,transfer,/home/connor/Desktop/eeg-motor-classification/legacy/model/models/base_model_90_subjects.pt,1,288,0.5578947368421052,"csp_components=6;runs=['01', '02', '07'];target_channels=14;seed=2;val_split=0.2;filter=fir;split=calibration_curve_v2;train_runs=['01', '07'];test_run=02;metric=test_accuracy;notes_extra=experiment=calibration_curve_v2;k=2;draw=0;recipe=dec;tag=transfer_dec_fir_k2_test02_d0_s2"
2026-08-15T23:57:24.258022,transfer,/home/connor/Desktop/eeg-motor-classification/legacy/model/models/base_model_90_subjects.pt,1,290,0.4842105263157895,"csp_components=6;runs=['02', '04', '06'];target_channels=14;seed=0;val_split=0.2;filter=fir;split=calibration_curve_v2;train_runs=['04', '06'];test_run=02;metric=test_accuracy;notes_extra=experiment=calibration_curve_v2;k=2;draw=1;recipe=dec;tag=transfer_dec_fir_k2_test02_d1_s0"
2026-08-15T23:57:27.465219,transfer,/home/connor/Desktop/eeg-motor-classification/legacy/model/models/base_model_90_subjects.pt,1,290,0.5052631578947369,"csp_components=6;runs=['02', '04', '06'];target_channels=14;seed=1;val_split=0.2;filter=fir;split=calibration_curve_v2;train_runs=['04', '06'];test_run=02;metric=test_accuracy;notes_extra=experiment=calibration_curve_v2;k=2;draw=1;recipe=dec;tag=transfer_dec_fir_k2_test02_d1_s1"
2026-08-15T23:57:30.767593,transfer,/home/connor/Desktop/eeg-motor-classification/legacy/model/models/base_model_90_subjects.pt,1,290,0.5052631578947369,"csp_components=6;runs=['02', '04', '06'];target_channels=14;seed=2;val_split=0.2;filter=fir;split=calibration_curve_v2;train_runs=['04', '06'];test_run=02;metric=test_accuracy;notes_extra=experiment=calibration_curve_v2;k=2;draw=1;recipe=dec;tag=transfer_dec_fir_k2_test02_d1_s2"
2026-08-15T23:57:48.594944,transfer,/home/connor/Desktop/eeg-motor-classification/legacy/model/models/base_model_90_subjects.pt,1,290,0.5463917525773195,"csp_components=6;runs=['01', '03', '07'];target_channels=14;seed=0;val_split=0.2;filter=fir;split=calibration_curve_v2;train_runs=['01', '07'];test_run=03;metric=test_accuracy;notes_extra=experiment=calibration_curve_v2;k=2;draw=0;recipe=dec;tag=transfer_dec_fir_k2_test03_d0_s0"
2026-08-15T23:57:56.272114,transfer,/home/connor/Desktop/eeg-motor-classification/legacy/model/models/base_model_90_subjects.pt,1,290,0.4948453608247423,"csp_components=6;runs=['01', '03', '07'];target_channels=14;seed=1;val_split=0.2;filter=fir;split=calibration_curve_v2;train_runs=['01', '07'];test_run=03;metric=test_accuracy;notes_extra=experiment=calibration_curve_v2;k=2;draw=0;recipe=dec;tag=transfer_dec_fir_k2_test03_d0_s1"
2026-08-15T23:57:56.459228,transfer,/home/connor/Desktop/eeg-motor-classification/legacy/model/models/base_model_90_subjects.pt,1,290,0.4948453608247423,"csp_components=6;runs=['01', '03', '07'];target_channels=14;seed=2;val_split=0.2;filter=fir;split=calibration_curve_v2;train_runs=['01', '07'];test_run=03;metric=test_accuracy;notes_extra=experiment=calibration_curve_v2;k=2;draw=0;recipe=dec;tag=transfer_dec_fir_k2_test03_d0_s2"
2026-08-15T23:58:14.536325,transfer,/home/connor/Desktop/eeg-motor-classification/legacy/model/models/base_model_90_subjects.pt,1,294,0.5154639175257731,"csp_components=6;runs=['03', '06', '07'];target_channels=14;seed=0;val_split=0.2;filter=fir;split=calibration_curve_v2;train_runs=['06', '07'];test_run=03;metric=test_accuracy;notes_extra=experiment=calibration_curve_v2;k=2;draw=1;recipe=dec;tag=transfer_dec_fir_k2_test03_d1_s0"
2026-08-15T23:58:20.374752,transfer,/home/connor/Desktop/eeg-motor-classification/legacy/model/models/base_model_90_subjects.pt,1,294,0.4742268041237113,"csp_components=6;runs=['03', '06', '07'];target_channels=14;seed=1;val_split=0.2;filter=fir;split=calibration_curve_v2;train_runs=['06', '07'];test_run=03;metric=test_accuracy;notes_extra=experiment=calibration_curve_v2;k=2;draw=1;recipe=dec;tag=transfer_dec_fir_k2_test03_d1_s1"
2026-08-15T23:58:27.173923,transfer,/home/connor/Desktop/eeg-motor-classification/legacy/model/models/base_model_90_subjects.pt,1,294,0.5051546391752577,"csp_components=6;runs=['03', '06', '07'];target_channels=14;seed=2;val_split=0.2;filter=fir;split=calibration_curve_v2;train_runs=['06', '07'];test_run=03;metric=test_accuracy;notes_extra=experiment=calibration_curve_v2;k=2;draw=1;recipe=dec;tag=transfer_dec_fir_k2_test03_d1_s2"
2026-08-15T23:58:43.818088,transfer,/home/connor/Desktop/eeg-motor-classification/legacy/model/models/base_model_90_subjects.pt,1,289,0.4845360824742268,"csp_components=6;runs=['01', '04', '06'];target_channels=14;seed=0;val_split=0.2;filter=fir;split=calibration_curve_v2;train_runs=['01', '06'];test_run=04;metric=test_accuracy;notes_extra=experiment=calibration_curve_v2;k=2;draw=0;recipe=dec;tag=transfer_dec_fir_k2_test04_d0_s0"
2026-08-15T23:58:44.562418,transfer,/home/connor/Desktop/eeg-motor-classification/legacy/model/models/base_model_90_subjects.pt,1,289,0.4845360824742268,"csp_components=6;runs=['01', '04', '06'];target_channels=14;seed=1;val_split=0.2;filter=fir;split=calibration_curve_v2;train_runs=['01', '06'];test_run=04;metric=test_accuracy;notes_extra=experiment=calibration_curve_v2;k=2;draw=0;recipe=dec;tag=transfer_dec_fir_k2_test04_d0_s1"
2026-08-15T23:58:49.199699,transfer,/home/connor/Desktop/eeg-motor-classification/legacy/model/models/base_model_90_subjects.pt,1,289,0.4948453608247423,"csp_components=6;runs=['01', '04', '06'];target_channels=14;seed=2;val_split=0.2;filter=fir;split=calibration_curve_v2;train_runs=['01', '06'];test_run=04;metric=test_accuracy;notes_extra=experiment=calibration_curve_v2;k=2;draw=0;recipe=dec;tag=transfer_dec_fir_k2_test04_d0_s2"
2026-08-15T23:59:08.170473,transfer,/home/connor/Desktop/eeg-motor-classification/legacy/model/models/base_model_90_subjects.pt,1,290,0.4948453608247423,"csp_components=6;runs=['04', '06', '08'];target_channels=14;seed=0;val_split=0.2;filter=fir;split=calibration_curve_v2;train_runs=['06', '08'];test_run=04;metric=test_accuracy;notes_extra=experiment=calibration_curve_v2;k=2;draw=1;recipe=dec;tag=transfer_dec_fir_k2_test04_d1_s0"
2026-08-15T23:59:12.153472,transfer,/home/connor/Desktop/eeg-motor-classification/legacy/model/models/base_model_90_subjects.pt,1,290,0.4020618556701031,"csp_components=6;runs=['04', '06', '08'];target_channels=14;seed=1;val_split=0.2;filter=fir;split=calibration_curve_v2;train_runs=['06', '08'];test_run=04;metric=test_accuracy;notes_extra=experiment=calibration_curve_v2;k=2;draw=1;recipe=dec;tag=transfer_dec_fir_k2_test04_d1_s1"
2026-08-15T23:59:15.214028,transfer,/home/connor/Desktop/eeg-motor-classification/legacy/model/models/base_model_90_subjects.pt,1,290,0.4845360824742268,"csp_components=6;runs=['04', '06', '08'];target_channels=14;seed=2;val_split=0.2;filter=fir;split=calibration_curve_v2;train_runs=['06', '08'];test_run=04;metric=test_accuracy;notes_extra=experiment=calibration_curve_v2;k=2;draw=1;recipe=dec;tag=transfer_dec_fir_k2_test04_d1_s2"
2026-08-15T23:59:33.062968,transfer,/home/connor/Desktop/eeg-motor-classification/legacy/model/models/base_model_90_subjects.pt,1,289,0.5408163265306123,"csp_components=6;runs=['01', '04', '05'];target_channels=14;seed=0;val_split=0.2;filter=fir;split=calibration_curve_v2;train_runs=['01', '04'];test_run=05;metric=test_accuracy;notes_extra=experiment=calibration_curve_v2;k=2;draw=0;recipe=dec;tag=transfer_dec_fir_k2_test05_d0_s0"
2026-08-15T23:59:33.699459,transfer,/home/connor/Desktop/eeg-motor-classification/legacy/model/models/base_model_90_subjects.pt,1,289,0.4387755102040816,"csp_components=6;runs=['01', '04', '05'];target_channels=14;seed=1;val_split=0.2;filter=fir;split=calibration_curve_v2;train_runs=['01', '04'];test_run=05;metric=test_accuracy;notes_extra=experiment=calibration_curve_v2;k=2;draw=0;recipe=dec;tag=transfer_dec_fir_k2_test05_d0_s1"
2026-08-15T23:59:39.678634,transfer,/home/connor/Desktop/eeg-motor-classification/legacy/model/models/base_model_90_subjects.pt,1,289,0.4897959183673469,"csp_components=6;runs=['01', '04', '05'];target_channels=14;seed=2;val_split=0.2;filter=fir;split=calibration_curve_v2;train_runs=['01', '04'];test_run=05;metric=test_accuracy;notes_extra=experiment=calibration_curve_v2;k=2;draw=0;recipe=dec;tag=transfer_dec_fir_k2_test05_d0_s2"
2026-08-15T23:59:56.069730,transfer,/home/connor/Desktop/eeg-motor-classification/legacy/model/models/base_model_90_subjects.pt,1,290,0.4897959183673469,"csp_components=6;runs=['02', '04', '05'];target_channels=14;seed=0;val_split=0.2;filter=fir;split=calibration_curve_v2;train_runs=['02', '04'];test_run=05;metric=test_accuracy;notes_extra=experiment=calibration_curve_v2;k=2;draw=1;recipe=dec;tag=transfer_dec_fir_k2_test05_d1_s0"
2026-08-15T23:59:58.391318,transfer,/home/connor/Desktop/eeg-motor-classification/legacy/model/models/base_model_90_subjects.pt,1,290,0.4591836734693877,"csp_components=6;runs=['02', '04', '05'];target_channels=14;seed=1;val_split=0.2;filter=fir;split=calibration_curve_v2;train_runs=['02', '04'];test_run=05;metric=test_accuracy;notes_extra=experiment=calibration_curve_v2;k=2;draw=1;recipe=dec;tag=transfer_dec_fir_k2_test05_d1_s1"
2026-08-16T00:00:07.851603,transfer,/home/connor/Desktop/eeg-motor-classification/legacy/model/models/base_model_90_subjects.pt,1,290,0.4387755102040816,"csp_components=6;runs=['02', '04', '05'];target_channels=14;seed=2;val_split=0.2;filter=fir;split=calibration_curve_v2;train_runs=['02', '04'];test_run=05;metric=test_accuracy;notes_extra=experiment=calibration_curve_v2;k=2;draw=1;recipe=dec;tag=transfer_dec_fir_k2_test05_d1_s2"
2026-08-16T00:00:23.738401,transfer,/home/connor/Desktop/eeg-motor-classification/legacy/model/models/base_model_90_subjects.pt,1,291,0.5714285714285714,"csp_components=6;runs=['01', '06', '07'];target_channels=14;seed=0;val_split=0.2;filter=fir;split=calibration_curve_v2;train_runs=['01', '07'];test_run=06;metric=test_accuracy;notes_extra=experiment=calibration_curve_v2;k=2;draw=0;recipe=dec;tag=transfer_dec_fir_k2_test06_d0_s0"
2026-08-16T00:00:28.460280,transfer,/home/connor/Desktop/eeg-motor-classification/legacy/model/models/base_model_90_subjects.pt,1,291,0.5102040816326531,"csp_components=6;runs=['01', '06', '07'];target_channels=14;seed=1;val_split=0.2;filter=fir;split=calibration_curve_v2;train_runs=['01', '07'];test_run=06;metric=test_accuracy;notes_extra=experiment=calibration_curve_v2;k=2;draw=0;recipe=dec;tag=transfer_dec_fir_k2_test06_d0_s1"
2026-08-16T00:00:33.817295,transfer,/home/connor/Desktop/eeg-motor-classification/legacy/model/models/base_model_90_subjects.pt,1,291,0.5408163265306123,"csp_components=6;runs=['01', '06', '07'];target_channels=14;seed=2;val_split=0.2;filter=fir;split=calibration_curve_v2;train_runs=['01', '07'];test_run=06;metric=test_accuracy;notes_extra=experiment=calibration_curve_v2;k=2;draw=0;recipe=dec;tag=transfer_dec_fir_k2_test06_d0_s2"
2026-08-16T00:00:51.429732,transfer,/home/connor/Desktop/eeg-motor-classification/legacy/model/models/base_model_90_subjects.pt,1,293,0.4897959183673469,"csp_components=6;runs=['04', '05', '06'];target_channels=14;seed=0;val_split=0.2;filter=fir;split=calibration_curve_v2;train_runs=['04', '05'];test_run=06;metric=test_accuracy;notes_extra=experiment=calibration_curve_v2;k=2;draw=1;recipe=dec;tag=transfer_dec_fir_k2_test06_d1_s0"
2026-08-16T00:00:51.446850,transfer,/home/connor/Desktop/eeg-motor-classification/legacy/model/models/base_model_90_subjects.pt,1,293,0.4489795918367347,"csp_components=6;runs=['04', '05', '06'];target_channels=14;seed=1;val_split=0.2;filter=fir;split=calibration_curve_v2;train_runs=['04', '05'];test_run=06;metric=test_accuracy;notes_extra=experiment=calibration_curve_v2;k=2;draw=1;recipe=dec;tag=transfer_dec_fir_k2_test06_d1_s1"
2026-08-16T00:00:58.480631,transfer,/home/connor/Desktop/eeg-motor-classification/legacy/model/models/base_model_90_subjects.pt,1,293,0.4183673469387755,"csp_components=6;runs=['04', '05', '06'];target_channels=14;seed=2;val_split=0.2;filter=fir;split=calibration_curve_v2;train_runs=['04', '05'];test_run=06;metric=test_accuracy;notes_extra=experiment=calibration_curve_v2;k=2;draw=1;recipe=dec;tag=transfer_dec_fir_k2_test06_d1_s2"
2026-08-16T00:01:17.653313,transfer,/home/connor/Desktop/eeg-motor-classification/legacy/model/models/base_model_90_subjects.pt,1,288,0.5353535353535354,"csp_components=6;runs=['01', '07', '08'];target_channels=14;seed=0;val_split=0.2;filter=fir;split=calibration_curve_v2;train_runs=['01', '08'];test_run=07;metric=test_accuracy;notes_extra=experiment=calibration_curve_v2;k=2;draw=0;recipe=dec;tag=transfer_dec_fir_k2_test07_d0_s0"
2026-08-16T00:01:19.464649,transfer,/home/connor/Desktop/eeg-motor-classification/legacy/model/models/base_model_90_subjects.pt,1,288,0.5151515151515151,"csp_components=6;runs=['01', '07', '08'];target_channels=14;seed=1;val_split=0.2;filter=fir;split=calibration_curve_v2;train_runs=['01', '08'];test_run=07;metric=test_accuracy;notes_extra=experiment=calibration_curve_v2;k=2;draw=0;recipe=dec;tag=transfer_dec_fir_k2_test07_d0_s1"
2026-08-16T00:01:21.452265,transfer,/home/connor/Desktop/eeg-motor-classification/legacy/model/models/base_model_90_subjects.pt,1,288,0.5858585858585859,"csp_components=6;runs=['01', '07', '08'];target_channels=14;seed=2;val_split=0.2;filter=fir;split=calibration_curve_v2;train_runs=['01', '08'];test_run=07;metric=test_accuracy;notes_extra=experiment=calibration_curve_v2;k=2;draw=0;recipe=dec;tag=transfer_dec_fir_k2_test07_d0_s2"
2026-08-16T00:01:40.316411,transfer,/home/connor/Desktop/eeg-motor-classification/legacy/model/models/base_model_90_subjects.pt,1,292,0.494949494949495,"csp_components=6;runs=['02', '06', '07'];target_channels=14;seed=0;val_split=0.2;filter=fir;split=calibration_curve_v2;train_runs=['02', '06'];test_run=07;metric=test_accuracy;notes_extra=experiment=calibration_curve_v2;k=2;draw=1;recipe=dec;tag=transfer_dec_fir_k2_test07_d1_s0"
2026-08-16T00:01:44.550449,transfer,/home/connor/Desktop/eeg-motor-classification/legacy/model/models/base_model_90_subjects.pt,1,292,0.3838383838383838,"csp_components=6;runs=['02', '06', '07'];target_channels=14;seed=1;val_split=0.2;filter=fir;split=calibration_curve_v2;train_runs=['02', '06'];test_run=07;metric=test_accuracy;notes_extra=experiment=calibration_curve_v2;k=2;draw=1;recipe=dec;tag=transfer_dec_fir_k2_test07_d1_s1"
2026-08-16T00:01:48.961118,transfer,/home/connor/Desktop/eeg-motor-classification/legacy/model/models/base_model_90_subjects.pt,1,292,0.4343434343434343,"csp_components=6;runs=['02', '06', '07'];target_channels=14;seed=2;val_split=0.2;filter=fir;split=calibration_curve_v2;train_runs=['02', '06'];test_run=07;metric=test_accuracy;notes_extra=experiment=calibration_curve_v2;k=2;draw=1;recipe=dec;tag=transfer_dec_fir_k2_test07_d1_s2"
2026-08-16T00:02:03.362556,transfer,/home/connor/Desktop/eeg-motor-classification/legacy/model/models/base_model_90_subjects.pt,1,288,0.3789473684210526,"csp_components=6;runs=['02', '05', '08'];target_channels=14;seed=0;val_split=0.2;filter=fir;split=calibration_curve_v2;train_runs=['02', '05'];test_run=08;metric=test_accuracy;notes_extra=experiment=calibration_curve_v2;k=2;draw=0;recipe=dec;tag=transfer_dec_fir_k2_test08_d0_s0"
2026-08-16T00:02:10.694350,transfer,/home/connor/Desktop/eeg-motor-classification/legacy/model/models/base_model_90_subjects.pt,1,288,0.4421052631578947,"csp_components=6;runs=['02', '05', '08'];target_channels=14;seed=1;val_split=0.2;filter=fir;split=calibration_curve_v2;train_runs=['02', '05'];test_run=08;metric=test_accuracy;notes_extra=experiment=calibration_curve_v2;k=2;draw=0;recipe=dec;tag=transfer_dec_fir_k2_test08_d0_s1"
2026-08-16T00:02:13.718798,transfer,/home/connor/Desktop/eeg-motor-classification/legacy/model/models/base_model_90_subjects.pt,1,288,0.4842105263157895,"csp_components=6;runs=['02', '05', '08'];target_channels=14;seed=2;val_split=0.2;filter=fir;split=calibration_curve_v2;train_runs=['02', '05'];test_run=08;metric=test_accuracy;notes_extra=experiment=calibration_curve_v2;k=2;draw=0;recipe=dec;tag=transfer_dec_fir_k2_test08_d0_s2"
2026-08-16T00:02:28.786913,transfer,/home/connor/Desktop/eeg-motor-classification/legacy/model/models/base_model_90_subjects.pt,1,291,0.5368421052631579,"csp_components=6;runs=['04', '07', '08'];target_channels=14;seed=0;val_split=0.2;filter=fir;split=calibration_curve_v2;train_runs=['04', '07'];test_run=08;metric=test_accuracy;notes_extra=experiment=calibration_curve_v2;k=2;draw=1;recipe=dec;tag=transfer_dec_fir_k2_test08_d1_s0"
2026-08-16T00:02:33.665432,transfer,/home/connor/Desktop/eeg-motor-classification/legacy/model/models/base_model_90_subjects.pt,1,291,0.5368421052631579,"csp_components=6;runs=['04', '07', '08'];target_channels=14;seed=1;val_split=0.2;filter=fir;split=calibration_curve_v2;train_runs=['04', '07'];test_run=08;metric=test_accuracy;notes_extra=experiment=calibration_curve_v2;k=2;draw=1;recipe=dec;tag=transfer_dec_fir_k2_test08_d1_s1"
2026-08-16T00:02:36.667091,transfer,/home/connor/Desktop/eeg-motor-classification/legacy/model/models/base_model_90_subjects.pt,1,291,0.5473684210526316,"csp_components=6;runs=['04', '07', '08'];target_channels=14;seed=2;val_split=0.2;filter=fir;split=calibration_curve_v2;train_runs=['04', '07'];test_run=08;metric=test_accuracy;notes_extra=experiment=calibration_curve_v2;k=2;draw=1;recipe=dec;tag=transfer_dec_fir_k2_test08_d1_s2"
2026-08-15T23:04:52.308649,transfer,/home/connor/Desktop/eeg-motor-classification/legacy/model/models/base_model_90_subjects.pt,1,486,0.5,"csp_components=6;runs=['01', '03', '05', '06', '07'];target_channels=14;seed=0;val_split=0.2;filter=fir;split=calibration_curve_v2;train_runs=['03', '05', '06', '07'];test_run=01;metric=test_accuracy;notes_extra=experiment=calibration_curve_v2;k=4;draw=0;recipe=dec;tag=transfer_dec_fir_k4_test01_d0_s0"
2026-08-15T23:05:04.454689,transfer,/home/connor/Desktop/eeg-motor-classification/legacy/model/models/base_model_90_subjects.pt,1,486,0.5851063829787234,"csp_components=6;runs=['01', '03', '05', '06', '07'];target_channels=14;seed=1;val_split=0.2;filter=fir;split=calibration_curve_v2;train_runs=['03', '05', '06', '07'];test_run=01;metric=test_accuracy;notes_extra=experiment=calibration_curve_v2;k=4;draw=0;recipe=dec;tag=transfer_dec_fir_k4_test01_d0_s1"
2026-08-15T23:05:13.755503,transfer,/home/connor/Desktop/eeg-motor-classification/legacy/model/models/base_model_90_subjects.pt,1,486,0.5106382978723404,"csp_components=6;runs=['01', '03', '05', '06', '07'];target_channels=14;seed=2;val_split=0.2;filter=fir;split=calibration_curve_v2;train_runs=['03', '05', '06', '07'];test_run=01;metric=test_accuracy;notes_extra=experiment=calibration_curve_v2;k=4;draw=0;recipe=dec;tag=transfer_dec_fir_k4_test01_d0_s2"
2026-08-15T23:27:18.613667,transfer,/home/connor/Desktop/eeg-motor-classification/legacy/model/models/base_model_90_subjects.pt,1,483,0.4893617021276595,"csp_components=6;runs=['01', '03', '05', '07', '08'];target_channels=14;seed=0;val_split=0.2;filter=fir;split=calibration_curve_v2;train_runs=['03', '05', '07', '08'];test_run=01;metric=test_accuracy;notes_extra=experiment=calibration_curve_v2;k=4;draw=1;recipe=dec;tag=transfer_dec_fir_k4_test01_d1_s0"
2026-08-15T23:27:26.211496,transfer,/home/connor/Desktop/eeg-motor-classification/legacy/model/models/base_model_90_subjects.pt,1,483,0.4574468085106383,"csp_components=6;runs=['01', '03', '05', '07', '08'];target_channels=14;seed=1;val_split=0.2;filter=fir;split=calibration_curve_v2;train_runs=['03', '05', '07', '08'];test_run=01;metric=test_accuracy;notes_extra=experiment=calibration_curve_v2;k=4;draw=1;recipe=dec;tag=transfer_dec_fir_k4_test01_d1_s1"
2026-08-15T23:27:26.687298,transfer,/home/connor/Desktop/eeg-motor-classification/legacy/model/models/base_model_90_subjects.pt,1,483,0.5,"csp_components=6;runs=['01', '03', '05', '07', '08'];target_channels=14;seed=2;val_split=0.2;filter=fir;split=calibration_curve_v2;train_runs=['03', '05', '07', '08'];test_run=01;metric=test_accuracy;notes_extra=experiment=calibration_curve_v2;k=4;draw=1;recipe=dec;tag=transfer_dec_fir_k4_test01_d1_s2"
2026-08-15T23:27:23.576157,transfer,/home/connor/Desktop/eeg-motor-classification/legacy/model/models/base_model_90_subjects.pt,1,480,0.7052631578947368,"csp_components=6;runs=['01', '02', '03', '07', '08'];target_channels=14;seed=0;val_split=0.2;filter=fir;split=calibration_curve_v2;train_runs=['01', '03', '07', '08'];test_run=02;metric=test_accuracy;notes_extra=experiment=calibration_curve_v2;k=4;draw=0;recipe=dec;tag=transfer_dec_fir_k4_test02_d0_s0"
2026-08-15T23:27:27.295811,transfer,/home/connor/Desktop/eeg-motor-classification/legacy/model/models/base_model_90_subjects.pt,1,480,0.5157894736842106,"csp_components=6;runs=['01', '02', '03', '07', '08'];target_channels=14;seed=1;val_split=0.2;filter=fir;split=calibration_curve_v2;train_runs=['01', '03', '07', '08'];test_run=02;metric=test_accuracy;notes_extra=experiment=calibration_curve_v2;k=4;draw=0;recipe=dec;tag=transfer_dec_fir_k4_test02_d0_s1"
2026-08-15T23:27:27.320060,transfer,/home/connor/Desktop/eeg-motor-classification/legacy/model/models/base_model_90_subjects.pt,1,480,0.5894736842105263,"csp_components=6;runs=['01', '02', '03', '07', '08'];target_channels=14;seed=2;val_split=0.2;filter=fir;split=calibration_curve_v2;train_runs=['01', '03', '07', '08'];test_run=02;metric=test_accuracy;notes_extra=experiment=calibration_curve_v2;k=4;draw=0;recipe=dec;tag=transfer_dec_fir_k4_test02_d0_s2"
2026-08-15T23:28:16.552517,transfer,/home/connor/Desktop/eeg-motor-classification/legacy/model/models/base_model_90_subjects.pt,1,485,0.4736842105263157,"csp_components=6;runs=['02', '05', '06', '07', '08'];target_channels=14;seed=0;val_split=0.2;filter=fir;split=calibration_curve_v2;train_runs=['05', '06', '07', '08'];test_run=02;metric=test_accuracy;notes_extra=experiment=calibration_curve_v2;k=4;draw=1;recipe=dec;tag=transfer_dec_fir_k4_test02_d1_s0"
2026-08-15T23:28:18.446299,transfer,/home/connor/Desktop/eeg-motor-classification/legacy/model/models/base_model_90_subjects.pt,1,485,0.4842105263157895,"csp_components=6;runs=['02', '05', '06', '07', '08'];target_channels=14;seed=1;val_split=0.2;filter=fir;split=calibration_curve_v2;train_runs=['05', '06', '07', '08'];test_run=02;metric=test_accuracy;notes_extra=experiment=calibration_curve_v2;k=4;draw=1;recipe=dec;tag=transfer_dec_fir_k4_test02_d1_s1"
2026-08-15T23:28:20.755434,transfer,/home/connor/Desktop/eeg-motor-classification/legacy/model/models/base_model_90_subjects.pt,1,485,0.5052631578947369,"csp_components=6;runs=['02', '05', '06', '07', '08'];target_channels=14;seed=2;val_split=0.2;filter=fir;split=calibration_curve_v2;train_runs=['05', '06', '07', '08'];test_run=02;metric=test_accuracy;notes_extra=experiment=calibration_curve_v2;k=4;draw=1;recipe=dec;tag=transfer_dec_fir_k4_test02_d1_s2"
2026-08-15T23:29:49.539468,transfer,/home/connor/Desktop/eeg-motor-classification/legacy/model/models/base_model_90_subjects.pt,1,481,0.5051546391752577,"csp_components=6;runs=['01', '03', '04', '06', '08'];target_channels=14;seed=0;val_split=0.2;filter=fir;split=calibration_curve_v2;train_runs=['01', '04', '06', '08'];test_run=03;metric=test_accuracy;notes_extra=experiment=calibration_curve_v2;k=4;draw=0;recipe=dec;tag=transfer_dec_fir_k4_test03_d0_s0"
2026-08-15T23:29:51.098505,transfer,/home/connor/Desktop/eeg-motor-classification/legacy/model/models/base_model_90_subjects.pt,1,481,0.4432989690721649,"csp_components=6;runs=['01', '03', '04', '06', '08'];target_channels=14;seed=1;val_split=0.2;filter=fir;split=calibration_curve_v2;train_runs=['01', '04', '06', '08'];test_run=03;metric=test_accuracy;notes_extra=experiment=calibration_curve_v2;k=4;draw=0;recipe=dec;tag=transfer_dec_fir_k4_test03_d0_s1"
2026-08-15T23:48:00.515233,transfer,/home/connor/Desktop/eeg-motor-classification/legacy/model/models/base_model_90_subjects.pt,1,481,0.5257731958762887,"csp_components=6;runs=['01', '03', '04', '06', '08'];target_channels=14;seed=2;val_split=0.2;filter=fir;split=calibration_curve_v2;train_runs=['01', '04', '06', '08'];test_run=03;metric=test_accuracy;notes_extra=experiment=calibration_curve_v2;k=4;draw=0;recipe=dec;tag=transfer_dec_fir_k4_test03_d0_s2"
2026-08-15T23:48:30.926927,transfer,/home/connor/Desktop/eeg-motor-classification/legacy/model/models/base_model_90_subjects.pt,1,484,0.6288659793814433,"csp_components=6;runs=['02', '03', '06', '07', '08'];target_channels=14;seed=0;val_split=0.2;filter=fir;split=calibration_curve_v2;train_runs=['02', '06', '07', '08'];test_run=03;metric=test_accuracy;notes_extra=experiment=calibration_curve_v2;k=4;draw=1;recipe=dec;tag=transfer_dec_fir_k4_test03_d1_s0"
2026-08-15T23:48:35.987963,transfer,/home/connor/Desktop/eeg-motor-classification/legacy/model/models/base_model_90_subjects.pt,1,484,0.6597938144329897,"csp_components=6;runs=['02', '03', '06', '07', '08'];target_channels=14;seed=1;val_split=0.2;filter=fir;split=calibration_curve_v2;train_runs=['02', '06', '07', '08'];test_run=03;metric=test_accuracy;notes_extra=experiment=calibration_curve_v2;k=4;draw=1;recipe=dec;tag=transfer_dec_fir_k4_test03_d1_s1"
2026-08-15T23:48:35.326049,transfer,/home/connor/Desktop/eeg-motor-classification/legacy/model/models/base_model_90_subjects.pt,1,484,0.5773195876288659,"csp_components=6;runs=['02', '03', '06', '07', '08'];target_channels=14;seed=2;val_split=0.2;filter=fir;split=calibration_curve_v2;train_runs=['02', '06', '07', '08'];test_run=03;metric=test_accuracy;notes_extra=experiment=calibration_curve_v2;k=4;draw=1;recipe=dec;tag=transfer_dec_fir_k4_test03_d1_s2"
2026-08-15T23:49:11.366667,transfer,/home/connor/Desktop/eeg-motor-classification/legacy/model/models/base_model_90_subjects.pt,1,486,0.5051546391752577,"csp_components=6;runs=['01', '04', '05', '06', '07'];target_channels=14;seed=0;val_split=0.2;filter=fir;split=calibration_curve_v2;train_runs=['01', '05', '06', '07'];test_run=04;metric=test_accuracy;notes_extra=experiment=calibration_curve_v2;k=4;draw=0;recipe=dec;tag=transfer_dec_fir_k4_test04_d0_s0"
2026-08-15T23:49:13.584547,transfer,/home/connor/Desktop/eeg-motor-classification/legacy/model/models/base_model_90_subjects.pt,1,486,0.4123711340206185,"csp_components=6;runs=['01', '04', '05', '06', '07'];target_channels=14;seed=1;val_split=0.2;filter=fir;split=calibration_curve_v2;train_runs=['01', '05', '06', '07'];test_run=04;metric=test_accuracy;notes_extra=experiment=calibration_curve_v2;k=4;draw=0;recipe=dec;tag=transfer_dec_fir_k4_test04_d0_s1"
2026-08-15T23:49:14.786868,transfer,/home/connor/Desktop/eeg-motor-classification/legacy/model/models/base_model_90_subjects.pt,1,486,0.4742268041237113,"csp_components=6;runs=['01', '04', '05', '06', '07'];target_channels=14;seed=2;val_split=0.2;filter=fir;split=calibration_curve_v2;train_runs=['01', '05', '06', '07'];test_run=04;metric=test_accuracy;notes_extra=experiment=calibration_curve_v2;k=4;draw=0;recipe=dec;tag=transfer_dec_fir_k4_test04_d0_s2"
2026-08-15T23:49:49.006097,transfer,/home/connor/Desktop/eeg-motor-classification/legacy/model/models/base_model_90_subjects.pt,1,486,0.4536082474226804,"csp_components=6;runs=['03', '04', '05', '07', '08'];target_channels=14;seed=0;val_split=0.2;filter=fir;split=calibration_curve_v2;train_runs=['03', '05', '07', '08'];test_run=04;metric=test_accuracy;notes_extra=experiment=calibration_curve_v2;k=4;draw=1;recipe=dec;tag=transfer_dec_fir_k4_test04_d1_s0"
2026-08-15T23:49:54.395844,transfer,/home/connor/Desktop/eeg-motor-classification/legacy/model/models/base_model_90_subjects.pt,1,486,0.5051546391752577,"csp_components=6;runs=['03', '04', '05', '07', '08'];target_channels=14;seed=1;val_split=0.2;filter=fir;split=calibration_curve_v2;train_runs=['03', '05', '07', '08'];test_run=04;metric=test_accuracy;notes_extra=experiment=calibration_curve_v2;k=4;draw=1;recipe=dec;tag=transfer_dec_fir_k4_test04_d1_s1"
2026-08-15T23:50:03.691453,transfer,/home/connor/Desktop/eeg-motor-classification/legacy/model/models/base_model_90_subjects.pt,1,486,0.4329896907216495,"csp_components=6;runs=['03', '04', '05', '07', '08'];target_channels=14;seed=2;val_split=0.2;filter=fir;split=calibration_curve_v2;train_runs=['03', '05', '07', '08'];test_run=04;metric=test_accuracy;notes_extra=experiment=calibration_curve_v2;k=4;draw=1;recipe=dec;tag=transfer_dec_fir_k4_test04_d1_s2"
2026-08-15T23:50:32.457092,transfer,/home/connor/Desktop/eeg-motor-classification/legacy/model/models/base_model_90_subjects.pt,1,479,0.4897959183673469,"csp_components=6;runs=['01', '02', '03', '05', '08'];target_channels=14;seed=0;val_split=0.2;filter=fir;split=calibration_curve_v2;train_runs=['01', '02', '03', '08'];test_run=05;metric=test_accuracy;notes_extra=experiment=calibration_curve_v2;k=4;draw=0;recipe=dec;tag=transfer_dec_fir_k4_test05_d0_s0"
2026-08-15T23:50:36.606794,transfer,/home/connor/Desktop/eeg-motor-classification/legacy/model/models/base_model_90_subjects.pt,1,479,0.4897959183673469,"csp_components=6;runs=['01', '02', '03', '05', '08'];target_channels=14;seed=1;val_split=0.2;filter=fir;split=calibration_curve_v2;train_runs=['01', '02', '03', '08'];test_run=05;metric=test_accuracy;notes_extra=experiment=calibration_curve_v2;k=4;draw=0;recipe=dec;tag=transfer_dec_fir_k4_test05_d0_s1"
2026-08-15T23:50:45.167682,transfer,/home/connor/Desktop/eeg-motor-classification/legacy/model/models/base_model_90_subjects.pt,1,479,0.4285714285714285,"csp_components=6;runs=['01', '02', '03', '05', '08'];target_channels=14;seed=2;val_split=0.2;filter=fir;split=calibration_curve_v2;train_runs=['01', '02', '03', '08'];test_run=05;metric=test_accuracy;notes_extra=experiment=calibration_curve_v2;k=4;draw=0;recipe=dec;tag=transfer_dec_fir_k4_test05_d0_s2"
2026-08-15T23:51:13.229358,transfer,/home/connor/Desktop/eeg-motor-classification/legacy/model/models/base_model_90_subjects.pt,1,481,0.5204081632653061,"csp_components=6;runs=['01', '02', '05', '07', '08'];target_channels=14;seed=0;val_split=0.2;filter=fir;split=calibration_curve_v2;train_runs=['01', '02', '07', '08'];test_run=05;metric=test_accuracy;notes_extra=experiment=calibration_curve_v2;k=4;draw=1;recipe=dec;tag=transfer_dec_fir_k4_test05_d1_s0"
2026-08-15T23:51:29.282934,transfer,/home/connor/Desktop/eeg-motor-classification/legacy/model/models/base_model_90_subjects.pt,1,481,0.5102040816326531,"csp_components=6;runs=['01', '02', '05', '07', '08'];target_channels=14;seed=1;val_split=0.2;filter=fir;split=calibration_curve_v2;train_runs=['01', '02', '07', '08'];test_run=05;metric=test_accuracy;notes_extra=experiment=calibration_curve_v2;k=4;draw=1;recipe=dec;tag=transfer_dec_fir_k4_test05_d1_s1"
2026-08-15T23:51:35.914454,transfer,/home/connor/Desktop/eeg-motor-classification/legacy/model/models/base_model_90_subjects.pt,1,481,0.5408163265306123,"csp_components=6;runs=['01', '02', '05', '07', '08'];target_channels=14;seed=2;val_split=0.2;filter=fir;split=calibration_curve_v2;train_runs=['01', '02', '07', '08'];test_run=05;metric=test_accuracy;notes_extra=experiment=calibration_curve_v2;k=4;draw=1;recipe=dec;tag=transfer_dec_fir_k4_test05_d1_s2"
2026-08-15T23:52:00.891012,transfer,/home/connor/Desktop/eeg-motor-classification/legacy/model/models/base_model_90_subjects.pt,1,484,0.5510204081632653,"csp_components=6;runs=['01', '05', '06', '07', '08'];target_channels=14;seed=0;val_split=0.2;filter=fir;split=calibration_curve_v2;train_runs=['01', '05', '07', '08'];test_run=06;metric=test_accuracy;notes_extra=experiment=calibration_curve_v2;k=4;draw=0;recipe=dec;tag=transfer_dec_fir_k4_test06_d0_s0"
2026-08-15T23:52:10.294083,transfer,/home/connor/Desktop/eeg-motor-classification/legacy/model/models/base_model_90_subjects.pt,1,484,0.5714285714285714,"csp_components=6;runs=['01', '05', '06', '07', '08'];target_channels=14;seed=1;val_split=0.2;filter=fir;split=calibration_curve_v2;train_runs=['01', '05', '07', '08'];test_run=06;metric=test_accuracy;notes_extra=experiment=calibration_curve_v2;k=4;draw=0;recipe=dec;tag=transfer_dec_fir_k4_test06_d0_s1"
2026-08-15T23:52:12.838005,transfer,/home/connor/Desktop/eeg-motor-classification/legacy/model/models/base_model_90_subjects.pt,1,484,0.5102040816326531,"csp_components=6;runs=['01', '05', '06', '07', '08'];target_channels=14;seed=2;val_split=0.2;filter=fir;split=calibration_curve_v2;train_runs=['01', '05', '07', '08'];test_run=06;metric=test_accuracy;notes_extra=experiment=calibration_curve_v2;k=4;draw=0;recipe=dec;tag=transfer_dec_fir_k4_test06_d0_s2"
2026-08-15T23:52:41.316230,transfer,/home/connor/Desktop/eeg-motor-classification/legacy/model/models/base_model_90_subjects.pt,1,487,0.4591836734693877,"csp_components=6;runs=['02', '03', '05', '06', '07'];target_channels=14;seed=0;val_split=0.2;filter=fir;split=calibration_curve_v2;train_runs=['02', '03', '05', '07'];test_run=06;metric=test_accuracy;notes_extra=experiment=calibration_curve_v2;k=4;draw=1;recipe=dec;tag=transfer_dec_fir_k4_test06_d1_s0"
2026-08-15T23:52:51.224290,transfer,/home/connor/Desktop/eeg-motor-classification/legacy/model/models/base_model_90_subjects.pt,1,487,0.4693877551020408,"csp_components=6;runs=['02', '03', '05', '06', '07'];target_channels=14;seed=1;val_split=0.2;filter=fir;split=calibration_curve_v2;train_runs=['02', '03', '05', '07'];test_run=06;metric=test_accuracy;notes_extra=experiment=calibration_curve_v2;k=4;draw=1;recipe=dec;tag=transfer_dec_fir_k4_test06_d1_s1"
2026-08-15T23:52:53.727339,transfer,/home/connor/Desktop/eeg-motor-classification/legacy/model/models/base_model_90_subjects.pt,1,487,0.3673469387755102,"csp_components=6;runs=['02', '03', '05', '06', '07'];target_channels=14;seed=2;val_split=0.2;filter=fir;split=calibration_curve_v2;train_runs=['02', '03', '05', '07'];test_run=06;metric=test_accuracy;notes_extra=experiment=calibration_curve_v2;k=4;draw=1;recipe=dec;tag=transfer_dec_fir_k4_test06_d1_s2"
2026-08-15T23:53:27.437156,transfer,/home/connor/Desktop/eeg-motor-classification/legacy/model/models/base_model_90_subjects.pt,1,480,0.5252525252525253,"csp_components=6;runs=['01', '02', '04', '07', '08'];target_channels=14;seed=0;val_split=0.2;filter=fir;split=calibration_curve_v2;train_runs=['01', '02', '04', '08'];test_run=07;metric=test_accuracy;notes_extra=experiment=calibration_curve_v2;k=4;draw=0;recipe=dec;tag=transfer_dec_fir_k4_test07_d0_s0"
2026-08-15T23:53:29.445145,transfer,/home/connor/Desktop/eeg-motor-classification/legacy/model/models/base_model_90_subjects.pt,1,480,0.5252525252525253,"csp_components=6;runs=['01', '02', '04', '07', '08'];target_channels=14;seed=1;val_split=0.2;filter=fir;split=calibration_curve_v2;train_runs=['01', '02', '04', '08'];test_run=07;metric=test_accuracy;notes_extra=experiment=calibration_curve_v2;k=4;draw=0;recipe=dec;tag=transfer_dec_fir_k4_test07_d0_s1"
2026-08-15T23:53:34.859508,transfer,/home/connor/Desktop/eeg-motor-classification/legacy/model/models/base_model_90_subjects.pt,1,480,0.5252525252525253,"csp_components=6;runs=['01', '02', '04', '07', '08'];target_channels=14;seed=2;val_split=0.2;filter=fir;split=calibration_curve_v2;train_runs=['01', '02', '04', '08'];test_run=07;metric=test_accuracy;notes_extra=experiment=calibration_curve_v2;k=4;draw=0;recipe=dec;tag=transfer_dec_fir_k4_test07_d0_s2"
2026-08-15T23:54:08.351599,transfer,/home/connor/Desktop/eeg-motor-classification/legacy/model/models/base_model_90_subjects.pt,1,484,0.5454545454545454,"csp_components=6;runs=['02', '03', '05', '07', '08'];target_channels=14;seed=0;val_split=0.2;filter=fir;split=calibration_curve_v2;train_runs=['02', '03', '05', '08'];test_run=07;metric=test_accuracy;notes_extra=experiment=calibration_curve_v2;k=4;draw=1;recipe=dec;tag=transfer_dec_fir_k4_test07_d1_s0"
2026-08-15T23:54:12.700867,transfer,/home/connor/Desktop/eeg-motor-classification/legacy/model/models/base_model_90_subjects.pt,1,484,0.5757575757575758,"csp_components=6;runs=['02', '03', '05', '07', '08'];target_channels=14;seed=1;val_split=0.2;filter=fir;split=calibration_curve_v2;train_runs=['02', '03', '05', '08'];test_run=07;metric=test_accuracy;notes_extra=experiment=calibration_curve_v2;k=4;draw=1;recipe=dec;tag=transfer_dec_fir_k4_test07_d1_s1"
2026-08-15T23:54:17.661690,transfer,/home/connor/Desktop/eeg-motor-classification/legacy/model/models/base_model_90_subjects.pt,1,484,0.5353535353535354,"csp_components=6;runs=['02', '03', '05', '07', '08'];target_channels=14;seed=2;val_split=0.2;filter=fir;split=calibration_curve_v2;train_runs=['02', '03', '05', '08'];test_run=07;metric=test_accuracy;notes_extra=experiment=calibration_curve_v2;k=4;draw=1;recipe=dec;tag=transfer_dec_fir_k4_test07_d1_s2"
2026-08-15T23:54:50.366207,transfer,/home/connor/Desktop/eeg-motor-classification/legacy/model/models/base_model_90_subjects.pt,1,483,0.4842105263157895,"csp_components=6;runs=['01', '03', '05', '07', '08'];target_channels=14;seed=0;val_split=0.2;filter=fir;split=calibration_curve_v2;train_runs=['01', '03', '05', '07'];test_run=08;metric=test_accuracy;notes_extra=experiment=calibration_curve_v2;k=4;draw=0;recipe=dec;tag=transfer_dec_fir_k4_test08_d0_s0"
2026-08-15T23:54:55.197258,transfer,/home/connor/Desktop/eeg-motor-classification/legacy/model/models/base_model_90_subjects.pt,1,483,0.5368421052631579,"csp_components=6;runs=['01', '03', '05', '07', '08'];target_channels=14;seed=1;val_split=0.2;filter=fir;split=calibration_curve_v2;train_runs=['01', '03', '05', '07'];test_run=08;metric=test_accuracy;notes_extra=experiment=calibration_curve_v2;k=4;draw=0;recipe=dec;tag=transfer_dec_fir_k4_test08_d0_s1"
2026-08-15T23:55:00.849577,transfer,/home/connor/Desktop/eeg-motor-classification/legacy/model/models/base_model_90_subjects.pt,1,483,0.5473684210526316,"csp_components=6;runs=['01', '03', '05', '07', '08'];target_channels=14;seed=2;val_split=0.2;filter=fir;split=calibration_curve_v2;train_runs=['01', '03', '05', '07'];test_run=08;metric=test_accuracy;notes_extra=experiment=calibration_curve_v2;k=4;draw=0;recipe=dec;tag=transfer_dec_fir_k4_test08_d0_s2"
2026-08-15T23:55:32.263710,transfer,/home/connor/Desktop/eeg-motor-classification/legacy/model/models/base_model_90_subjects.pt,1,483,0.4947368421052631,"csp_components=6;runs=['01', '04', '05', '07', '08'];target_channels=14;seed=0;val_split=0.2;filter=fir;split=calibration_curve_v2;train_runs=['01', '04', '05', '07'];test_run=08;metric=test_accuracy;notes_extra=experiment=calibration_curve_v2;k=4;draw=1;recipe=dec;tag=transfer_dec_fir_k4_test08_d1_s0"
2026-08-15T23:55:35.545368,transfer,/home/connor/Desktop/eeg-motor-classification/legacy/model/models/base_model_90_subjects.pt,1,483,0.5263157894736842,"csp_components=6;runs=['01', '04', '05', '07', '08'];target_channels=14;seed=1;val_split=0.2;filter=fir;split=calibration_curve_v2;train_runs=['01', '04', '05', '07'];test_run=08;metric=test_accuracy;notes_extra=experiment=calibration_curve_v2;k=4;draw=1;recipe=dec;tag=transfer_dec_fir_k4_test08_d1_s1"
2026-08-15T23:55:41.830725,transfer,/home/connor/Desktop/eeg-motor-classification/legacy/model/models/base_model_90_subjects.pt,1,483,0.4842105263157895,"csp_components=6;runs=['01', '04', '05', '07', '08'];target_channels=14;seed=2;val_split=0.2;filter=fir;split=calibration_curve_v2;train_runs=['01', '04', '05', '07'];test_run=08;metric=test_accuracy;notes_extra=experiment=calibration_curve_v2;k=4;draw=1;recipe=dec;tag=transfer_dec_fir_k4_test08_d1_s2"
2026-08-15T21:34:22.294296,transfer,/home/connor/Desktop/eeg-motor-classification/legacy/model/models/base_model_90_subjects.pt,1,773,0.5106382978723404,"csp_components=6;runs=['01', '02', '03', '04', '05', '06', '07', '08'];target_channels=14;seed=0;val_split=0.2;filter=fir;split=calibration_curve_v2;train_runs=['02', '03', '04', '05', '06', '07', '08'];test_run=01;metric=test_accuracy;notes_extra=experiment=calibration_curve_v2;k=7;draw=0;recipe=dec;tag=transfer_dec_fir_k7_test01_d0_s0"
2026-08-15T21:34:42.163522,transfer,/home/connor/Desktop/eeg-motor-classification/legacy/model/models/base_model_90_subjects.pt,1,773,0.4680851063829787,"csp_components=6;runs=['01', '02', '03', '04', '05', '06', '07', '08'];target_channels=14;seed=1;val_split=0.2;filter=fir;split=calibration_curve_v2;train_runs=['02', '03', '04', '05', '06', '07', '08'];test_run=01;metric=test_accuracy;notes_extra=experiment=calibration_curve_v2;k=7;draw=0;recipe=dec;tag=transfer_dec_fir_k7_test01_d0_s1"
2026-08-15T21:35:03.853015,transfer,/home/connor/Desktop/eeg-motor-classification/legacy/model/models/base_model_90_subjects.pt,1,773,0.6063829787234043,"csp_components=6;runs=['01', '02', '03', '04', '05', '06', '07', '08'];target_channels=14;seed=2;val_split=0.2;filter=fir;split=calibration_curve_v2;train_runs=['02', '03', '04', '05', '06', '07', '08'];test_run=01;metric=test_accuracy;notes_extra=experiment=calibration_curve_v2;k=7;draw=0;recipe=dec;tag=transfer_dec_fir_k7_test01_d0_s2"
2026-08-15T21:36:37.887001,transfer,/home/connor/Desktop/eeg-motor-classification/legacy/model/models/base_model_90_subjects.pt,1,773,0.631578947368421,"csp_components=6;runs=['01', '02', '03', '04', '05', '06', '07', '08'];target_channels=14;seed=0;val_split=0.2;filter=fir;split=calibration_curve_v2;train_runs=['01', '03', '04', '05', '06', '07', '08'];test_run=02;metric=test_accuracy;notes_extra=experiment=calibration_curve_v2;k=7;draw=0;recipe=dec;tag=transfer_dec_fir_k7_test02_d0_s0"
2026-08-15T21:36:55.051755,transfer,/home/connor/Desktop/eeg-motor-classification/legacy/model/models/base_model_90_subjects.pt,1,773,0.6210526315789474,"csp_components=6;runs=['01', '02', '03', '04', '05', '06', '07', '08'];target_channels=14;seed=1;val_split=0.2;filter=fir;split=calibration_curve_v2;train_runs=['01', '03', '04', '05', '06', '07', '08'];test_run=02;metric=test_accuracy;notes_extra=experiment=calibration_curve_v2;k=7;draw=0;recipe=dec;tag=transfer_dec_fir_k7_test02_d0_s1"
2026-08-15T21:37:15.642216,transfer,/home/connor/Desktop/eeg-motor-classification/legacy/model/models/base_model_90_subjects.pt,1,773,0.5263157894736842,"csp_components=6;runs=['01', '02', '03', '04', '05', '06', '07', '08'];target_channels=14;seed=2;val_split=0.2;filter=fir;split=calibration_curve_v2;train_runs=['01', '03', '04', '05', '06', '07', '08'];test_run=02;metric=test_accuracy;notes_extra=experiment=calibration_curve_v2;k=7;draw=0;recipe=dec;tag=transfer_dec_fir_k7_test02_d0_s2"
2026-08-15T21:38:52.284736,transfer,/home/connor/Desktop/eeg-motor-classification/legacy/model/models/base_model_90_subjects.pt,1,773,0.4536082474226804,"csp_components=6;runs=['01', '02', '03', '04', '05', '06', '07', '08'];target_channels=14;seed=0;val_split=0.2;filter=fir;split=calibration_curve_v2;train_runs=['01', '02', '04', '05', '06', '07', '08'];test_run=03;metric=test_accuracy;notes_extra=experiment=calibration_curve_v2;k=7;draw=0;recipe=dec;tag=transfer_dec_fir_k7_test03_d0_s0"
2026-08-15T21:39:12.545691,transfer,/home/connor/Desktop/eeg-motor-classification/legacy/model/models/base_model_90_subjects.pt,1,773,0.5773195876288659,"csp_components=6;runs=['01', '02', '03', '04', '05', '06', '07', '08'];target_channels=14;seed=1;val_split=0.2;filter=fir;split=calibration_curve_v2;train_runs=['01', '02', '04', '05', '06', '07', '08'];test_run=03;metric=test_accuracy;notes_extra=experiment=calibration_curve_v2;k=7;draw=0;recipe=dec;tag=transfer_dec_fir_k7_test03_d0_s1"
2026-08-15T21:39:36.304876,transfer,/home/connor/Desktop/eeg-motor-classification/legacy/model/models/base_model_90_subjects.pt,1,773,0.4948453608247423,"csp_components=6;runs=['01', '02', '03', '04', '05', '06', '07', '08'];target_channels=14;seed=2;val_split=0.2;filter=fir;split=calibration_curve_v2;train_runs=['01', '02', '04', '05', '06', '07', '08'];test_run=03;metric=test_accuracy;notes_extra=experiment=calibration_curve_v2;k=7;draw=0;recipe=dec;tag=transfer_dec_fir_k7_test03_d0_s2"
2026-08-15T21:41:08.035488,transfer,/home/connor/Desktop/eeg-motor-classification/legacy/model/models/base_model_90_subjects.pt,1,773,0.5051546391752577,"csp_components=6;runs=['01', '02', '03', '04', '05', '06', '07', '08'];target_channels=14;seed=0;val_split=0.2;filter=fir;split=calibration_curve_v2;train_runs=['01', '02', '03', '05', '06', '07', '08'];test_run=04;metric=test_accuracy;notes_extra=experiment=calibration_curve_v2;k=7;draw=0;recipe=dec;tag=transfer_dec_fir_k7_test04_d0_s0"
2026-08-15T21:41:25.989803,transfer,/home/connor/Desktop/eeg-motor-classification/legacy/model/models/base_model_90_subjects.pt,1,773,0.4329896907216495,"csp_components=6;runs=['01', '02', '03', '04', '05', '06', '07', '08'];target_channels=14;seed=1;val_split=0.2;filter=fir;split=calibration_curve_v2;train_runs=['01', '02', '03', '05', '06', '07', '08'];test_run=04;metric=test_accuracy;notes_extra=experiment=calibration_curve_v2;k=7;draw=0;recipe=dec;tag=transfer_dec_fir_k7_test04_d0_s1"
2026-08-15T21:41:45.490279,transfer,/home/connor/Desktop/eeg-motor-classification/legacy/model/models/base_model_90_subjects.pt,1,773,0.5051546391752577,"csp_components=6;runs=['01', '02', '03', '04', '05', '06', '07', '08'];target_channels=14;seed=2;val_split=0.2;filter=fir;split=calibration_curve_v2;train_runs=['01', '02', '03', '05', '06', '07', '08'];test_run=04;metric=test_accuracy;notes_extra=experiment=calibration_curve_v2;k=7;draw=0;recipe=dec;tag=transfer_dec_fir_k7_test04_d0_s2"
2026-08-15T21:43:19.857724,transfer,/home/connor/Desktop/eeg-motor-classification/legacy/model/models/base_model_90_subjects.pt,1,773,0.5102040816326531,"csp_components=6;runs=['01', '02', '03', '04', '05', '06', '07', '08'];target_channels=14;seed=0;val_split=0.2;filter=fir;split=calibration_curve_v2;train_runs=['01', '02', '03', '04', '06', '07', '08'];test_run=05;metric=test_accuracy;notes_extra=experiment=calibration_curve_v2;k=7;draw=0;recipe=dec;tag=transfer_dec_fir_k7_test05_d0_s0"
2026-08-15T21:43:40.983862,transfer,/home/connor/Desktop/eeg-motor-classification/legacy/model/models/base_model_90_subjects.pt,1,773,0.5,"csp_components=6;runs=['01', '02', '03', '04', '05', '06', '07', '08'];target_channels=14;seed=1;val_split=0.2;filter=fir;split=calibration_curve_v2;train_runs=['01', '02', '03', '04', '06', '07', '08'];test_run=05;metric=test_accuracy;notes_extra=experiment=calibration_curve_v2;k=7;draw=0;recipe=dec;tag=transfer_dec_fir_k7_test05_d0_s1"
2026-08-15T21:44:02.914975,transfer,/home/connor/Desktop/eeg-motor-classification/legacy/model/models/base_model_90_subjects.pt,1,773,0.4795918367346938,"csp_components=6;runs=['01', '02', '03', '04', '05', '06', '07', '08'];target_channels=14;seed=2;val_split=0.2;filter=fir;split=calibration_curve_v2;train_runs=['01', '02', '03', '04', '06', '07', '08'];test_run=05;metric=test_accuracy;notes_extra=experiment=calibration_curve_v2;k=7;draw=0;recipe=dec;tag=transfer_dec_fir_k7_test05_d0_s2"
2026-08-15T21:45:34.694819,transfer,/home/connor/Desktop/eeg-motor-classification/legacy/model/models/base_model_90_subjects.pt,1,773,0.4489795918367347,"csp_components=6;runs=['01', '02', '03', '04', '05', '06', '07', '08'];target_channels=14;seed=0;val_split=0.2;filter=fir;split=calibration_curve_v2;train_runs=['01', '02', '03', '04', '05', '07', '08'];test_run=06;metric=test_accuracy;notes_extra=experiment=calibration_curve_v2;k=7;draw=0;recipe=dec;tag=transfer_dec_fir_k7_test06_d0_s0"
2026-08-15T21:45:55.424426,transfer,/home/connor/Desktop/eeg-motor-classification/legacy/model/models/base_model_90_subjects.pt,1,773,0.4897959183673469,"csp_components=6;runs=['01', '02', '03', '04', '05', '06', '07', '08'];target_channels=14;seed=1;val_split=0.2;filter=fir;split=calibration_curve_v2;train_runs=['01', '02', '03', '04', '05', '07', '08'];test_run=06;metric=test_accuracy;notes_extra=experiment=calibration_curve_v2;k=7;draw=0;recipe=dec;tag=transfer_dec_fir_k7_test06_d0_s1"
2026-08-15T21:46:16.383742,transfer,/home/connor/Desktop/eeg-motor-classification/legacy/model/models/base_model_90_subjects.pt,1,773,0.4897959183673469,"csp_components=6;runs=['01', '02', '03', '04', '05', '06', '07', '08'];target_channels=14;seed=2;val_split=0.2;filter=fir;split=calibration_curve_v2;train_runs=['01', '02', '03', '04', '05', '07', '08'];test_run=06;metric=test_accuracy;notes_extra=experiment=calibration_curve_v2;k=7;draw=0;recipe=dec;tag=transfer_dec_fir_k7_test06_d0_s2"
2026-08-15T21:47:48.151567,transfer,/home/connor/Desktop/eeg-motor-classification/legacy/model/models/base_model_90_subjects.pt,1,773,0.5252525252525253,"csp_components=6;runs=['01', '02', '03', '04', '05', '06', '07', '08'];target_channels=14;seed=0;val_split=0.2;filter=fir;split=calibration_curve_v2;train_runs=['01', '02', '03', '04', '05', '06', '08'];test_run=07;metric=test_accuracy;notes_extra=experiment=calibration_curve_v2;k=7;draw=0;recipe=dec;tag=transfer_dec_fir_k7_test07_d0_s0"
2026-08-15T21:48:09.644086,transfer,/home/connor/Desktop/eeg-motor-classification/legacy/model/models/base_model_90_subjects.pt,1,773,0.5757575757575758,"csp_components=6;runs=['01', '02', '03', '04', '05', '06', '07', '08'];target_channels=14;seed=1;val_split=0.2;filter=fir;split=calibration_curve_v2;train_runs=['01', '02', '03', '04', '05', '06', '08'];test_run=07;metric=test_accuracy;notes_extra=experiment=calibration_curve_v2;k=7;draw=0;recipe=dec;tag=transfer_dec_fir_k7_test07_d0_s1"
2026-08-15T21:48:28.688883,transfer,/home/connor/Desktop/eeg-motor-classification/legacy/model/models/base_model_90_subjects.pt,1,773,0.5656565656565656,"csp_components=6;runs=['01', '02', '03', '04', '05', '06', '07', '08'];target_channels=14;seed=2;val_split=0.2;filter=fir;split=calibration_curve_v2;train_runs=['01', '02', '03', '04', '05', '06', '08'];test_run=07;metric=test_accuracy;notes_extra=experiment=calibration_curve_v2;k=7;draw=0;recipe=dec;tag=transfer_dec_fir_k7_test07_d0_s2"
2026-08-15T21:54:44.148193,transfer,/home/connor/Desktop/eeg-motor-classification/legacy/model/models/base_model_90_subjects.pt,1,773,0.5263157894736842,"csp_components=6;runs=['01', '02', '03', '04', '05', '06', '07', '08'];target_channels=14;seed=0;val_split=0.2;filter=fir;split=calibration_curve_v2;train_runs=['01', '02', '03', '04', '05', '06', '07'];test_run=08;metric=test_accuracy;notes_extra=experiment=calibration_curve_v2;k=7;draw=0;recipe=dec;tag=transfer_dec_fir_k7_test08_d0_s0"
2026-08-15T21:55:02.342792,transfer,/home/connor/Desktop/eeg-motor-classification/legacy/model/models/base_model_90_subjects.pt,1,773,0.6105263157894737,"csp_components=6;runs=['01', '02', '03', '04', '05', '06', '07', '08'];target_channels=14;seed=1;val_split=0.2;filter=fir;split=calibration_curve_v2;train_runs=['01', '02', '03', '04', '05', '06', '07'];test_run=08;metric=test_accuracy;notes_extra=experiment=calibration_curve_v2;k=7;draw=0;recipe=dec;tag=transfer_dec_fir_k7_test08_d0_s1"
2026-08-15T23:03:45.927823,transfer,/home/connor/Desktop/eeg-motor-classification/legacy/model/models/base_model_90_subjects.pt,1,773,0.6,"csp_components=6;runs=['01', '02', '03', '04', '05', '06', '07', '08'];target_channels=14;seed=2;val_split=0.2;filter=fir;split=calibration_curve_v2;train_runs=['01', '02', '03', '04', '05', '06', '07'];test_run=08;metric=test_accuracy;notes_extra=experiment=calibration_curve_v2;k=7;draw=0;recipe=dec;tag=transfer_dec_fir_k7_test08_d0_s2"
2026-08-16T00:02:58.137780,transfer,/home/connor/Desktop/eeg-motor-classification/legacy/model/models/base_model_90_subjects.pt,1,192,0.5257731958762887,"csp_components=6;runs=['01', '02'];target_channels=14;seed=0;val_split=0.2;filter=iir;split=calibration_curve_v2;train_runs=['02'];test_run=01;metric=test_accuracy;notes_extra=experiment=calibration_curve_v2;k=1;draw=0;recipe=dec;tag=transfer_dec_iir_k1_test01_d0_s0"
2026-08-16T00:03:03.505000,transfer,/home/connor/Desktop/eeg-motor-classification/legacy/model/models/base_model_90_subjects.pt,1,192,0.5876288659793815,"csp_components=6;runs=['01', '02'];target_channels=14;seed=1;val_split=0.2;filter=iir;split=calibration_curve_v2;train_runs=['02'];test_run=01;metric=test_accuracy;notes_extra=experiment=calibration_curve_v2;k=1;draw=0;recipe=dec;tag=transfer_dec_iir_k1_test01_d0_s1"
2026-08-16T00:03:05.996648,transfer,/home/connor/Desktop/eeg-motor-classification/legacy/model/models/base_model_90_subjects.pt,1,192,0.5567010309278351,"csp_components=6;runs=['01', '02'];target_channels=14;seed=2;val_split=0.2;filter=iir;split=calibration_curve_v2;train_runs=['02'];test_run=01;metric=test_accuracy;notes_extra=experiment=calibration_curve_v2;k=1;draw=0;recipe=dec;tag=transfer_dec_iir_k1_test01_d0_s2"
2026-08-16T00:03:16.613744,transfer,/home/connor/Desktop/eeg-motor-classification/legacy/model/models/base_model_90_subjects.pt,1,191,0.4948453608247423,"csp_components=6;runs=['01', '08'];target_channels=14;seed=0;val_split=0.2;filter=iir;split=calibration_curve_v2;train_runs=['08'];test_run=01;metric=test_accuracy;notes_extra=experiment=calibration_curve_v2;k=1;draw=1;recipe=dec;tag=transfer_dec_iir_k1_test01_d1_s0"
2026-08-16T00:03:17.262303,transfer,/home/connor/Desktop/eeg-motor-classification/legacy/model/models/base_model_90_subjects.pt,1,191,0.4948453608247423,"csp_components=6;runs=['01', '08'];target_channels=14;seed=1;val_split=0.2;filter=iir;split=calibration_curve_v2;train_runs=['08'];test_run=01;metric=test_accuracy;notes_extra=experiment=calibration_curve_v2;k=1;draw=1;recipe=dec;tag=transfer_dec_iir_k1_test01_d1_s1"
2026-08-16T00:03:21.372827,transfer,/home/connor/Desktop/eeg-motor-classification/legacy/model/models/base_model_90_subjects.pt,1,191,0.4845360824742268,"csp_components=6;runs=['01', '08'];target_channels=14;seed=2;val_split=0.2;filter=iir;split=calibration_curve_v2;train_runs=['08'];test_run=01;metric=test_accuracy;notes_extra=experiment=calibration_curve_v2;k=1;draw=1;recipe=dec;tag=transfer_dec_iir_k1_test01_d1_s2"
2026-08-16T00:03:32.413571,transfer,/home/connor/Desktop/eeg-motor-classification/legacy/model/models/base_model_90_subjects.pt,1,193,0.5684210526315789,"csp_components=6;runs=['02', '05'];target_channels=14;seed=0;val_split=0.2;filter=iir;split=calibration_curve_v2;train_runs=['05'];test_run=02;metric=test_accuracy;notes_extra=experiment=calibration_curve_v2;k=1;draw=0;recipe=dec;tag=transfer_dec_iir_k1_test02_d0_s0"
2026-08-16T00:03:33.536877,transfer,/home/connor/Desktop/eeg-motor-classification/legacy/model/models/base_model_90_subjects.pt,1,193,0.4947368421052631,"csp_components=6;runs=['02', '05'];target_channels=14;seed=1;val_split=0.2;filter=iir;split=calibration_curve_v2;train_runs=['05'];test_run=02;metric=test_accuracy;notes_extra=experiment=calibration_curve_v2;k=1;draw=0;recipe=dec;tag=transfer_dec_iir_k1_test02_d0_s1"
2026-08-16T00:03:39.500570,transfer,/home/connor/Desktop/eeg-motor-classification/legacy/model/models/base_model_90_subjects.pt,1,193,0.4421052631578947,"csp_components=6;runs=['02', '05'];target_channels=14;seed=2;val_split=0.2;filter=iir;split=calibration_curve_v2;train_runs=['05'];test_run=02;metric=test_accuracy;notes_extra=experiment=calibration_curve_v2;k=1;draw=0;recipe=dec;tag=transfer_dec_iir_k1_test02_d0_s2"
2026-08-16T00:03:46.145495,transfer,/home/connor/Desktop/eeg-motor-classification/legacy/model/models/base_model_90_subjects.pt,1,192,0.5473684210526316,"csp_components=6;runs=['02', '06'];target_channels=14;seed=0;val_split=0.2;filter=iir;split=calibration_curve_v2;train_runs=['06'];test_run=02;metric=test_accuracy;notes_extra=experiment=calibration_curve_v2;k=1;draw=1;recipe=dec;tag=transfer_dec_iir_k1_test02_d1_s0"
2026-08-16T00:03:49.530911,transfer,/home/connor/Desktop/eeg-motor-classification/legacy/model/models/base_model_90_subjects.pt,1,192,0.5578947368421052,"csp_components=6;runs=['02', '06'];target_channels=14;seed=1;val_split=0.2;filter=iir;split=calibration_curve_v2;train_runs=['06'];test_run=02;metric=test_accuracy;notes_extra=experiment=calibration_curve_v2;k=1;draw=1;recipe=dec;tag=transfer_dec_iir_k1_test02_d1_s1"
2026-08-16T00:03:56.473033,transfer,/home/connor/Desktop/eeg-motor-classification/legacy/model/models/base_model_90_subjects.pt,1,192,0.5368421052631579,"csp_components=6;runs=['02', '06'];target_channels=14;seed=2;val_split=0.2;filter=iir;split=calibration_curve_v2;train_runs=['06'];test_run=02;metric=test_accuracy;notes_extra=experiment=calibration_curve_v2;k=1;draw=1;recipe=dec;tag=transfer_dec_iir_k1_test02_d1_s2"
2026-08-16T00:04:06.010815,transfer,/home/connor/Desktop/eeg-motor-classification/legacy/model/models/base_model_90_subjects.pt,1,195,0.4329896907216495,"csp_components=6;runs=['03', '05'];target_channels=14;seed=0;val_split=0.2;filter=iir;split=calibration_curve_v2;train_runs=['05'];test_run=03;metric=test_accuracy;notes_extra=experiment=calibration_curve_v2;k=1;draw=0;recipe=dec;tag=transfer_dec_iir_k1_test03_d0_s0"
2026-08-16T00:04:13.677138,transfer,/home/connor/Desktop/eeg-motor-classification/legacy/model/models/base_model_90_subjects.pt,1,195,0.5463917525773195,"csp_components=6;runs=['03', '05'];target_channels=14;seed=1;val_split=0.2;filter=iir;split=calibration_curve_v2;train_runs=['05'];test_run=03;metric=test_accuracy;notes_extra=experiment=calibration_curve_v2;k=1;draw=0;recipe=dec;tag=transfer_dec_iir_k1_test03_d0_s1"
2026-08-16T00:04:15.444965,transfer,/home/connor/Desktop/eeg-motor-classification/legacy/model/models/base_model_90_subjects.pt,1,195,0.5051546391752577,"csp_components=6;runs=['03', '05'];target_channels=14;seed=2;val_split=0.2;filter=iir;split=calibration_curve_v2;train_runs=['05'];test_run=03;metric=test_accuracy;notes_extra=experiment=calibration_curve_v2;k=1;draw=0;recipe=dec;tag=transfer_dec_iir_k1_test03_d0_s2"
2026-08-16T00:04:28.871250,transfer,/home/connor/Desktop/eeg-motor-classification/legacy/model/models/base_model_90_subjects.pt,1,194,0.6082474226804123,"csp_components=6;runs=['03', '06'];target_channels=14;seed=0;val_split=0.2;filter=iir;split=calibration_curve_v2;train_runs=['06'];test_run=03;metric=test_accuracy;notes_extra=experiment=calibration_curve_v2;k=1;draw=1;recipe=dec;tag=transfer_dec_iir_k1_test03_d1_s0"
2026-08-16T00:04:30.537270,transfer,/home/connor/Desktop/eeg-motor-classification/legacy/model/models/base_model_90_subjects.pt,1,194,0.5567010309278351,"csp_components=6;runs=['03', '06'];target_channels=14;seed=1;val_split=0.2;filter=iir;split=calibration_curve_v2;train_runs=['06'];test_run=03;metric=test_accuracy;notes_extra=experiment=calibration_curve_v2;k=1;draw=1;recipe=dec;tag=transfer_dec_iir_k1_test03_d1_s1"
2026-08-16T00:04:31.241752,transfer,/home/connor/Desktop/eeg-motor-classification/legacy/model/models/base_model_90_subjects.pt,1,194,0.5257731958762887,"csp_components=6;runs=['03', '06'];target_channels=14;seed=2;val_split=0.2;filter=iir;split=calibration_curve_v2;train_runs=['06'];test_run=03;metric=test_accuracy;notes_extra=experiment=calibration_curve_v2;k=1;draw=1;recipe=dec;tag=transfer_dec_iir_k1_test03_d1_s2"
2026-08-16T00:04:45.271361,transfer,/home/connor/Desktop/eeg-motor-classification/legacy/model/models/base_model_90_subjects.pt,1,194,0.5876288659793815,"csp_components=6;runs=['01', '04'];target_channels=14;seed=0;val_split=0.2;filter=iir;split=calibration_curve_v2;train_runs=['01'];test_run=04;metric=test_accuracy;notes_extra=experiment=calibration_curve_v2;k=1;draw=0;recipe=dec;tag=transfer_dec_iir_k1_test04_d0_s0"
2026-08-16T00:04:47.481852,transfer,/home/connor/Desktop/eeg-motor-classification/legacy/model/models/base_model_90_subjects.pt,1,194,0.4536082474226804,"csp_components=6;runs=['01', '04'];target_channels=14;seed=1;val_split=0.2;filter=iir;split=calibration_curve_v2;train_runs=['01'];test_run=04;metric=test_accuracy;notes_extra=experiment=calibration_curve_v2;k=1;draw=0;recipe=dec;tag=transfer_dec_iir_k1_test04_d0_s1"
2026-08-16T00:04:46.485574,transfer,/home/connor/Desktop/eeg-motor-classification/legacy/model/models/base_model_90_subjects.pt,1,194,0.4845360824742268,"csp_components=6;runs=['01', '04'];target_channels=14;seed=2;val_split=0.2;filter=iir;split=calibration_curve_v2;train_runs=['01'];test_run=04;metric=test_accuracy;notes_extra=experiment=calibration_curve_v2;k=1;draw=0;recipe=dec;tag=transfer_dec_iir_k1_test04_d0_s2"
2026-08-16T00:05:01.740601,transfer,/home/connor/Desktop/eeg-motor-classification/legacy/model/models/base_model_90_subjects.pt,1,195,0.4329896907216495,"csp_components=6;runs=['04', '05'];target_channels=14;seed=0;val_split=0.2;filter=iir;split=calibration_curve_v2;train_runs=['05'];test_run=04;metric=test_accuracy;notes_extra=experiment=calibration_curve_v2;k=1;draw=1;recipe=dec;tag=transfer_dec_iir_k1_test04_d1_s0"
2026-08-16T00:05:04.424919,transfer,/home/connor/Desktop/eeg-motor-classification/legacy/model/models/base_model_90_subjects.pt,1,195,0.4639175257731959,"csp_components=6;runs=['04', '05'];target_channels=14;seed=1;val_split=0.2;filter=iir;split=calibration_curve_v2;train_runs=['05'];test_run=04;metric=test_accuracy;notes_extra=experiment=calibration_curve_v2;k=1;draw=1;recipe=dec;tag=transfer_dec_iir_k1_test04_d1_s1"
2026-08-16T00:05:08.714717,transfer,/home/connor/Desktop/eeg-motor-classification/legacy/model/models/base_model_90_subjects.pt,1,195,0.4020618556701031,"csp_components=6;runs=['04', '05'];target_channels=14;seed=2;val_split=0.2;filter=iir;split=calibration_curve_v2;train_runs=['05'];test_run=04;metric=test_accuracy;notes_extra=experiment=calibration_curve_v2;k=1;draw=1;recipe=dec;tag=transfer_dec_iir_k1_test04_d1_s2"
2026-08-16T00:05:21.503639,transfer,/home/connor/Desktop/eeg-motor-classification/legacy/model/models/base_model_90_subjects.pt,1,195,0.4897959183673469,"csp_components=6;runs=['04', '05'];target_channels=14;seed=0;val_split=0.2;filter=iir;split=calibration_curve_v2;train_runs=['04'];test_run=05;metric=test_accuracy;notes_extra=experiment=calibration_curve_v2;k=1;draw=0;recipe=dec;tag=transfer_dec_iir_k1_test05_d0_s0"
2026-08-16T00:05:20.482331,transfer,/home/connor/Desktop/eeg-motor-classification/legacy/model/models/base_model_90_subjects.pt,1,195,0.5306122448979592,"csp_components=6;runs=['04', '05'];target_channels=14;seed=1;val_split=0.2;filter=iir;split=calibration_curve_v2;train_runs=['04'];test_run=05;metric=test_accuracy;notes_extra=experiment=calibration_curve_v2;k=1;draw=0;recipe=dec;tag=transfer_dec_iir_k1_test05_d0_s1"
2026-08-16T00:05:24.833750,transfer,/home/connor/Desktop/eeg-motor-classification/legacy/model/models/base_model_90_subjects.pt,1,195,0.5204081632653061,"csp_components=6;runs=['04', '05'];target_channels=14;seed=2;val_split=0.2;filter=iir;split=calibration_curve_v2;train_runs=['04'];test_run=05;metric=test_accuracy;notes_extra=experiment=calibration_curve_v2;k=1;draw=0;recipe=dec;tag=transfer_dec_iir_k1_test05_d0_s2"
2026-08-16T00:05:36.840852,transfer,/home/connor/Desktop/eeg-motor-classification/legacy/model/models/base_model_90_subjects.pt,1,192,0.5918367346938775,"csp_components=6;runs=['05', '08'];target_channels=14;seed=0;val_split=0.2;filter=iir;split=calibration_curve_v2;train_runs=['08'];test_run=05;metric=test_accuracy;notes_extra=experiment=calibration_curve_v2;k=1;draw=1;recipe=dec;tag=transfer_dec_iir_k1_test05_d1_s0"
2026-08-16T00:05:38.928936,transfer,/home/connor/Desktop/eeg-motor-classification/legacy/model/models/base_model_90_subjects.pt,1,192,0.5204081632653061,"csp_components=6;runs=['05', '08'];target_channels=14;seed=1;val_split=0.2;filter=iir;split=calibration_curve_v2;train_runs=['08'];test_run=05;metric=test_accuracy;notes_extra=experiment=calibration_curve_v2;k=1;draw=1;recipe=dec;tag=transfer_dec_iir_k1_test05_d1_s1"
2026-08-16T00:05:41.577013,transfer,/home/connor/Desktop/eeg-motor-classification/legacy/model/models/base_model_90_subjects.pt,1,192,0.5714285714285714,"csp_components=6;runs=['05', '08'];target_channels=14;seed=2;val_split=0.2;filter=iir;split=calibration_curve_v2;train_runs=['08'];test_run=05;metric=test_accuracy;notes_extra=experiment=calibration_curve_v2;k=1;draw=1;recipe=dec;tag=transfer_dec_iir_k1_test05_d1_s2"
2026-08-16T00:05:50.799299,transfer,/home/connor/Desktop/eeg-motor-classification/legacy/model/models/base_model_90_subjects.pt,1,194,0.5773195876288659,"csp_components=6;runs=['01', '06'];target_channels=14;seed=0;val_split=0.2;filter=iir;split=calibration_curve_v2;train_runs=['01'];test_run=06;metric=test_accuracy;notes_extra=experiment=calibration_curve_v2;k=1;draw=0;recipe=dec;tag=transfer_dec_iir_k1_test06_d0_s0"
2026-08-16T00:05:58.215878,transfer,/home/connor/Desktop/eeg-motor-classification/legacy/model/models/base_model_90_subjects.pt,1,194,0.5360824742268041,"csp_components=6;runs=['01', '06'];target_channels=14;seed=1;val_split=0.2;filter=iir;split=calibration_curve_v2;train_runs=['01'];test_run=06;metric=test_accuracy;notes_extra=experiment=calibration_curve_v2;k=1;draw=0;recipe=dec;tag=transfer_dec_iir_k1_test06_d0_s1"
2026-08-16T00:05:59.986223,transfer,/home/connor/Desktop/eeg-motor-classification/legacy/model/models/base_model_90_subjects.pt,1,194,0.5051546391752577,"csp_components=6;runs=['01', '06'];target_channels=14;seed=2;val_split=0.2;filter=iir;split=calibration_curve_v2;train_runs=['01'];test_run=06;metric=test_accuracy;notes_extra=experiment=calibration_curve_v2;k=1;draw=0;recipe=dec;tag=transfer_dec_iir_k1_test06_d0_s2"
2026-08-16T00:06:13.680625,transfer,/home/connor/Desktop/eeg-motor-classification/legacy/model/models/base_model_90_subjects.pt,1,194,0.5257731958762887,"csp_components=6;runs=['03', '06'];target_channels=14;seed=0;val_split=0.2;filter=iir;split=calibration_curve_v2;train_runs=['03'];test_run=06;metric=test_accuracy;notes_extra=experiment=calibration_curve_v2;k=1;draw=1;recipe=dec;tag=transfer_dec_iir_k1_test06_d1_s0"
2026-08-16T00:06:13.597415,transfer,/home/connor/Desktop/eeg-motor-classification/legacy/model/models/base_model_90_subjects.pt,1,194,0.5360824742268041,"csp_components=6;runs=['03', '06'];target_channels=14;seed=1;val_split=0.2;filter=iir;split=calibration_curve_v2;train_runs=['03'];test_run=06;metric=test_accuracy;notes_extra=experiment=calibration_curve_v2;k=1;draw=1;recipe=dec;tag=transfer_dec_iir_k1_test06_d1_s1"
2026-08-16T00:06:16.123509,transfer,/home/connor/Desktop/eeg-motor-classification/legacy/model/models/base_model_90_subjects.pt,1,194,0.5257731958762887,"csp_components=6;runs=['03', '06'];target_channels=14;seed=2;val_split=0.2;filter=iir;split=calibration_curve_v2;train_runs=['03'];test_run=06;metric=test_accuracy;notes_extra=experiment=calibration_curve_v2;k=1;draw=1;recipe=dec;tag=transfer_dec_iir_k1_test06_d1_s2"
2026-08-16T00:06:27.994337,transfer,/home/connor/Desktop/eeg-motor-classification/legacy/model/models/base_model_90_subjects.pt,1,196,0.5757575757575758,"csp_components=6;runs=['01', '07'];target_channels=14;seed=0;val_split=0.2;filter=iir;split=calibration_curve_v2;train_runs=['01'];test_run=07;metric=test_accuracy;notes_extra=experiment=calibration_curve_v2;k=1;draw=0;recipe=dec;tag=transfer_dec_iir_k1_test07_d0_s0"
2026-08-16T00:06:29.333904,transfer,/home/connor/Desktop/eeg-motor-classification/legacy/model/models/base_model_90_subjects.pt,1,196,0.5151515151515151,"csp_components=6;runs=['01', '07'];target_channels=14;seed=1;val_split=0.2;filter=iir;split=calibration_curve_v2;train_runs=['01'];test_run=07;metric=test_accuracy;notes_extra=experiment=calibration_curve_v2;k=1;draw=0;recipe=dec;tag=transfer_dec_iir_k1_test07_d0_s1"
2026-08-16T00:06:34.578500,transfer,/home/connor/Desktop/eeg-motor-classification/legacy/model/models/base_model_90_subjects.pt,1,196,0.494949494949495,"csp_components=6;runs=['01', '07'];target_channels=14;seed=2;val_split=0.2;filter=iir;split=calibration_curve_v2;train_runs=['01'];test_run=07;metric=test_accuracy;notes_extra=experiment=calibration_curve_v2;k=1;draw=0;recipe=dec;tag=transfer_dec_iir_k1_test07_d0_s2"
2026-08-16T00:06:44.268938,transfer,/home/connor/Desktop/eeg-motor-classification/legacy/model/models/base_model_90_subjects.pt,1,193,0.5252525252525253,"csp_components=6;runs=['07', '08'];target_channels=14;seed=0;val_split=0.2;filter=iir;split=calibration_curve_v2;train_runs=['08'];test_run=07;metric=test_accuracy;notes_extra=experiment=calibration_curve_v2;k=1;draw=1;recipe=dec;tag=transfer_dec_iir_k1_test07_d1_s0"
2026-08-16T00:06:47.650818,transfer,/home/connor/Desktop/eeg-motor-classification/legacy/model/models/base_model_90_subjects.pt,1,193,0.4545454545454545,"csp_components=6;runs=['07', '08'];target_channels=14;seed=1;val_split=0.2;filter=iir;split=calibration_curve_v2;train_runs=['08'];test_run=07;metric=test_accuracy;notes_extra=experiment=calibration_curve_v2;k=1;draw=1;recipe=dec;tag=transfer_dec_iir_k1_test07_d1_s1"
2026-08-16T00:06:53.571336,transfer,/home/connor/Desktop/eeg-motor-classification/legacy/model/models/base_model_90_subjects.pt,1,193,0.4848484848484848,"csp_components=6;runs=['07', '08'];target_channels=14;seed=2;val_split=0.2;filter=iir;split=calibration_curve_v2;train_runs=['08'];test_run=07;metric=test_accuracy;notes_extra=experiment=calibration_curve_v2;k=1;draw=1;recipe=dec;tag=transfer_dec_iir_k1_test07_d1_s2"
2026-08-16T00:07:00.109078,transfer,/home/connor/Desktop/eeg-motor-classification/legacy/model/models/base_model_90_subjects.pt,1,191,0.5106382978723404,"csp_components=6;runs=['04', '08'];target_channels=14;seed=0;val_split=0.2;filter=iir;split=calibration_curve_v2;train_runs=['04'];test_run=08;metric=test_accuracy;notes_extra=experiment=calibration_curve_v2;k=1;draw=0;recipe=dec;tag=transfer_dec_iir_k1_test08_d0_s0"
2026-08-16T00:07:05.644673,transfer,/home/connor/Desktop/eeg-motor-classification/legacy/model/models/base_model_90_subjects.pt,1,191,0.4893617021276595,"csp_components=6;runs=['04', '08'];target_channels=14;seed=1;val_split=0.2;filter=iir;split=calibration_curve_v2;train_runs=['04'];test_run=08;metric=test_accuracy;notes_extra=experiment=calibration_curve_v2;k=1;draw=0;recipe=dec;tag=transfer_dec_iir_k1_test08_d0_s1"
2026-08-16T00:07:11.179175,transfer,/home/connor/Desktop/eeg-motor-classification/legacy/model/models/base_model_90_subjects.pt,1,191,0.4574468085106383,"csp_components=6;runs=['04', '08'];target_channels=14;seed=2;val_split=0.2;filter=iir;split=calibration_curve_v2;train_runs=['04'];test_run=08;metric=test_accuracy;notes_extra=experiment=calibration_curve_v2;k=1;draw=0;recipe=dec;tag=transfer_dec_iir_k1_test08_d0_s2"
2026-08-16T00:07:15.941722,transfer,/home/connor/Desktop/eeg-motor-classification/legacy/model/models/base_model_90_subjects.pt,1,192,0.4787234042553192,"csp_components=6;runs=['05', '08'];target_channels=14;seed=0;val_split=0.2;filter=iir;split=calibration_curve_v2;train_runs=['05'];test_run=08;metric=test_accuracy;notes_extra=experiment=calibration_curve_v2;k=1;draw=1;recipe=dec;tag=transfer_dec_iir_k1_test08_d1_s0"
2026-08-16T00:07:21.520220,transfer,/home/connor/Desktop/eeg-motor-classification/legacy/model/models/base_model_90_subjects.pt,1,192,0.6063829787234043,"csp_components=6;runs=['05', '08'];target_channels=14;seed=1;val_split=0.2;filter=iir;split=calibration_curve_v2;train_runs=['05'];test_run=08;metric=test_accuracy;notes_extra=experiment=calibration_curve_v2;k=1;draw=1;recipe=dec;tag=transfer_dec_iir_k1_test08_d1_s1"
2026-08-16T00:07:21.473636,transfer,/home/connor/Desktop/eeg-motor-classification/legacy/model/models/base_model_90_subjects.pt,1,192,0.4893617021276595,"csp_components=6;runs=['05', '08'];target_channels=14;seed=2;val_split=0.2;filter=iir;split=calibration_curve_v2;train_runs=['05'];test_run=08;metric=test_accuracy;notes_extra=experiment=calibration_curve_v2;k=1;draw=1;recipe=dec;tag=transfer_dec_iir_k1_test08_d1_s2"
2026-08-15T23:56:25.090585,transfer,/home/connor/Desktop/eeg-motor-classification/legacy/model/models/base_model_90_subjects.pt,1,289,0.5360824742268041,"csp_components=6;runs=['01', '02', '04'];target_channels=14;seed=0;val_split=0.2;filter=iir;split=calibration_curve_v2;train_runs=['02', '04'];test_run=01;metric=test_accuracy;notes_extra=experiment=calibration_curve_v2;k=2;draw=0;recipe=dec;tag=transfer_dec_iir_k2_test01_d0_s0"
2026-08-15T23:56:29.012196,transfer,/home/connor/Desktop/eeg-motor-classification/legacy/model/models/base_model_90_subjects.pt,1,289,0.4432989690721649,"csp_components=6;runs=['01', '02', '04'];target_channels=14;seed=1;val_split=0.2;filter=iir;split=calibration_curve_v2;train_runs=['02', '04'];test_run=01;metric=test_accuracy;notes_extra=experiment=calibration_curve_v2;k=2;draw=0;recipe=dec;tag=transfer_dec_iir_k2_test01_d0_s1"
2026-08-15T23:56:31.174949,transfer,/home/connor/Desktop/eeg-motor-classification/legacy/model/models/base_model_90_subjects.pt,1,289,0.4845360824742268,"csp_components=6;runs=['01', '02', '04'];target_channels=14;seed=2;val_split=0.2;filter=iir;split=calibration_curve_v2;train_runs=['02', '04'];test_run=01;metric=test_accuracy;notes_extra=experiment=calibration_curve_v2;k=2;draw=0;recipe=dec;tag=transfer_dec_iir_k2_test01_d0_s2"
2026-08-15T23:56:47.887567,transfer,/home/connor/Desktop/eeg-motor-classification/legacy/model/models/base_model_90_subjects.pt,1,289,0.6185567010309279,"csp_components=6;runs=['01', '02', '06'];target_channels=14;seed=0;val_split=0.2;filter=iir;split=calibration_curve_v2;train_runs=['02', '06'];test_run=01;metric=test_accuracy;notes_extra=experiment=calibration_curve_v2;k=2;draw=1;recipe=dec;tag=transfer_dec_iir_k2_test01_d1_s0"
2026-08-15T23:56:55.838172,transfer,/home/connor/Desktop/eeg-motor-classification/legacy/model/models/base_model_90_subjects.pt,1,289,0.4948453608247423,"csp_components=6;runs=['01', '02', '06'];target_channels=14;seed=1;val_split=0.2;filter=iir;split=calibration_curve_v2;train_runs=['02', '06'];test_run=01;metric=test_accuracy;notes_extra=experiment=calibration_curve_v2;k=2;draw=1;recipe=dec;tag=transfer_dec_iir_k2_test01_d1_s1"
2026-08-15T23:56:58.214736,transfer,/home/connor/Desktop/eeg-motor-classification/legacy/model/models/base_model_90_subjects.pt,1,289,0.4329896907216495,"csp_components=6;runs=['01', '02', '06'];target_channels=14;seed=2;val_split=0.2;filter=iir;split=calibration_curve_v2;train_runs=['02', '06'];test_run=01;metric=test_accuracy;notes_extra=experiment=calibration_curve_v2;k=2;draw=1;recipe=dec;tag=transfer_dec_iir_k2_test01_d1_s2"
2026-08-15T23:57:13.739987,transfer,/home/connor/Desktop/eeg-motor-classification/legacy/model/models/base_model_90_subjects.pt,1,291,0.6631578947368421,"csp_components=6;runs=['01', '02', '07'];target_channels=14;seed=0;val_split=0.2;filter=iir;split=calibration_curve_v2;train_runs=['01', '07'];test_run=02;metric=test_accuracy;notes_extra=experiment=calibration_curve_v2;k=2;draw=0;recipe=dec;tag=transfer_dec_iir_k2_test02_d0_s0"
2026-08-15T23:57:17.890729,transfer,/home/connor/Desktop/eeg-motor-classification/legacy/model/models/base_model_90_subjects.pt,1,291,0.5578947368421052,"csp_components=6;runs=['01', '02', '07'];target_channels=14;seed=1;val_split=0.2;filter=iir;split=calibration_curve_v2;train_runs=['01', '07'];test_run=02;metric=test_accuracy;notes_extra=experiment=calibration_curve_v2;k=2;draw=0;recipe=dec;tag=transfer_dec_iir_k2_test02_d0_s1"
2026-08-15T23:57:24.211359,transfer,/home/connor/Desktop/eeg-motor-classification/legacy/model/models/base_model_90_subjects.pt,1,291,0.5684210526315789,"csp_components=6;runs=['01', '02', '07'];target_channels=14;seed=2;val_split=0.2;filter=iir;split=calibration_curve_v2;train_runs=['01', '07'];test_run=02;metric=test_accuracy;notes_extra=experiment=calibration_curve_v2;k=2;draw=0;recipe=dec;tag=transfer_dec_iir_k2_test02_d0_s2"
2026-08-15T23:57:40.008162,transfer,/home/connor/Desktop/eeg-motor-classification/legacy/model/models/base_model_90_subjects.pt,1,289,0.5263157894736842,"csp_components=6;runs=['02', '04', '06'];target_channels=14;seed=0;val_split=0.2;filter=iir;split=calibration_curve_v2;train_runs=['04', '06'];test_run=02;metric=test_accuracy;notes_extra=experiment=calibration_curve_v2;k=2;draw=1;recipe=dec;tag=transfer_dec_iir_k2_test02_d1_s0"
2026-08-15T23:57:44.869632,transfer,/home/connor/Desktop/eeg-motor-classification/legacy/model/models/base_model_90_subjects.pt,1,289,0.5368421052631579,"csp_components=6;runs=['02', '04', '06'];target_channels=14;seed=1;val_split=0.2;filter=iir;split=calibration_curve_v2;train_runs=['04', '06'];test_run=02;metric=test_accuracy;notes_extra=experiment=calibration_curve_v2;k=2;draw=1;recipe=dec;tag=transfer_dec_iir_k2_test02_d1_s1"
2026-08-15T23:57:47.388573,transfer,/home/connor/Desktop/eeg-motor-classification/legacy/model/models/base_model_90_subjects.pt,1,289,0.5052631578947369,"csp_components=6;runs=['02', '04', '06'];target_channels=14;seed=2;val_split=0.2;filter=iir;split=calibration_curve_v2;train_runs=['04', '06'];test_run=02;metric=test_accuracy;notes_extra=experiment=calibration_curve_v2;k=2;draw=1;recipe=dec;tag=transfer_dec_iir_k2_test02_d1_s2"
2026-08-15T23:58:04.759374,transfer,/home/connor/Desktop/eeg-motor-classification/legacy/model/models/base_model_90_subjects.pt,1,293,0.6288659793814433,"csp_components=6;runs=['01', '03', '07'];target_channels=14;seed=0;val_split=0.2;filter=iir;split=calibration_curve_v2;train_runs=['01', '07'];test_run=03;metric=test_accuracy;notes_extra=experiment=calibration_curve_v2;k=2;draw=0;recipe=dec;tag=transfer_dec_iir_k2_test03_d0_s0"
2026-08-15T23:58:10.958452,transfer,/home/connor/Desktop/eeg-motor-classification/legacy/model/models/base_model_90_subjects.pt,1,293,0.5463917525773195,"csp_components=6;runs=['01', '03', '07'];target_channels=14;seed=1;val_split=0.2;filter=iir;split=calibration_curve_v2;train_runs=['01', '07'];test_run=03;metric=test_accuracy;notes_extra=experiment=calibration_curve_v2;k=2;draw=0;recipe=dec;tag=transfer_dec_iir_k2_test03_d0_s1"
2026-08-15T23:58:15.394801,transfer,/home/connor/Desktop/eeg-motor-classification/legacy/model/models/base_model_90_subjects.pt,1,293,0.5876288659793815,"csp_components=6;runs=['01', '03', '07'];target_channels=14;seed=2;val_split=0.2;filter=iir;split=calibration_curve_v2;train_runs=['01', '07'];test_run=03;metric=test_accuracy;notes_extra=experiment=calibration_curve_v2;k=2;draw=0;recipe=dec;tag=transfer_dec_iir_k2_test03_d0_s2"
2026-08-15T23:58:31.891492,transfer,/home/connor/Desktop/eeg-motor-classification/legacy/model/models/base_model_90_subjects.pt,1,293,0.5567010309278351,"csp_components=6;runs=['03', '06', '07'];target_channels=14;seed=0;val_split=0.2;filter=iir;split=calibration_curve_v2;train_runs=['06', '07'];test_run=03;metric=test_accuracy;notes_extra=experiment=calibration_curve_v2;k=2;draw=1;recipe=dec;tag=transfer_dec_iir_k2_test03_d1_s0"
2026-08-15T23:58:34.726318,transfer,/home/connor/Desktop/eeg-motor-classification/legacy/model/models/base_model_90_subjects.pt,1,293,0.4639175257731959,"csp_components=6;runs=['03', '06', '07'];target_channels=14;seed=1;val_split=0.2;filter=iir;split=calibration_curve_v2;train_runs=['06', '07'];test_run=03;metric=test_accuracy;notes_extra=experiment=calibration_curve_v2;k=2;draw=1;recipe=dec;tag=transfer_dec_iir_k2_test03_d1_s1"
2026-08-15T23:58:37.799439,transfer,/home/connor/Desktop/eeg-motor-classification/legacy/model/models/base_model_90_subjects.pt,1,293,0.5051546391752577,"csp_components=6;runs=['03', '06', '07'];target_channels=14;seed=2;val_split=0.2;filter=iir;split=calibration_curve_v2;train_runs=['06', '07'];test_run=03;metric=test_accuracy;notes_extra=experiment=calibration_curve_v2;k=2;draw=1;recipe=dec;tag=transfer_dec_iir_k2_test03_d1_s2"
2026-08-15T23:58:57.943906,transfer,/home/connor/Desktop/eeg-motor-classification/legacy/model/models/base_model_90_subjects.pt,1,291,0.4432989690721649,"csp_components=6;runs=['01', '04', '06'];target_channels=14;seed=0;val_split=0.2;filter=iir;split=calibration_curve_v2;train_runs=['01', '06'];test_run=04;metric=test_accuracy;notes_extra=experiment=calibration_curve_v2;k=2;draw=0;recipe=dec;tag=transfer_dec_iir_k2_test04_d0_s0"
2026-08-15T23:59:00.535828,transfer,/home/connor/Desktop/eeg-motor-classification/legacy/model/models/base_model_90_subjects.pt,1,291,0.4432989690721649,"csp_components=6;runs=['01', '04', '06'];target_channels=14;seed=1;val_split=0.2;filter=iir;split=calibration_curve_v2;train_runs=['01', '06'];test_run=04;metric=test_accuracy;notes_extra=experiment=calibration_curve_v2;k=2;draw=0;recipe=dec;tag=transfer_dec_iir_k2_test04_d0_s1"
2026-08-15T23:59:03.595496,transfer,/home/connor/Desktop/eeg-motor-classification/legacy/model/models/base_model_90_subjects.pt,1,291,0.4845360824742268,"csp_components=6;runs=['01', '04', '06'];target_channels=14;seed=2;val_split=0.2;filter=iir;split=calibration_curve_v2;train_runs=['01', '06'];test_run=04;metric=test_accuracy;notes_extra=experiment=calibration_curve_v2;k=2;draw=0;recipe=dec;tag=transfer_dec_iir_k2_test04_d0_s2"
2026-08-15T23:59:20.127425,transfer,/home/connor/Desktop/eeg-motor-classification/legacy/model/models/base_model_90_subjects.pt,1,288,0.4639175257731959,"csp_components=6;runs=['04', '06', '08'];target_channels=14;seed=0;val_split=0.2;filter=iir;split=calibration_curve_v2;train_runs=['06', '08'];test_run=04;metric=test_accuracy;notes_extra=experiment=calibration_curve_v2;k=2;draw=1;recipe=dec;tag=transfer_dec_iir_k2_test04_d1_s0"
2026-08-15T23:59:23.018880,transfer,/home/connor/Desktop/eeg-motor-classification/legacy/model/models/base_model_90_subjects.pt,1,288,0.4639175257731959,"csp_components=6;runs=['04', '06', '08'];target_channels=14;seed=1;val_split=0.2;filter=iir;split=calibration_curve_v2;train_runs=['06', '08'];test_run=04;metric=test_accuracy;notes_extra=experiment=calibration_curve_v2;k=2;draw=1;recipe=dec;tag=transfer_dec_iir_k2_test04_d1_s1"
2026-08-15T23:59:31.516504,transfer,/home/connor/Desktop/eeg-motor-classification/legacy/model/models/base_model_90_subjects.pt,1,288,0.4329896907216495,"csp_components=6;runs=['04', '06', '08'];target_channels=14;seed=2;val_split=0.2;filter=iir;split=calibration_curve_v2;train_runs=['06', '08'];test_run=04;metric=test_accuracy;notes_extra=experiment=calibration_curve_v2;k=2;draw=1;recipe=dec;tag=transfer_dec_iir_k2_test04_d1_s2"
2026-08-15T23:59:40.288166,transfer,/home/connor/Desktop/eeg-motor-classification/legacy/model/models/base_model_90_subjects.pt,1,292,0.5102040816326531,"csp_components=6;runs=['01', '04', '05'];target_channels=14;seed=0;val_split=0.2;filter=iir;split=calibration_curve_v2;train_runs=['01', '04'];test_run=05;metric=test_accuracy;notes_extra=experiment=calibration_curve_v2;k=2;draw=0;recipe=dec;tag=transfer_dec_iir_k2_test05_d0_s0"
2026-08-15T23:59:50.278130,transfer,/home/connor/Desktop/eeg-motor-classification/legacy/model/models/base_model_90_subjects.pt,1,292,0.4795918367346938,"csp_components=6;runs=['01', '04', '05'];target_channels=14;seed=1;val_split=0.2;filter=iir;split=calibration_curve_v2;train_runs=['01', '04'];test_run=05;metric=test_accuracy;notes_extra=experiment=calibration_curve_v2;k=2;draw=0;recipe=dec;tag=transfer_dec_iir_k2_test05_d0_s1"
2026-08-15T23:59:54.590338,transfer,/home/connor/Desktop/eeg-motor-classification/legacy/model/models/base_model_90_subjects.pt,1,292,0.5,"csp_components=6;runs=['01', '04', '05'];target_channels=14;seed=2;val_split=0.2;filter=iir;split=calibration_curve_v2;train_runs=['01', '04'];test_run=05;metric=test_accuracy;notes_extra=experiment=calibration_curve_v2;k=2;draw=0;recipe=dec;tag=transfer_dec_iir_k2_test05_d0_s2"
2026-08-16T00:00:14.261447,transfer,/home/connor/Desktop/eeg-motor-classification/legacy/model/models/base_model_90_subjects.pt,1,290,0.4285714285714285,"csp_components=6;runs=['02', '04', '05'];target_channels=14;seed=0;val_split=0.2;filter=iir;split=calibration_curve_v2;train_runs=['02', '04'];test_run=05;metric=test_accuracy;notes_extra=experiment=calibration_curve_v2;k=2;draw=1;recipe=dec;tag=transfer_dec_iir_k2_test05_d1_s0"
2026-08-16T00:00:17.819483,transfer,/home/connor/Desktop/eeg-motor-classification/legacy/model/models/base_model_90_subjects.pt,1,290,0.5306122448979592,"csp_components=6;runs=['02', '04', '05'];target_channels=14;seed=1;val_split=0.2;filter=iir;split=calibration_curve_v2;train_runs=['02', '04'];test_run=05;metric=test_accuracy;notes_extra=experiment=calibration_curve_v2;k=2;draw=1;recipe=dec;tag=transfer_dec_iir_k2_test05_d1_s1"
2026-08-16T00:00:19.805053,transfer,/home/connor/Desktop/eeg-motor-classification/legacy/model/models/base_model_90_subjects.pt,1,290,0.5204081632653061,"csp_components=6;runs=['02', '04', '05'];target_channels=14;seed=2;val_split=0.2;filter=iir;split=calibration_curve_v2;train_runs=['02', '04'];test_run=05;metric=test_accuracy;notes_extra=experiment=calibration_curve_v2;k=2;draw=1;recipe=dec;tag=transfer_dec_iir_k2_test05_d1_s2"
2026-08-16T00:00:39.796509,transfer,/home/connor/Desktop/eeg-motor-classification/legacy/model/models/base_model_90_subjects.pt,1,293,0.5670103092783505,"csp_components=6;runs=['01', '06', '07'];target_channels=14;seed=0;val_split=0.2;filter=iir;split=calibration_curve_v2;train_runs=['01', '07'];test_run=06;metric=test_accuracy;notes_extra=experiment=calibration_curve_v2;k=2;draw=0;recipe=dec;tag=transfer_dec_iir_k2_test06_d0_s0"
2026-08-16T00:00:44.647118,transfer,/home/connor/Desktop/eeg-motor-classification/legacy/model/models/base_model_90_subjects.pt,1,293,0.5876288659793815,"csp_components=6;runs=['01', '06', '07'];target_channels=14;seed=1;val_split=0.2;filter=iir;split=calibration_curve_v2;train_runs=['01', '07'];test_run=06;metric=test_accuracy;notes_extra=experiment=calibration_curve_v2;k=2;draw=0;recipe=dec;tag=transfer_dec_iir_k2_test06_d0_s1"
2026-08-16T00:00:47.613325,transfer,/home/connor/Desktop/eeg-motor-classification/legacy/model/models/base_model_90_subjects.pt,1,293,0.6082474226804123,"csp_components=6;runs=['01', '06', '07'];target_channels=14;seed=2;val_split=0.2;filter=iir;split=calibration_curve_v2;train_runs=['01', '07'];test_run=06;metric=test_accuracy;notes_extra=experiment=calibration_curve_v2;k=2;draw=0;recipe=dec;tag=transfer_dec_iir_k2_test06_d0_s2"
2026-08-16T00:01:04.897531,transfer,/home/connor/Desktop/eeg-motor-classification/legacy/model/models/base_model_90_subjects.pt,1,292,0.4948453608247423,"csp_components=6;runs=['04', '05', '06'];target_channels=14;seed=0;val_split=0.2;filter=iir;split=calibration_curve_v2;train_runs=['04', '05'];test_run=06;metric=test_accuracy;notes_extra=experiment=calibration_curve_v2;k=2;draw=1;recipe=dec;tag=transfer_dec_iir_k2_test06_d1_s0"
2026-08-16T00:01:09.514496,transfer,/home/connor/Desktop/eeg-motor-classification/legacy/model/models/base_model_90_subjects.pt,1,292,0.4432989690721649,"csp_components=6;runs=['04', '05', '06'];target_channels=14;seed=1;val_split=0.2;filter=iir;split=calibration_curve_v2;train_runs=['04', '05'];test_run=06;metric=test_accuracy;notes_extra=experiment=calibration_curve_v2;k=2;draw=1;recipe=dec;tag=transfer_dec_iir_k2_test06_d1_s1"
2026-08-16T00:01:10.388898,transfer,/home/connor/Desktop/eeg-motor-classification/legacy/model/models/base_model_90_subjects.pt,1,292,0.4020618556701031,"csp_components=6;runs=['04', '05', '06'];target_channels=14;seed=2;val_split=0.2;filter=iir;split=calibration_curve_v2;train_runs=['04', '05'];test_run=06;metric=test_accuracy;notes_extra=experiment=calibration_curve_v2;k=2;draw=1;recipe=dec;tag=transfer_dec_iir_k2_test06_d1_s2"
2026-08-16T00:01:27.385495,transfer,/home/connor/Desktop/eeg-motor-classification/legacy/model/models/base_model_90_subjects.pt,1,290,0.4444444444444444,"csp_components=6;runs=['01', '07', '08'];target_channels=14;seed=0;val_split=0.2;filter=iir;split=calibration_curve_v2;train_runs=['01', '08'];test_run=07;metric=test_accuracy;notes_extra=experiment=calibration_curve_v2;k=2;draw=0;recipe=dec;tag=transfer_dec_iir_k2_test07_d0_s0"
2026-08-16T00:01:33.349923,transfer,/home/connor/Desktop/eeg-motor-classification/legacy/model/models/base_model_90_subjects.pt,1,290,0.4646464646464646,"csp_components=6;runs=['01', '07', '08'];target_channels=14;seed=1;val_split=0.2;filter=iir;split=calibration_curve_v2;train_runs=['01', '08'];test_run=07;metric=test_accuracy;notes_extra=experiment=calibration_curve_v2;k=2;draw=0;recipe=dec;tag=transfer_dec_iir_k2_test07_d0_s1"
2026-08-16T00:01:38.153681,transfer,/home/connor/Desktop/eeg-motor-classification/legacy/model/models/base_model_90_subjects.pt,1,290,0.494949494949495,"csp_components=6;runs=['01', '07', '08'];target_channels=14;seed=2;val_split=0.2;filter=iir;split=calibration_curve_v2;train_runs=['01', '08'];test_run=07;metric=test_accuracy;notes_extra=experiment=calibration_curve_v2;k=2;draw=0;recipe=dec;tag=transfer_dec_iir_k2_test07_d0_s2"
2026-08-16T00:01:52.970746,transfer,/home/connor/Desktop/eeg-motor-classification/legacy/model/models/base_model_90_subjects.pt,1,291,0.494949494949495,"csp_components=6;runs=['02', '06', '07'];target_channels=14;seed=0;val_split=0.2;filter=iir;split=calibration_curve_v2;train_runs=['02', '06'];test_run=07;metric=test_accuracy;notes_extra=experiment=calibration_curve_v2;k=2;draw=1;recipe=dec;tag=transfer_dec_iir_k2_test07_d1_s0"
2026-08-16T00:01:59.300822,transfer,/home/connor/Desktop/eeg-motor-classification/legacy/model/models/base_model_90_subjects.pt,1,291,0.5151515151515151,"csp_components=6;runs=['02', '06', '07'];target_channels=14;seed=1;val_split=0.2;filter=iir;split=calibration_curve_v2;train_runs=['02', '06'];test_run=07;metric=test_accuracy;notes_extra=experiment=calibration_curve_v2;k=2;draw=1;recipe=dec;tag=transfer_dec_iir_k2_test07_d1_s1"
2026-08-16T00:02:01.250648,transfer,/home/connor/Desktop/eeg-motor-classification/legacy/model/models/base_model_90_subjects.pt,1,291,0.5050505050505051,"csp_components=6;runs=['02', '06', '07'];target_channels=14;seed=2;val_split=0.2;filter=iir;split=calibration_curve_v2;train_runs=['02', '06'];test_run=07;metric=test_accuracy;notes_extra=experiment=calibration_curve_v2;k=2;draw=1;recipe=dec;tag=transfer_dec_iir_k2_test07_d1_s2"
2026-08-16T00:02:15.838172,transfer,/home/connor/Desktop/eeg-motor-classification/legacy/model/models/base_model_90_subjects.pt,1,287,0.574468085106383,"csp_components=6;runs=['02', '05', '08'];target_channels=14;seed=0;val_split=0.2;filter=iir;split=calibration_curve_v2;train_runs=['02', '05'];test_run=08;metric=test_accuracy;notes_extra=experiment=calibration_curve_v2;k=2;draw=0;recipe=dec;tag=transfer_dec_iir_k2_test08_d0_s0"
2026-08-16T00:02:20.460040,transfer,/home/connor/Desktop/eeg-motor-classification/legacy/model/models/base_model_90_subjects.pt,1,287,0.5106382978723404,"csp_components=6;runs=['02', '05', '08'];target_channels=14;seed=1;val_split=0.2;filter=iir;split=calibration_curve_v2;train_runs=['02', '05'];test_run=08;metric=test_accuracy;notes_extra=experiment=calibration_curve_v2;k=2;draw=0;recipe=dec;tag=transfer_dec_iir_k2_test08_d0_s1"
2026-08-16T00:02:23.235637,transfer,/home/connor/Desktop/eeg-motor-classification/legacy/model/models/base_model_90_subjects.pt,1,287,0.5957446808510638,"csp_components=6;runs=['02', '05', '08'];target_channels=14;seed=2;val_split=0.2;filter=iir;split=calibration_curve_v2;train_runs=['02', '05'];test_run=08;metric=test_accuracy;notes_extra=experiment=calibration_curve_v2;k=2;draw=0;recipe=dec;tag=transfer_dec_iir_k2_test08_d0_s2"
2026-08-16T00:02:37.871374,transfer,/home/connor/Desktop/eeg-motor-classification/legacy/model/models/base_model_90_subjects.pt,1,290,0.574468085106383,"csp_components=6;runs=['04', '07', '08'];target_channels=14;seed=0;val_split=0.2;filter=iir;split=calibration_curve_v2;train_runs=['04', '07'];test_run=08;metric=test_accuracy;notes_extra=experiment=calibration_curve_v2;k=2;draw=1;recipe=dec;tag=transfer_dec_iir_k2_test08_d1_s0"
2026-08-16T00:02:46.519144,transfer,/home/connor/Desktop/eeg-motor-classification/legacy/model/models/base_model_90_subjects.pt,1,290,0.5,"csp_components=6;runs=['04', '07', '08'];target_channels=14;seed=1;val_split=0.2;filter=iir;split=calibration_curve_v2;train_runs=['04', '07'];test_run=08;metric=test_accuracy;notes_extra=experiment=calibration_curve_v2;k=2;draw=1;recipe=dec;tag=transfer_dec_iir_k2_test08_d1_s1"
2026-08-16T00:02:52.915117,transfer,/home/connor/Desktop/eeg-motor-classification/legacy/model/models/base_model_90_subjects.pt,1,290,0.4893617021276595,"csp_components=6;runs=['04', '07', '08'];target_channels=14;seed=2;val_split=0.2;filter=iir;split=calibration_curve_v2;train_runs=['04', '07'];test_run=08;metric=test_accuracy;notes_extra=experiment=calibration_curve_v2;k=2;draw=1;recipe=dec;tag=transfer_dec_iir_k2_test08_d1_s2"
2026-08-15T23:05:29.841527,transfer,/home/connor/Desktop/eeg-motor-classification/legacy/model/models/base_model_90_subjects.pt,1,488,0.5773195876288659,"csp_components=6;runs=['01', '03', '05', '06', '07'];target_channels=14;seed=0;val_split=0.2;filter=iir;split=calibration_curve_v2;train_runs=['03', '05', '06', '07'];test_run=01;metric=test_accuracy;notes_extra=experiment=calibration_curve_v2;k=4;draw=0;recipe=dec;tag=transfer_dec_iir_k4_test01_d0_s0"
2026-08-15T23:05:37.356843,transfer,/home/connor/Desktop/eeg-motor-classification/legacy/model/models/base_model_90_subjects.pt,1,488,0.5567010309278351,"csp_components=6;runs=['01', '03', '05', '06', '07'];target_channels=14;seed=1;val_split=0.2;filter=iir;split=calibration_curve_v2;train_runs=['03', '05', '06', '07'];test_run=01;metric=test_accuracy;notes_extra=experiment=calibration_curve_v2;k=4;draw=0;recipe=dec;tag=transfer_dec_iir_k4_test01_d0_s1"
2026-08-15T23:05:54.276991,transfer,/home/connor/Desktop/eeg-motor-classification/legacy/model/models/base_model_90_subjects.pt,1,488,0.5979381443298969,"csp_components=6;runs=['01', '03', '05', '06', '07'];target_channels=14;seed=2;val_split=0.2;filter=iir;split=calibration_curve_v2;train_runs=['03', '05', '06', '07'];test_run=01;metric=test_accuracy;notes_extra=experiment=calibration_curve_v2;k=4;draw=0;recipe=dec;tag=transfer_dec_iir_k4_test01_d0_s2"
2026-08-15T23:27:25.893806,transfer,/home/connor/Desktop/eeg-motor-classification/legacy/model/models/base_model_90_subjects.pt,1,485,0.5154639175257731,"csp_components=6;runs=['01', '03', '05', '07', '08'];target_channels=14;seed=0;val_split=0.2;filter=iir;split=calibration_curve_v2;train_runs=['03', '05', '07', '08'];test_run=01;metric=test_accuracy;notes_extra=experiment=calibration_curve_v2;k=4;draw=1;recipe=dec;tag=transfer_dec_iir_k4_test01_d1_s0"
2026-08-15T23:25:52.303099,transfer,/home/connor/Desktop/eeg-motor-classification/legacy/model/models/base_model_90_subjects.pt,1,485,0.5979381443298969,"csp_components=6;runs=['01', '03', '05', '07', '08'];target_channels=14;seed=1;val_split=0.2;filter=iir;split=calibration_curve_v2;train_runs=['03', '05', '07', '08'];test_run=01;metric=test_accuracy;notes_extra=experiment=calibration_curve_v2;k=4;draw=1;recipe=dec;tag=transfer_dec_iir_k4_test01_d1_s1"
2026-08-15T23:27:25.705396,transfer,/home/connor/Desktop/eeg-motor-classification/legacy/model/models/base_model_90_subjects.pt,1,485,0.4948453608247423,"csp_components=6;runs=['01', '03', '05', '07', '08'];target_channels=14;seed=2;val_split=0.2;filter=iir;split=calibration_curve_v2;train_runs=['03', '05', '07', '08'];test_run=01;metric=test_accuracy;notes_extra=experiment=calibration_curve_v2;k=4;draw=1;recipe=dec;tag=transfer_dec_iir_k4_test01_d1_s2"
2026-08-15T23:47:59.672295,transfer,/home/connor/Desktop/eeg-motor-classification/legacy/model/models/base_model_90_subjects.pt,1,482,0.5263157894736842,"csp_components=6;runs=['01', '02', '03', '07', '08'];target_channels=14;seed=0;val_split=0.2;filter=iir;split=calibration_curve_v2;train_runs=['01', '03', '07', '08'];test_run=02;metric=test_accuracy;notes_extra=experiment=calibration_curve_v2;k=4;draw=0;recipe=dec;tag=transfer_dec_iir_k4_test02_d0_s0"
2026-08-15T23:28:12.602489,transfer,/home/connor/Desktop/eeg-motor-classification/legacy/model/models/base_model_90_subjects.pt,1,482,0.6210526315789474,"csp_components=6;runs=['01', '02', '03', '07', '08'];target_channels=14;seed=1;val_split=0.2;filter=iir;split=calibration_curve_v2;train_runs=['01', '03', '07', '08'];test_run=02;metric=test_accuracy;notes_extra=experiment=calibration_curve_v2;k=4;draw=0;recipe=dec;tag=transfer_dec_iir_k4_test02_d0_s1"
2026-08-15T23:28:18.779025,transfer,/home/connor/Desktop/eeg-motor-classification/legacy/model/models/base_model_90_subjects.pt,1,482,0.6736842105263158,"csp_components=6;runs=['01', '02', '03', '07', '08'];target_channels=14;seed=2;val_split=0.2;filter=iir;split=calibration_curve_v2;train_runs=['01', '03', '07', '08'];test_run=02;metric=test_accuracy;notes_extra=experiment=calibration_curve_v2;k=4;draw=0;recipe=dec;tag=transfer_dec_iir_k4_test02_d0_s2"
2026-08-15T23:29:41.172235,transfer,/home/connor/Desktop/eeg-motor-classification/legacy/model/models/base_model_90_subjects.pt,1,483,0.6,"csp_components=6;runs=['02', '05', '06', '07', '08'];target_channels=14;seed=0;val_split=0.2;filter=iir;split=calibration_curve_v2;train_runs=['05', '06', '07', '08'];test_run=02;metric=test_accuracy;notes_extra=experiment=calibration_curve_v2;k=4;draw=1;recipe=dec;tag=transfer_dec_iir_k4_test02_d1_s0"
2026-08-15T23:29:47.758598,transfer,/home/connor/Desktop/eeg-motor-classification/legacy/model/models/base_model_90_subjects.pt,1,483,0.5368421052631579,"csp_components=6;runs=['02', '05', '06', '07', '08'];target_channels=14;seed=1;val_split=0.2;filter=iir;split=calibration_curve_v2;train_runs=['05', '06', '07', '08'];test_run=02;metric=test_accuracy;notes_extra=experiment=calibration_curve_v2;k=4;draw=1;recipe=dec;tag=transfer_dec_iir_k4_test02_d1_s1"
2026-08-15T23:29:50.935118,transfer,/home/connor/Desktop/eeg-motor-classification/legacy/model/models/base_model_90_subjects.pt,1,483,0.5473684210526316,"csp_components=6;runs=['02', '05', '06', '07', '08'];target_channels=14;seed=2;val_split=0.2;filter=iir;split=calibration_curve_v2;train_runs=['05', '06', '07', '08'];test_run=02;metric=test_accuracy;notes_extra=experiment=calibration_curve_v2;k=4;draw=1;recipe=dec;tag=transfer_dec_iir_k4_test02_d1_s2"
2026-08-15T23:48:01.687125,transfer,/home/connor/Desktop/eeg-motor-classification/legacy/model/models/base_model_90_subjects.pt,1,482,0.5463917525773195,"csp_components=6;runs=['01', '03', '04', '06', '08'];target_channels=14;seed=0;val_split=0.2;filter=iir;split=calibration_curve_v2;train_runs=['01', '04', '06', '08'];test_run=03;metric=test_accuracy;notes_extra=experiment=calibration_curve_v2;k=4;draw=0;recipe=dec;tag=transfer_dec_iir_k4_test03_d0_s0"
2026-08-15T23:48:00.394371,transfer,/home/connor/Desktop/eeg-motor-classification/legacy/model/models/base_model_90_subjects.pt,1,482,0.5773195876288659,"csp_components=6;runs=['01', '03', '04', '06', '08'];target_channels=14;seed=1;val_split=0.2;filter=iir;split=calibration_curve_v2;train_runs=['01', '04', '06', '08'];test_run=03;metric=test_accuracy;notes_extra=experiment=calibration_curve_v2;k=4;draw=0;recipe=dec;tag=transfer_dec_iir_k4_test03_d0_s1"
2026-08-15T23:47:58.524383,transfer,/home/connor/Desktop/eeg-motor-classification/legacy/model/models/base_model_90_subjects.pt,1,482,0.6185567010309279,"csp_components=6;runs=['01', '03', '04', '06', '08'];target_channels=14;seed=2;val_split=0.2;filter=iir;split=calibration_curve_v2;train_runs=['01', '04', '06', '08'];test_run=03;metric=test_accuracy;notes_extra=experiment=calibration_curve_v2;k=4;draw=0;recipe=dec;tag=transfer_dec_iir_k4_test03_d0_s2"
2026-08-15T23:48:40.668602,transfer,/home/connor/Desktop/eeg-motor-classification/legacy/model/models/base_model_90_subjects.pt,1,482,0.5567010309278351,"csp_components=6;runs=['02', '03', '06', '07', '08'];target_channels=14;seed=0;val_split=0.2;filter=iir;split=calibration_curve_v2;train_runs=['02', '06', '07', '08'];test_run=03;metric=test_accuracy;notes_extra=experiment=calibration_curve_v2;k=4;draw=1;recipe=dec;tag=transfer_dec_iir_k4_test03_d1_s0"
2026-08-15T23:48:44.310920,transfer,/home/connor/Desktop/eeg-motor-classification/legacy/model/models/base_model_90_subjects.pt,1,482,0.5773195876288659,"csp_components=6;runs=['02', '03', '06', '07', '08'];target_channels=14;seed=1;val_split=0.2;filter=iir;split=calibration_curve_v2;train_runs=['02', '06', '07', '08'];test_run=03;metric=test_accuracy;notes_extra=experiment=calibration_curve_v2;k=4;draw=1;recipe=dec;tag=transfer_dec_iir_k4_test03_d1_s1"
2026-08-15T23:49:09.053263,transfer,/home/connor/Desktop/eeg-motor-classification/legacy/model/models/base_model_90_subjects.pt,1,482,0.6185567010309279,"csp_components=6;runs=['02', '03', '06', '07', '08'];target_channels=14;seed=2;val_split=0.2;filter=iir;split=calibration_curve_v2;train_runs=['02', '06', '07', '08'];test_run=03;metric=test_accuracy;notes_extra=experiment=calibration_curve_v2;k=4;draw=1;recipe=dec;tag=transfer_dec_iir_k4_test03_d1_s2"
2026-08-15T23:49:28.192559,transfer,/home/connor/Desktop/eeg-motor-classification/legacy/model/models/base_model_90_subjects.pt,1,488,0.5154639175257731,"csp_components=6;runs=['01', '04', '05', '06', '07'];target_channels=14;seed=0;val_split=0.2;filter=iir;split=calibration_curve_v2;train_runs=['01', '05', '06', '07'];test_run=04;metric=test_accuracy;notes_extra=experiment=calibration_curve_v2;k=4;draw=0;recipe=dec;tag=transfer_dec_iir_k4_test04_d0_s0"
2026-08-15T23:49:44.907131,transfer,/home/connor/Desktop/eeg-motor-classification/legacy/model/models/base_model_90_subjects.pt,1,488,0.4432989690721649,"csp_components=6;runs=['01', '04', '05', '06', '07'];target_channels=14;seed=1;val_split=0.2;filter=iir;split=calibration_curve_v2;train_runs=['01', '05', '06', '07'];test_run=04;metric=test_accuracy;notes_extra=experiment=calibration_curve_v2;k=4;draw=0;recipe=dec;tag=transfer_dec_iir_k4_test04_d0_s1"
2026-08-15T23:49:51.410552,transfer,/home/connor/Desktop/eeg-motor-classification/legacy/model/models/base_model_90_subjects.pt,1,488,0.4536082474226804,"csp_components=6;runs=['01', '04', '05', '06', '07'];target_channels=14;seed=2;val_split=0.2;filter=iir;split=calibration_curve_v2;train_runs=['01', '05', '06', '07'];test_run=04;metric=test_accuracy;notes_extra=experiment=calibration_curve_v2;k=4;draw=0;recipe=dec;tag=transfer_dec_iir_k4_test04_d0_s2"
2026-08-15T23:50:15.830210,transfer,/home/connor/Desktop/eeg-motor-classification/legacy/model/models/base_model_90_subjects.pt,1,485,0.4432989690721649,"csp_components=6;runs=['03', '04', '05', '07', '08'];target_channels=14;seed=0;val_split=0.2;filter=iir;split=calibration_curve_v2;train_runs=['03', '05', '07', '08'];test_run=04;metric=test_accuracy;notes_extra=experiment=calibration_curve_v2;k=4;draw=1;recipe=dec;tag=transfer_dec_iir_k4_test04_d1_s0"
2026-08-15T23:50:22.921184,transfer,/home/connor/Desktop/eeg-motor-classification/legacy/model/models/base_model_90_subjects.pt,1,485,0.4329896907216495,"csp_components=6;runs=['03', '04', '05', '07', '08'];target_channels=14;seed=1;val_split=0.2;filter=iir;split=calibration_curve_v2;train_runs=['03', '05', '07', '08'];test_run=04;metric=test_accuracy;notes_extra=experiment=calibration_curve_v2;k=4;draw=1;recipe=dec;tag=transfer_dec_iir_k4_test04_d1_s1"
2026-08-15T23:50:32.161000,transfer,/home/connor/Desktop/eeg-motor-classification/legacy/model/models/base_model_90_subjects.pt,1,485,0.422680412371134,"csp_components=6;runs=['03', '04', '05', '07', '08'];target_channels=14;seed=2;val_split=0.2;filter=iir;split=calibration_curve_v2;train_runs=['03', '05', '07', '08'];test_run=04;metric=test_accuracy;notes_extra=experiment=calibration_curve_v2;k=4;draw=1;recipe=dec;tag=transfer_dec_iir_k4_test04_d1_s2"
2026-08-15T23:51:03.621343,transfer,/home/connor/Desktop/eeg-motor-classification/legacy/model/models/base_model_90_subjects.pt,1,481,0.5,"csp_components=6;runs=['01', '02', '03', '05', '08'];target_channels=14;seed=0;val_split=0.2;filter=iir;split=calibration_curve_v2;train_runs=['01', '02', '03', '08'];test_run=05;metric=test_accuracy;notes_extra=experiment=calibration_curve_v2;k=4;draw=0;recipe=dec;tag=transfer_dec_iir_k4_test05_d0_s0"
2026-08-15T23:51:05.141302,transfer,/home/connor/Desktop/eeg-motor-classification/legacy/model/models/base_model_90_subjects.pt,1,481,0.5102040816326531,"csp_components=6;runs=['01', '02', '03', '05', '08'];target_channels=14;seed=1;val_split=0.2;filter=iir;split=calibration_curve_v2;train_runs=['01', '02', '03', '08'];test_run=05;metric=test_accuracy;notes_extra=experiment=calibration_curve_v2;k=4;draw=0;recipe=dec;tag=transfer_dec_iir_k4_test05_d0_s1"
2026-08-15T23:51:11.957230,transfer,/home/connor/Desktop/eeg-motor-classification/legacy/model/models/base_model_90_subjects.pt,1,481,0.5510204081632653,"csp_components=6;runs=['01', '02', '03', '05', '08'];target_channels=14;seed=2;val_split=0.2;filter=iir;split=calibration_curve_v2;train_runs=['01', '02', '03', '08'];test_run=05;metric=test_accuracy;notes_extra=experiment=calibration_curve_v2;k=4;draw=0;recipe=dec;tag=transfer_dec_iir_k4_test05_d0_s2"
2026-08-15T23:51:41.947232,transfer,/home/connor/Desktop/eeg-motor-classification/legacy/model/models/base_model_90_subjects.pt,1,483,0.5102040816326531,"csp_components=6;runs=['01', '02', '05', '07', '08'];target_channels=14;seed=0;val_split=0.2;filter=iir;split=calibration_curve_v2;train_runs=['01', '02', '07', '08'];test_run=05;metric=test_accuracy;notes_extra=experiment=calibration_curve_v2;k=4;draw=1;recipe=dec;tag=transfer_dec_iir_k4_test05_d1_s0"
2026-08-15T23:51:43.799794,transfer,/home/connor/Desktop/eeg-motor-classification/legacy/model/models/base_model_90_subjects.pt,1,483,0.5408163265306123,"csp_components=6;runs=['01', '02', '05', '07', '08'];target_channels=14;seed=1;val_split=0.2;filter=iir;split=calibration_curve_v2;train_runs=['01', '02', '07', '08'];test_run=05;metric=test_accuracy;notes_extra=experiment=calibration_curve_v2;k=4;draw=1;recipe=dec;tag=transfer_dec_iir_k4_test05_d1_s1"
2026-08-15T23:51:52.173933,transfer,/home/connor/Desktop/eeg-motor-classification/legacy/model/models/base_model_90_subjects.pt,1,483,0.5306122448979592,"csp_components=6;runs=['01', '02', '05', '07', '08'];target_channels=14;seed=2;val_split=0.2;filter=iir;split=calibration_curve_v2;train_runs=['01', '02', '07', '08'];test_run=05;metric=test_accuracy;notes_extra=experiment=calibration_curve_v2;k=4;draw=1;recipe=dec;tag=transfer_dec_iir_k4_test05_d1_s2"
2026-08-15T23:52:21.091435,transfer,/home/connor/Desktop/eeg-motor-classification/legacy/model/models/base_model_90_subjects.pt,1,485,0.5051546391752577,"csp_components=6;runs=['01', '05', '06', '07', '08'];target_channels=14;seed=0;val_split=0.2;filter=iir;split=calibration_curve_v2;train_runs=['01', '05', '07', '08'];test_run=06;metric=test_accuracy;notes_extra=experiment=calibration_curve_v2;k=4;draw=0;recipe=dec;tag=transfer_dec_iir_k4_test06_d0_s0"
2026-08-15T23:52:25.711363,transfer,/home/connor/Desktop/eeg-motor-classification/legacy/model/models/base_model_90_subjects.pt,1,485,0.6082474226804123,"csp_components=6;runs=['01', '05', '06', '07', '08'];target_channels=14;seed=1;val_split=0.2;filter=iir;split=calibration_curve_v2;train_runs=['01', '05', '07', '08'];test_run=06;metric=test_accuracy;notes_extra=experiment=calibration_curve_v2;k=4;draw=0;recipe=dec;tag=transfer_dec_iir_k4_test06_d0_s1"
2026-08-15T23:52:44.259783,transfer,/home/connor/Desktop/eeg-motor-classification/legacy/model/models/base_model_90_subjects.pt,1,485,0.5463917525773195,"csp_components=6;runs=['01', '05', '06', '07', '08'];target_channels=14;seed=2;val_split=0.2;filter=iir;split=calibration_curve_v2;train_runs=['01', '05', '07', '08'];test_run=06;metric=test_accuracy;notes_extra=experiment=calibration_curve_v2;k=4;draw=0;recipe=dec;tag=transfer_dec_iir_k4_test06_d0_s2"
2026-08-15T23:52:58.138898,transfer,/home/connor/Desktop/eeg-motor-classification/legacy/model/models/base_model_90_subjects.pt,1,486,0.422680412371134,"csp_components=6;runs=['02', '03', '05', '06', '07'];target_channels=14;seed=0;val_split=0.2;filter=iir;split=calibration_curve_v2;train_runs=['02', '03', '05', '07'];test_run=06;metric=test_accuracy;notes_extra=experiment=calibration_curve_v2;k=4;draw=1;recipe=dec;tag=transfer_dec_iir_k4_test06_d1_s0"
2026-08-15T23:53:12.535504,transfer,/home/connor/Desktop/eeg-motor-classification/legacy/model/models/base_model_90_subjects.pt,1,486,0.4845360824742268,"csp_components=6;runs=['02', '03', '05', '06', '07'];target_channels=14;seed=1;val_split=0.2;filter=iir;split=calibration_curve_v2;train_runs=['02', '03', '05', '07'];test_run=06;metric=test_accuracy;notes_extra=experiment=calibration_curve_v2;k=4;draw=1;recipe=dec;tag=transfer_dec_iir_k4_test06_d1_s1"
2026-08-15T23:53:25.091482,transfer,/home/connor/Desktop/eeg-motor-classification/legacy/model/models/base_model_90_subjects.pt,1,486,0.5360824742268041,"csp_components=6;runs=['02', '03', '05', '06', '07'];target_channels=14;seed=2;val_split=0.2;filter=iir;split=calibration_curve_v2;train_runs=['02', '03', '05', '07'];test_run=06;metric=test_accuracy;notes_extra=experiment=calibration_curve_v2;k=4;draw=1;recipe=dec;tag=transfer_dec_iir_k4_test06_d1_s2"
2026-08-15T23:53:39.387337,transfer,/home/connor/Desktop/eeg-motor-classification/legacy/model/models/base_model_90_subjects.pt,1,482,0.5656565656565656,"csp_components=6;runs=['01', '02', '04', '07', '08'];target_channels=14;seed=0;val_split=0.2;filter=iir;split=calibration_curve_v2;train_runs=['01', '02', '04', '08'];test_run=07;metric=test_accuracy;notes_extra=experiment=calibration_curve_v2;k=4;draw=0;recipe=dec;tag=transfer_dec_iir_k4_test07_d0_s0"
2026-08-15T23:53:58.055132,transfer,/home/connor/Desktop/eeg-motor-classification/legacy/model/models/base_model_90_subjects.pt,1,482,0.4848484848484848,"csp_components=6;runs=['01', '02', '04', '07', '08'];target_channels=14;seed=1;val_split=0.2;filter=iir;split=calibration_curve_v2;train_runs=['01', '02', '04', '08'];test_run=07;metric=test_accuracy;notes_extra=experiment=calibration_curve_v2;k=4;draw=0;recipe=dec;tag=transfer_dec_iir_k4_test07_d0_s1"
2026-08-15T23:54:06.943443,transfer,/home/connor/Desktop/eeg-motor-classification/legacy/model/models/base_model_90_subjects.pt,1,482,0.4848484848484848,"csp_components=6;runs=['01', '02', '04', '07', '08'];target_channels=14;seed=2;val_split=0.2;filter=iir;split=calibration_curve_v2;train_runs=['01', '02', '04', '08'];test_run=07;metric=test_accuracy;notes_extra=experiment=calibration_curve_v2;k=4;draw=0;recipe=dec;tag=transfer_dec_iir_k4_test07_d0_s2"
2026-08-15T23:54:35.293984,transfer,/home/connor/Desktop/eeg-motor-classification/legacy/model/models/base_model_90_subjects.pt,1,483,0.5252525252525253,"csp_components=6;runs=['02', '03', '05', '07', '08'];target_channels=14;seed=0;val_split=0.2;filter=iir;split=calibration_curve_v2;train_runs=['02', '03', '05', '08'];test_run=07;metric=test_accuracy;notes_extra=experiment=calibration_curve_v2;k=4;draw=1;recipe=dec;tag=transfer_dec_iir_k4_test07_d1_s0"
2026-08-15T23:54:42.430195,transfer,/home/connor/Desktop/eeg-motor-classification/legacy/model/models/base_model_90_subjects.pt,1,483,0.5757575757575758,"csp_components=6;runs=['02', '03', '05', '07', '08'];target_channels=14;seed=1;val_split=0.2;filter=iir;split=calibration_curve_v2;train_runs=['02', '03', '05', '08'];test_run=07;metric=test_accuracy;notes_extra=experiment=calibration_curve_v2;k=4;draw=1;recipe=dec;tag=transfer_dec_iir_k4_test07_d1_s1"
2026-08-15T23:54:47.000425,transfer,/home/connor/Desktop/eeg-motor-classification/legacy/model/models/base_model_90_subjects.pt,1,483,0.5454545454545454,"csp_components=6;runs=['02', '03', '05', '07', '08'];target_channels=14;seed=2;val_split=0.2;filter=iir;split=calibration_curve_v2;train_runs=['02', '03', '05', '08'];test_run=07;metric=test_accuracy;notes_extra=experiment=calibration_curve_v2;k=4;draw=1;recipe=dec;tag=transfer_dec_iir_k4_test07_d1_s2"
2026-08-15T23:55:17.133431,transfer,/home/connor/Desktop/eeg-motor-classification/legacy/model/models/base_model_90_subjects.pt,1,485,0.4574468085106383,"csp_components=6;runs=['01', '03', '05', '07', '08'];target_channels=14;seed=0;val_split=0.2;filter=iir;split=calibration_curve_v2;train_runs=['01', '03', '05', '07'];test_run=08;metric=test_accuracy;notes_extra=experiment=calibration_curve_v2;k=4;draw=0;recipe=dec;tag=transfer_dec_iir_k4_test08_d0_s0"
2026-08-15T23:55:20.262472,transfer,/home/connor/Desktop/eeg-motor-classification/legacy/model/models/base_model_90_subjects.pt,1,485,0.4787234042553192,"csp_components=6;runs=['01', '03', '05', '07', '08'];target_channels=14;seed=1;val_split=0.2;filter=iir;split=calibration_curve_v2;train_runs=['01', '03', '05', '07'];test_run=08;metric=test_accuracy;notes_extra=experiment=calibration_curve_v2;k=4;draw=0;recipe=dec;tag=transfer_dec_iir_k4_test08_d0_s1"
2026-08-15T23:55:29.483072,transfer,/home/connor/Desktop/eeg-motor-classification/legacy/model/models/base_model_90_subjects.pt,1,485,0.4680851063829787,"csp_components=6;runs=['01', '03', '05', '07', '08'];target_channels=14;seed=2;val_split=0.2;filter=iir;split=calibration_curve_v2;train_runs=['01', '03', '05', '07'];test_run=08;metric=test_accuracy;notes_extra=experiment=calibration_curve_v2;k=4;draw=0;recipe=dec;tag=transfer_dec_iir_k4_test08_d0_s2"
2026-08-15T23:56:02.164638,transfer,/home/connor/Desktop/eeg-motor-classification/legacy/model/models/base_model_90_subjects.pt,1,485,0.4787234042553192,"csp_components=6;runs=['01', '04', '05', '07', '08'];target_channels=14;seed=0;val_split=0.2;filter=iir;split=calibration_curve_v2;train_runs=['01', '04', '05', '07'];test_run=08;metric=test_accuracy;notes_extra=experiment=calibration_curve_v2;k=4;draw=1;recipe=dec;tag=transfer_dec_iir_k4_test08_d1_s0"
2026-08-15T23:56:04.490006,transfer,/home/connor/Desktop/eeg-motor-classification/legacy/model/models/base_model_90_subjects.pt,1,485,0.5,"csp_components=6;runs=['01', '04', '05', '07', '08'];target_channels=14;seed=1;val_split=0.2;filter=iir;split=calibration_curve_v2;train_runs=['01', '04', '05', '07'];test_run=08;metric=test_accuracy;notes_extra=experiment=calibration_curve_v2;k=4;draw=1;recipe=dec;tag=transfer_dec_iir_k4_test08_d1_s1"
2026-08-15T23:56:07.048523,transfer,/home/connor/Desktop/eeg-motor-classification/legacy/model/models/base_model_90_subjects.pt,1,485,0.6063829787234043,"csp_components=6;runs=['01', '04', '05', '07', '08'];target_channels=14;seed=2;val_split=0.2;filter=iir;split=calibration_curve_v2;train_runs=['01', '04', '05', '07'];test_run=08;metric=test_accuracy;notes_extra=experiment=calibration_curve_v2;k=4;draw=1;recipe=dec;tag=transfer_dec_iir_k4_test08_d1_s2"
2026-08-15T21:35:29.059667,transfer,/home/connor/Desktop/eeg-motor-classification/legacy/model/models/base_model_90_subjects.pt,1,774,0.5567010309278351,"csp_components=6;runs=['01', '02', '03', '04', '05', '06', '07', '08'];target_channels=14;seed=0;val_split=0.2;filter=iir;split=calibration_curve_v2;train_runs=['02', '03', '04', '05', '06', '07', '08'];test_run=01;metric=test_accuracy;notes_extra=experiment=calibration_curve_v2;k=7;draw=0;recipe=dec;tag=transfer_dec_iir_k7_test01_d0_s0"
2026-08-15T21:35:53.956076,transfer,/home/connor/Desktop/eeg-motor-classification/legacy/model/models/base_model_90_subjects.pt,1,774,0.5463917525773195,"csp_components=6;runs=['01', '02', '03', '04', '05', '06', '07', '08'];target_channels=14;seed=1;val_split=0.2;filter=iir;split=calibration_curve_v2;train_runs=['02', '03', '04', '05', '06', '07', '08'];test_run=01;metric=test_accuracy;notes_extra=experiment=calibration_curve_v2;k=7;draw=0;recipe=dec;tag=transfer_dec_iir_k7_test01_d0_s1"
2026-08-15T21:36:12.909735,transfer,/home/connor/Desktop/eeg-motor-classification/legacy/model/models/base_model_90_subjects.pt,1,774,0.5360824742268041,"csp_components=6;runs=['01', '02', '03', '04', '05', '06', '07', '08'];target_channels=14;seed=2;val_split=0.2;filter=iir;split=calibration_curve_v2;train_runs=['02', '03', '04', '05', '06', '07', '08'];test_run=01;metric=test_accuracy;notes_extra=experiment=calibration_curve_v2;k=7;draw=0;recipe=dec;tag=transfer_dec_iir_k7_test01_d0_s2"
2026-08-15T21:37:42.605629,transfer,/home/connor/Desktop/eeg-motor-classification/legacy/model/models/base_model_90_subjects.pt,1,774,0.5473684210526316,"csp_components=6;runs=['01', '02', '03', '04', '05', '06', '07', '08'];target_channels=14;seed=0;val_split=0.2;filter=iir;split=calibration_curve_v2;train_runs=['01', '03', '04', '05', '06', '07', '08'];test_run=02;metric=test_accuracy;notes_extra=experiment=calibration_curve_v2;k=7;draw=0;recipe=dec;tag=transfer_dec_iir_k7_test02_d0_s0"
2026-08-15T21:38:05.345924,transfer,/home/connor/Desktop/eeg-motor-classification/legacy/model/models/base_model_90_subjects.pt,1,774,0.5578947368421052,"csp_components=6;runs=['01', '02', '03', '04', '05', '06', '07', '08'];target_channels=14;seed=1;val_split=0.2;filter=iir;split=calibration_curve_v2;train_runs=['01', '03', '04', '05', '06', '07', '08'];test_run=02;metric=test_accuracy;notes_extra=experiment=calibration_curve_v2;k=7;draw=0;recipe=dec;tag=transfer_dec_iir_k7_test02_d0_s1"
2026-08-15T21:38:28.900167,transfer,/home/connor/Desktop/eeg-motor-classification/legacy/model/models/base_model_90_subjects.pt,1,774,0.5684210526315789,"csp_components=6;runs=['01', '02', '03', '04', '05', '06', '07', '08'];target_channels=14;seed=2;val_split=0.2;filter=iir;split=calibration_curve_v2;train_runs=['01', '03', '04', '05', '06', '07', '08'];test_run=02;metric=test_accuracy;notes_extra=experiment=calibration_curve_v2;k=7;draw=0;recipe=dec;tag=transfer_dec_iir_k7_test02_d0_s2"
2026-08-15T21:40:01.538484,transfer,/home/connor/Desktop/eeg-motor-classification/legacy/model/models/base_model_90_subjects.pt,1,774,0.5051546391752577,"csp_components=6;runs=['01', '02', '03', '04', '05', '06', '07', '08'];target_channels=14;seed=0;val_split=0.2;filter=iir;split=calibration_curve_v2;train_runs=['01', '02', '04', '05', '06', '07', '08'];test_run=03;metric=test_accuracy;notes_extra=experiment=calibration_curve_v2;k=7;draw=0;recipe=dec;tag=transfer_dec_iir_k7_test03_d0_s0"
2026-08-15T21:40:19.669518,transfer,/home/connor/Desktop/eeg-motor-classification/legacy/model/models/base_model_90_subjects.pt,1,774,0.4432989690721649,"csp_components=6;runs=['01', '02', '03', '04', '05', '06', '07', '08'];target_channels=14;seed=1;val_split=0.2;filter=iir;split=calibration_curve_v2;train_runs=['01', '02', '04', '05', '06', '07', '08'];test_run=03;metric=test_accuracy;notes_extra=experiment=calibration_curve_v2;k=7;draw=0;recipe=dec;tag=transfer_dec_iir_k7_test03_d0_s1"
2026-08-15T21:40:44.221261,transfer,/home/connor/Desktop/eeg-motor-classification/legacy/model/models/base_model_90_subjects.pt,1,774,0.4536082474226804,"csp_components=6;runs=['01', '02', '03', '04', '05', '06', '07', '08'];target_channels=14;seed=2;val_split=0.2;filter=iir;split=calibration_curve_v2;train_runs=['01', '02', '04', '05', '06', '07', '08'];test_run=03;metric=test_accuracy;notes_extra=experiment=calibration_curve_v2;k=7;draw=0;recipe=dec;tag=transfer_dec_iir_k7_test03_d0_s2"
2026-08-15T21:42:11.679630,transfer,/home/connor/Desktop/eeg-motor-classification/legacy/model/models/base_model_90_subjects.pt,1,774,0.4948453608247423,"csp_components=6;runs=['01', '02', '03', '04', '05', '06', '07', '08'];target_channels=14;seed=0;val_split=0.2;filter=iir;split=calibration_curve_v2;train_runs=['01', '02', '03', '05', '06', '07', '08'];test_run=04;metric=test_accuracy;notes_extra=experiment=calibration_curve_v2;k=7;draw=0;recipe=dec;tag=transfer_dec_iir_k7_test04_d0_s0"
2026-08-15T21:42:32.997728,transfer,/home/connor/Desktop/eeg-motor-classification/legacy/model/models/base_model_90_subjects.pt,1,774,0.3402061855670103,"csp_components=6;runs=['01', '02', '03', '04', '05', '06', '07', '08'];target_channels=14;seed=1;val_split=0.2;filter=iir;split=calibration_curve_v2;train_runs=['01', '02', '03', '05', '06', '07', '08'];test_run=04;metric=test_accuracy;notes_extra=experiment=calibration_curve_v2;k=7;draw=0;recipe=dec;tag=transfer_dec_iir_k7_test04_d0_s1"
2026-08-15T21:42:55.286465,transfer,/home/connor/Desktop/eeg-motor-classification/legacy/model/models/base_model_90_subjects.pt,1,774,0.3711340206185567,"csp_components=6;runs=['01', '02', '03', '04', '05', '06', '07', '08'];target_channels=14;seed=2;val_split=0.2;filter=iir;split=calibration_curve_v2;train_runs=['01', '02', '03', '05', '06', '07', '08'];test_run=04;metric=test_accuracy;notes_extra=experiment=calibration_curve_v2;k=7;draw=0;recipe=dec;tag=transfer_dec_iir_k7_test04_d0_s2"
2026-08-15T21:44:27.894558,transfer,/home/connor/Desktop/eeg-motor-classification/legacy/model/models/base_model_90_subjects.pt,1,774,0.5102040816326531,"csp_components=6;runs=['01', '02', '03', '04', '05', '06', '07', '08'];target_channels=14;seed=0;val_split=0.2;filter=iir;split=calibration_curve_v2;train_runs=['01', '02', '03', '04', '06', '07', '08'];test_run=05;metric=test_accuracy;notes_extra=experiment=calibration_curve_v2;k=7;draw=0;recipe=dec;tag=transfer_dec_iir_k7_test05_d0_s0"
2026-08-15T21:44:51.070942,transfer,/home/connor/Desktop/eeg-motor-classification/legacy/model/models/base_model_90_subjects.pt,1,774,0.4795918367346938,"csp_components=6;runs=['01', '02', '03', '04', '05', '06', '07', '08'];target_channels=14;seed=1;val_split=0.2;filter=iir;split=calibration_curve_v2;train_runs=['01', '02', '03', '04', '06', '07', '08'];test_run=05;metric=test_accuracy;notes_extra=experiment=calibration_curve_v2;k=7;draw=0;recipe=dec;tag=transfer_dec_iir_k7_test05_d0_s1"
2026-08-15T21:45:09.972266,transfer,/home/connor/Desktop/eeg-motor-classification/legacy/model/models/base_model_90_subjects.pt,1,774,0.4591836734693877,"csp_components=6;runs=['01', '02', '03', '04', '05', '06', '07', '08'];target_channels=14;seed=2;val_split=0.2;filter=iir;split=calibration_curve_v2;train_runs=['01', '02', '03', '04', '06', '07', '08'];test_run=05;metric=test_accuracy;notes_extra=experiment=calibration_curve_v2;k=7;draw=0;recipe=dec;tag=transfer_dec_iir_k7_test05_d0_s2"
2026-08-15T21:46:42.529223,transfer,/home/connor/Desktop/eeg-motor-classification/legacy/model/models/base_model_90_subjects.pt,1,774,0.4742268041237113,"csp_components=6;runs=['01', '02', '03', '04', '05', '06', '07', '08'];target_channels=14;seed=0;val_split=0.2;filter=iir;split=calibration_curve_v2;train_runs=['01', '02', '03', '04', '05', '07', '08'];test_run=06;metric=test_accuracy;notes_extra=experiment=calibration_curve_v2;k=7;draw=0;recipe=dec;tag=transfer_dec_iir_k7_test06_d0_s0"
2026-08-15T21:47:03.437902,transfer,/home/connor/Desktop/eeg-motor-classification/legacy/model/models/base_model_90_subjects.pt,1,774,0.5154639175257731,"csp_components=6;runs=['01', '02', '03', '04', '05', '06', '07', '08'];target_channels=14;seed=1;val_split=0.2;filter=iir;split=calibration_curve_v2;train_runs=['01', '02', '03', '04', '05', '07', '08'];test_run=06;metric=test_accuracy;notes_extra=experiment=calibration_curve_v2;k=7;draw=0;recipe=dec;tag=transfer_dec_iir_k7_test06_d0_s1"
2026-08-15T21:47:27.185025,transfer,/home/connor/Desktop/eeg-motor-classification/legacy/model/models/base_model_90_subjects.pt,1,774,0.5567010309278351,"csp_components=6;runs=['01', '02', '03', '04', '05', '06', '07', '08'];target_channels=14;seed=2;val_split=0.2;filter=iir;split=calibration_curve_v2;train_runs=['01', '02', '03', '04', '05', '07', '08'];test_run=06;metric=test_accuracy;notes_extra=experiment=calibration_curve_v2;k=7;draw=0;recipe=dec;tag=transfer_dec_iir_k7_test06_d0_s2"
2026-08-15T21:48:54.995119,transfer,/home/connor/Desktop/eeg-motor-classification/legacy/model/models/base_model_90_subjects.pt,1,774,0.5050505050505051,"csp_components=6;runs=['01', '02', '03', '04', '05', '06', '07', '08'];target_channels=14;seed=0;val_split=0.2;filter=iir;split=calibration_curve_v2;train_runs=['01', '02', '03', '04', '05', '06', '08'];test_run=07;metric=test_accuracy;notes_extra=experiment=calibration_curve_v2;k=7;draw=0;recipe=dec;tag=transfer_dec_iir_k7_test07_d0_s0"
2026-08-15T21:54:06.082687,transfer,/home/connor/Desktop/eeg-motor-classification/legacy/model/models/base_model_90_subjects.pt,1,774,0.5050505050505051,"csp_components=6;runs=['01', '02', '03', '04', '05', '06', '07', '08'];target_channels=14;seed=1;val_split=0.2;filter=iir;split=calibration_curve_v2;train_runs=['01', '02', '03', '04', '05', '06', '08'];test_run=07;metric=test_accuracy;notes_extra=experiment=calibration_curve_v2;k=7;draw=0;recipe=dec;tag=transfer_dec_iir_k7_test07_d0_s1"
2026-08-15T23:03:49.838171,transfer,/home/connor/Desktop/eeg-motor-classification/legacy/model/models/base_model_90_subjects.pt,1,774,0.5252525252525253,"csp_components=6;runs=['01', '02', '03', '04', '05', '06', '07', '08'];target_channels=14;seed=2;val_split=0.2;filter=iir;split=calibration_curve_v2;train_runs=['01', '02', '03', '04', '05', '06', '08'];test_run=07;metric=test_accuracy;notes_extra=experiment=calibration_curve_v2;k=7;draw=0;recipe=dec;tag=transfer_dec_iir_k7_test07_d0_s2"
2026-08-15T23:04:16.983667,transfer,/home/connor/Desktop/eeg-motor-classification/legacy/model/models/base_model_90_subjects.pt,1,774,0.574468085106383,"csp_components=6;runs=['01', '02', '03', '04', '05', '06', '07', '08'];target_channels=14;seed=0;val_split=0.2;filter=iir;split=calibration_curve_v2;train_runs=['01', '02', '03', '04', '05', '06', '07'];test_run=08;metric=test_accuracy;notes_extra=experiment=calibration_curve_v2;k=7;draw=0;recipe=dec;tag=transfer_dec_iir_k7_test08_d0_s0"
2026-08-15T23:04:25.479777,transfer,/home/connor/Desktop/eeg-motor-classification/legacy/model/models/base_model_90_subjects.pt,1,774,0.5425531914893617,"csp_components=6;runs=['01', '02', '03', '04', '05', '06', '07', '08'];target_channels=14;seed=1;val_split=0.2;filter=iir;split=calibration_curve_v2;train_runs=['01', '02', '03', '04', '05', '06', '07'];test_run=08;metric=test_accuracy;notes_extra=experiment=calibration_curve_v2;k=7;draw=0;recipe=dec;tag=transfer_dec_iir_k7_test08_d0_s1"
2026-08-15T23:04:50.987121,transfer,/home/connor/Desktop/eeg-motor-classification/legacy/model/models/base_model_90_subjects.pt,1,774,0.574468085106383,"csp_components=6;runs=['01', '02', '03', '04', '05', '06', '07', '08'];target_channels=14;seed=2;val_split=0.2;filter=iir;split=calibration_curve_v2;train_runs=['01', '02', '03', '04', '05', '06', '07'];test_run=08;metric=test_accuracy;notes_extra=experiment=calibration_curve_v2;k=7;draw=0;recipe=dec;tag=transfer_dec_iir_k7_test08_d0_s2"
2026-08-16T00:02:48.328790,transfer,/home/connor/Desktop/eeg-motor-classification/legacy/model/models/base_model_90_subjects.pt,1,189,0.5319148936170213,"csp_components=6;runs=['01', '02'];target_channels=14;seed=0;val_split=0.2;filter=fir;split=calibration_curve_v2;train_runs=['02'];test_run=01;metric=test_accuracy;notes_extra=experiment=calibration_curve_v2;k=1;draw=0;recipe=fix;tag=transfer_fix_fir_k1_test01_d0_s0"
2026-08-16T00:02:50.426197,transfer,/home/connor/Desktop/eeg-motor-classification/legacy/model/models/base_model_90_subjects.pt,1,189,0.5212765957446809,"csp_components=6;runs=['01', '02'];target_channels=14;seed=1;val_split=0.2;filter=fir;split=calibration_curve_v2;train_runs=['02'];test_run=01;metric=test_accuracy;notes_extra=experiment=calibration_curve_v2;k=1;draw=0;recipe=fix;tag=transfer_fix_fir_k1_test01_d0_s1"
2026-08-16T00:02:56.497676,transfer,/home/connor/Desktop/eeg-motor-classification/legacy/model/models/base_model_90_subjects.pt,1,189,0.4787234042553192,"csp_components=6;runs=['01', '02'];target_channels=14;seed=2;val_split=0.2;filter=fir;split=calibration_curve_v2;train_runs=['02'];test_run=01;metric=test_accuracy;notes_extra=experiment=calibration_curve_v2;k=1;draw=0;recipe=fix;tag=transfer_fix_fir_k1_test01_d0_s2"
2026-08-16T00:03:08.418082,transfer,/home/connor/Desktop/eeg-motor-classification/legacy/model/models/base_model_90_subjects.pt,1,189,0.4893617021276595,"csp_components=6;runs=['01', '08'];target_channels=14;seed=0;val_split=0.2;filter=fir;split=calibration_curve_v2;train_runs=['08'];test_run=01;metric=test_accuracy;notes_extra=experiment=calibration_curve_v2;k=1;draw=1;recipe=fix;tag=transfer_fix_fir_k1_test01_d1_s0"
2026-08-16T00:03:09.087272,transfer,/home/connor/Desktop/eeg-motor-classification/legacy/model/models/base_model_90_subjects.pt,1,189,0.4893617021276595,"csp_components=6;runs=['01', '08'];target_channels=14;seed=1;val_split=0.2;filter=fir;split=calibration_curve_v2;train_runs=['08'];test_run=01;metric=test_accuracy;notes_extra=experiment=calibration_curve_v2;k=1;draw=1;recipe=fix;tag=transfer_fix_fir_k1_test01_d1_s1"
2026-08-16T00:03:12.711016,transfer,/home/connor/Desktop/eeg-motor-classification/legacy/model/models/base_model_90_subjects.pt,1,189,0.4893617021276595,"csp_components=6;runs=['01', '08'];target_channels=14;seed=2;val_split=0.2;filter=fir;split=calibration_curve_v2;train_runs=['08'];test_run=01;metric=test_accuracy;notes_extra=experiment=calibration_curve_v2;k=1;draw=1;recipe=fix;tag=transfer_fix_fir_k1_test01_d1_s2"
2026-08-16T00:03:23.030148,transfer,/home/connor/Desktop/eeg-motor-classification/legacy/model/models/base_model_90_subjects.pt,1,193,0.4842105263157895,"csp_components=6;runs=['02', '05'];target_channels=14;seed=0;val_split=0.2;filter=fir;split=calibration_curve_v2;train_runs=['05'];test_run=02;metric=test_accuracy;notes_extra=experiment=calibration_curve_v2;k=1;draw=0;recipe=fix;tag=transfer_fix_fir_k1_test02_d0_s0"
2026-08-16T00:03:26.552975,transfer,/home/connor/Desktop/eeg-motor-classification/legacy/model/models/base_model_90_subjects.pt,1,193,0.5052631578947369,"csp_components=6;runs=['02', '05'];target_channels=14;seed=1;val_split=0.2;filter=fir;split=calibration_curve_v2;train_runs=['05'];test_run=02;metric=test_accuracy;notes_extra=experiment=calibration_curve_v2;k=1;draw=0;recipe=fix;tag=transfer_fix_fir_k1_test02_d0_s1"
2026-08-16T00:03:27.428990,transfer,/home/connor/Desktop/eeg-motor-classification/legacy/model/models/base_model_90_subjects.pt,1,193,0.5263157894736842,"csp_components=6;runs=['02', '05'];target_channels=14;seed=2;val_split=0.2;filter=fir;split=calibration_curve_v2;train_runs=['05'];test_run=02;metric=test_accuracy;notes_extra=experiment=calibration_curve_v2;k=1;draw=0;recipe=fix;tag=transfer_fix_fir_k1_test02_d0_s2"
2026-08-16T00:03:41.158685,transfer,/home/connor/Desktop/eeg-motor-classification/legacy/model/models/base_model_90_subjects.pt,1,193,0.5052631578947369,"csp_components=6;runs=['02', '06'];target_channels=14;seed=0;val_split=0.2;filter=fir;split=calibration_curve_v2;train_runs=['06'];test_run=02;metric=test_accuracy;notes_extra=experiment=calibration_curve_v2;k=1;draw=1;recipe=fix;tag=transfer_fix_fir_k1_test02_d1_s0"
2026-08-16T00:03:43.431516,transfer,/home/connor/Desktop/eeg-motor-classification/legacy/model/models/base_model_90_subjects.pt,1,193,0.4947368421052631,"csp_components=6;runs=['02', '06'];target_channels=14;seed=1;val_split=0.2;filter=fir;split=calibration_curve_v2;train_runs=['06'];test_run=02;metric=test_accuracy;notes_extra=experiment=calibration_curve_v2;k=1;draw=1;recipe=fix;tag=transfer_fix_fir_k1_test02_d1_s1"
2026-08-16T00:03:44.395629,transfer,/home/connor/Desktop/eeg-motor-classification/legacy/model/models/base_model_90_subjects.pt,1,193,0.5052631578947369,"csp_components=6;runs=['02', '06'];target_channels=14;seed=2;val_split=0.2;filter=fir;split=calibration_curve_v2;train_runs=['06'];test_run=02;metric=test_accuracy;notes_extra=experiment=calibration_curve_v2;k=1;draw=1;recipe=fix;tag=transfer_fix_fir_k1_test02_d1_s2"
2026-08-16T00:03:56.619645,transfer,/home/connor/Desktop/eeg-motor-classification/legacy/model/models/base_model_90_subjects.pt,1,195,0.5257731958762887,"csp_components=6;runs=['03', '05'];target_channels=14;seed=0;val_split=0.2;filter=fir;split=calibration_curve_v2;train_runs=['05'];test_run=03;metric=test_accuracy;notes_extra=experiment=calibration_curve_v2;k=1;draw=0;recipe=fix;tag=transfer_fix_fir_k1_test03_d0_s0"
2026-08-16T00:03:59.841715,transfer,/home/connor/Desktop/eeg-motor-classification/legacy/model/models/base_model_90_subjects.pt,1,195,0.5154639175257731,"csp_components=6;runs=['03', '05'];target_channels=14;seed=1;val_split=0.2;filter=fir;split=calibration_curve_v2;train_runs=['05'];test_run=03;metric=test_accuracy;notes_extra=experiment=calibration_curve_v2;k=1;draw=0;recipe=fix;tag=transfer_fix_fir_k1_test03_d0_s1"
2026-08-16T00:04:00.539500,transfer,/home/connor/Desktop/eeg-motor-classification/legacy/model/models/base_model_90_subjects.pt,1,195,0.5360824742268041,"csp_components=6;runs=['03', '05'];target_channels=14;seed=2;val_split=0.2;filter=fir;split=calibration_curve_v2;train_runs=['05'];test_run=03;metric=test_accuracy;notes_extra=experiment=calibration_curve_v2;k=1;draw=0;recipe=fix;tag=transfer_fix_fir_k1_test03_d0_s2"
2026-08-16T00:04:14.887159,transfer,/home/connor/Desktop/eeg-motor-classification/legacy/model/models/base_model_90_subjects.pt,1,195,0.5154639175257731,"csp_components=6;runs=['03', '06'];target_channels=14;seed=0;val_split=0.2;filter=fir;split=calibration_curve_v2;train_runs=['06'];test_run=03;metric=test_accuracy;notes_extra=experiment=calibration_curve_v2;k=1;draw=1;recipe=fix;tag=transfer_fix_fir_k1_test03_d1_s0"
2026-08-16T00:04:16.472065,transfer,/home/connor/Desktop/eeg-motor-classification/legacy/model/models/base_model_90_subjects.pt,1,195,0.4948453608247423,"csp_components=6;runs=['03', '06'];target_channels=14;seed=1;val_split=0.2;filter=fir;split=calibration_curve_v2;train_runs=['06'];test_run=03;metric=test_accuracy;notes_extra=experiment=calibration_curve_v2;k=1;draw=1;recipe=fix;tag=transfer_fix_fir_k1_test03_d1_s1"
2026-08-16T00:04:20.317734,transfer,/home/connor/Desktop/eeg-motor-classification/legacy/model/models/base_model_90_subjects.pt,1,195,0.5051546391752577,"csp_components=6;runs=['03', '06'];target_channels=14;seed=2;val_split=0.2;filter=fir;split=calibration_curve_v2;train_runs=['06'];test_run=03;metric=test_accuracy;notes_extra=experiment=calibration_curve_v2;k=1;draw=1;recipe=fix;tag=transfer_fix_fir_k1_test03_d1_s2"
2026-08-16T00:04:31.422091,transfer,/home/connor/Desktop/eeg-motor-classification/legacy/model/models/base_model_90_subjects.pt,1,191,0.4845360824742268,"csp_components=6;runs=['01', '04'];target_channels=14;seed=0;val_split=0.2;filter=fir;split=calibration_curve_v2;train_runs=['01'];test_run=04;metric=test_accuracy;notes_extra=experiment=calibration_curve_v2;k=1;draw=0;recipe=fix;tag=transfer_fix_fir_k1_test04_d0_s0"
2026-08-16T00:04:38.108042,transfer,/home/connor/Desktop/eeg-motor-classification/legacy/model/models/base_model_90_subjects.pt,1,191,0.4742268041237113,"csp_components=6;runs=['01', '04'];target_channels=14;seed=1;val_split=0.2;filter=fir;split=calibration_curve_v2;train_runs=['01'];test_run=04;metric=test_accuracy;notes_extra=experiment=calibration_curve_v2;k=1;draw=0;recipe=fix;tag=transfer_fix_fir_k1_test04_d0_s1"
2026-08-16T00:04:43.562998,transfer,/home/connor/Desktop/eeg-motor-classification/legacy/model/models/base_model_90_subjects.pt,1,191,0.4948453608247423,"csp_components=6;runs=['01', '04'];target_channels=14;seed=2;val_split=0.2;filter=fir;split=calibration_curve_v2;train_runs=['01'];test_run=04;metric=test_accuracy;notes_extra=experiment=calibration_curve_v2;k=1;draw=0;recipe=fix;tag=transfer_fix_fir_k1_test04_d0_s2"
2026-08-16T00:04:50.495301,transfer,/home/connor/Desktop/eeg-motor-classification/legacy/model/models/base_model_90_subjects.pt,1,195,0.5154639175257731,"csp_components=6;runs=['04', '05'];target_channels=14;seed=0;val_split=0.2;filter=fir;split=calibration_curve_v2;train_runs=['05'];test_run=04;metric=test_accuracy;notes_extra=experiment=calibration_curve_v2;k=1;draw=1;recipe=fix;tag=transfer_fix_fir_k1_test04_d1_s0"
2026-08-16T00:04:55.247335,transfer,/home/connor/Desktop/eeg-motor-classification/legacy/model/models/base_model_90_subjects.pt,1,195,0.5154639175257731,"csp_components=6;runs=['04', '05'];target_channels=14;seed=1;val_split=0.2;filter=fir;split=calibration_curve_v2;train_runs=['05'];test_run=04;metric=test_accuracy;notes_extra=experiment=calibration_curve_v2;k=1;draw=1;recipe=fix;tag=transfer_fix_fir_k1_test04_d1_s1"
2026-08-16T00:04:56.431958,transfer,/home/connor/Desktop/eeg-motor-classification/legacy/model/models/base_model_90_subjects.pt,1,195,0.5154639175257731,"csp_components=6;runs=['04', '05'];target_channels=14;seed=2;val_split=0.2;filter=fir;split=calibration_curve_v2;train_runs=['05'];test_run=04;metric=test_accuracy;notes_extra=experiment=calibration_curve_v2;k=1;draw=1;recipe=fix;tag=transfer_fix_fir_k1_test04_d1_s2"
2026-08-16T00:05:07.919920,transfer,/home/connor/Desktop/eeg-motor-classification/legacy/model/models/base_model_90_subjects.pt,1,195,0.4897959183673469,"csp_components=6;runs=['04', '05'];target_channels=14;seed=0;val_split=0.2;filter=fir;split=calibration_curve_v2;train_runs=['04'];test_run=05;metric=test_accuracy;notes_extra=experiment=calibration_curve_v2;k=1;draw=0;recipe=fix;tag=transfer_fix_fir_k1_test05_d0_s0"
2026-08-16T00:05:11.641373,transfer,/home/connor/Desktop/eeg-motor-classification/legacy/model/models/base_model_90_subjects.pt,1,195,0.5102040816326531,"csp_components=6;runs=['04', '05'];target_channels=14;seed=1;val_split=0.2;filter=fir;split=calibration_curve_v2;train_runs=['04'];test_run=05;metric=test_accuracy;notes_extra=experiment=calibration_curve_v2;k=1;draw=0;recipe=fix;tag=transfer_fix_fir_k1_test05_d0_s1"
2026-08-16T00:05:14.338408,transfer,/home/connor/Desktop/eeg-motor-classification/legacy/model/models/base_model_90_subjects.pt,1,195,0.4795918367346938,"csp_components=6;runs=['04', '05'];target_channels=14;seed=2;val_split=0.2;filter=fir;split=calibration_curve_v2;train_runs=['04'];test_run=05;metric=test_accuracy;notes_extra=experiment=calibration_curve_v2;k=1;draw=0;recipe=fix;tag=transfer_fix_fir_k1_test05_d0_s2"
2026-08-16T00:05:25.640697,transfer,/home/connor/Desktop/eeg-motor-classification/legacy/model/models/base_model_90_subjects.pt,1,193,0.5,"csp_components=6;runs=['05', '08'];target_channels=14;seed=0;val_split=0.2;filter=fir;split=calibration_curve_v2;train_runs=['08'];test_run=05;metric=test_accuracy;notes_extra=experiment=calibration_curve_v2;k=1;draw=1;recipe=fix;tag=transfer_fix_fir_k1_test05_d1_s0"
2026-08-16T00:05:28.490885,transfer,/home/connor/Desktop/eeg-motor-classification/legacy/model/models/base_model_90_subjects.pt,1,193,0.5,"csp_components=6;runs=['05', '08'];target_channels=14;seed=1;val_split=0.2;filter=fir;split=calibration_curve_v2;train_runs=['08'];test_run=05;metric=test_accuracy;notes_extra=experiment=calibration_curve_v2;k=1;draw=1;recipe=fix;tag=transfer_fix_fir_k1_test05_d1_s1"
2026-08-16T00:05:31.256481,transfer,/home/connor/Desktop/eeg-motor-classification/legacy/model/models/base_model_90_subjects.pt,1,193,0.5102040816326531,"csp_components=6;runs=['05', '08'];target_channels=14;seed=2;val_split=0.2;filter=fir;split=calibration_curve_v2;train_runs=['08'];test_run=05;metric=test_accuracy;notes_extra=experiment=calibration_curve_v2;k=1;draw=1;recipe=fix;tag=transfer_fix_fir_k1_test05_d1_s2"
2026-08-16T00:05:44.040549,transfer,/home/connor/Desktop/eeg-motor-classification/legacy/model/models/base_model_90_subjects.pt,1,192,0.4489795918367347,"csp_components=6;runs=['01', '06'];target_channels=14;seed=0;val_split=0.2;filter=fir;split=calibration_curve_v2;train_runs=['01'];test_run=06;metric=test_accuracy;notes_extra=experiment=calibration_curve_v2;k=1;draw=0;recipe=fix;tag=transfer_fix_fir_k1_test06_d0_s0"
2026-08-16T00:05:45.558299,transfer,/home/connor/Desktop/eeg-motor-classification/legacy/model/models/base_model_90_subjects.pt,1,192,0.5102040816326531,"csp_components=6;runs=['01', '06'];target_channels=14;seed=1;val_split=0.2;filter=fir;split=calibration_curve_v2;train_runs=['01'];test_run=06;metric=test_accuracy;notes_extra=experiment=calibration_curve_v2;k=1;draw=0;recipe=fix;tag=transfer_fix_fir_k1_test06_d0_s1"
2026-08-16T00:05:49.619471,transfer,/home/connor/Desktop/eeg-motor-classification/legacy/model/models/base_model_90_subjects.pt,1,192,0.4693877551020408,"csp_components=6;runs=['01', '06'];target_channels=14;seed=2;val_split=0.2;filter=fir;split=calibration_curve_v2;train_runs=['01'];test_run=06;metric=test_accuracy;notes_extra=experiment=calibration_curve_v2;k=1;draw=0;recipe=fix;tag=transfer_fix_fir_k1_test06_d0_s2"
2026-08-16T00:06:00.924380,transfer,/home/connor/Desktop/eeg-motor-classification/legacy/model/models/base_model_90_subjects.pt,1,195,0.4795918367346938,"csp_components=6;runs=['03', '06'];target_channels=14;seed=0;val_split=0.2;filter=fir;split=calibration_curve_v2;train_runs=['03'];test_run=06;metric=test_accuracy;notes_extra=experiment=calibration_curve_v2;k=1;draw=1;recipe=fix;tag=transfer_fix_fir_k1_test06_d1_s0"
2026-08-16T00:06:03.546865,transfer,/home/connor/Desktop/eeg-motor-classification/legacy/model/models/base_model_90_subjects.pt,1,195,0.5510204081632653,"csp_components=6;runs=['03', '06'];target_channels=14;seed=1;val_split=0.2;filter=fir;split=calibration_curve_v2;train_runs=['03'];test_run=06;metric=test_accuracy;notes_extra=experiment=calibration_curve_v2;k=1;draw=1;recipe=fix;tag=transfer_fix_fir_k1_test06_d1_s1"
2026-08-16T00:06:06.053338,transfer,/home/connor/Desktop/eeg-motor-classification/legacy/model/models/base_model_90_subjects.pt,1,195,0.4387755102040816,"csp_components=6;runs=['03', '06'];target_channels=14;seed=2;val_split=0.2;filter=fir;split=calibration_curve_v2;train_runs=['03'];test_run=06;metric=test_accuracy;notes_extra=experiment=calibration_curve_v2;k=1;draw=1;recipe=fix;tag=transfer_fix_fir_k1_test06_d1_s2"
2026-08-16T00:06:16.530932,transfer,/home/connor/Desktop/eeg-motor-classification/legacy/model/models/base_model_90_subjects.pt,1,193,0.5151515151515151,"csp_components=6;runs=['01', '07'];target_channels=14;seed=0;val_split=0.2;filter=fir;split=calibration_curve_v2;train_runs=['01'];test_run=07;metric=test_accuracy;notes_extra=experiment=calibration_curve_v2;k=1;draw=0;recipe=fix;tag=transfer_fix_fir_k1_test07_d0_s0"
2026-08-16T00:06:21.695610,transfer,/home/connor/Desktop/eeg-motor-classification/legacy/model/models/base_model_90_subjects.pt,1,193,0.5555555555555556,"csp_components=6;runs=['01', '07'];target_channels=14;seed=1;val_split=0.2;filter=fir;split=calibration_curve_v2;train_runs=['01'];test_run=07;metric=test_accuracy;notes_extra=experiment=calibration_curve_v2;k=1;draw=0;recipe=fix;tag=transfer_fix_fir_k1_test07_d0_s1"
2026-08-16T00:06:27.779654,transfer,/home/connor/Desktop/eeg-motor-classification/legacy/model/models/base_model_90_subjects.pt,1,193,0.5252525252525253,"csp_components=6;runs=['01', '07'];target_channels=14;seed=2;val_split=0.2;filter=fir;split=calibration_curve_v2;train_runs=['01'];test_run=07;metric=test_accuracy;notes_extra=experiment=calibration_curve_v2;k=1;draw=0;recipe=fix;tag=transfer_fix_fir_k1_test07_d0_s2"
2026-08-16T00:06:35.532909,transfer,/home/connor/Desktop/eeg-motor-classification/legacy/model/models/base_model_90_subjects.pt,1,194,0.4545454545454545,"csp_components=6;runs=['07', '08'];target_channels=14;seed=0;val_split=0.2;filter=fir;split=calibration_curve_v2;train_runs=['08'];test_run=07;metric=test_accuracy;notes_extra=experiment=calibration_curve_v2;k=1;draw=1;recipe=fix;tag=transfer_fix_fir_k1_test07_d1_s0"
2026-08-16T00:06:40.241828,transfer,/home/connor/Desktop/eeg-motor-classification/legacy/model/models/base_model_90_subjects.pt,1,194,0.4646464646464646,"csp_components=6;runs=['07', '08'];target_channels=14;seed=1;val_split=0.2;filter=fir;split=calibration_curve_v2;train_runs=['08'];test_run=07;metric=test_accuracy;notes_extra=experiment=calibration_curve_v2;k=1;draw=1;recipe=fix;tag=transfer_fix_fir_k1_test07_d1_s1"
2026-08-16T00:06:40.389547,transfer,/home/connor/Desktop/eeg-motor-classification/legacy/model/models/base_model_90_subjects.pt,1,194,0.4545454545454545,"csp_components=6;runs=['07', '08'];target_channels=14;seed=2;val_split=0.2;filter=fir;split=calibration_curve_v2;train_runs=['08'];test_run=07;metric=test_accuracy;notes_extra=experiment=calibration_curve_v2;k=1;draw=1;recipe=fix;tag=transfer_fix_fir_k1_test07_d1_s2"
2026-08-16T00:06:53.311515,transfer,/home/connor/Desktop/eeg-motor-classification/legacy/model/models/base_model_90_subjects.pt,1,192,0.4947368421052631,"csp_components=6;runs=['04', '08'];target_channels=14;seed=0;val_split=0.2;filter=fir;split=calibration_curve_v2;train_runs=['04'];test_run=08;metric=test_accuracy;notes_extra=experiment=calibration_curve_v2;k=1;draw=0;recipe=fix;tag=transfer_fix_fir_k1_test08_d0_s0"
2026-08-16T00:06:55.978627,transfer,/home/connor/Desktop/eeg-motor-classification/legacy/model/models/base_model_90_subjects.pt,1,192,0.4842105263157895,"csp_components=6;runs=['04', '08'];target_channels=14;seed=1;val_split=0.2;filter=fir;split=calibration_curve_v2;train_runs=['04'];test_run=08;metric=test_accuracy;notes_extra=experiment=calibration_curve_v2;k=1;draw=0;recipe=fix;tag=transfer_fix_fir_k1_test08_d0_s1"
2026-08-16T00:06:58.882637,transfer,/home/connor/Desktop/eeg-motor-classification/legacy/model/models/base_model_90_subjects.pt,1,192,0.431578947368421,"csp_components=6;runs=['04', '08'];target_channels=14;seed=2;val_split=0.2;filter=fir;split=calibration_curve_v2;train_runs=['04'];test_run=08;metric=test_accuracy;notes_extra=experiment=calibration_curve_v2;k=1;draw=0;recipe=fix;tag=transfer_fix_fir_k1_test08_d0_s2"
2026-08-16T00:07:11.309043,transfer,/home/connor/Desktop/eeg-motor-classification/legacy/model/models/base_model_90_subjects.pt,1,193,0.4736842105263157,"csp_components=6;runs=['05', '08'];target_channels=14;seed=0;val_split=0.2;filter=fir;split=calibration_curve_v2;train_runs=['05'];test_run=08;metric=test_accuracy;notes_extra=experiment=calibration_curve_v2;k=1;draw=1;recipe=fix;tag=transfer_fix_fir_k1_test08_d1_s0"
2026-08-16T00:07:11.774721,transfer,/home/connor/Desktop/eeg-motor-classification/legacy/model/models/base_model_90_subjects.pt,1,193,0.4631578947368421,"csp_components=6;runs=['05', '08'];target_channels=14;seed=1;val_split=0.2;filter=fir;split=calibration_curve_v2;train_runs=['05'];test_run=08;metric=test_accuracy;notes_extra=experiment=calibration_curve_v2;k=1;draw=1;recipe=fix;tag=transfer_fix_fir_k1_test08_d1_s1"
2026-08-16T00:07:13.816312,transfer,/home/connor/Desktop/eeg-motor-classification/legacy/model/models/base_model_90_subjects.pt,1,193,0.4526315789473684,"csp_components=6;runs=['05', '08'];target_channels=14;seed=2;val_split=0.2;filter=fir;split=calibration_curve_v2;train_runs=['05'];test_run=08;metric=test_accuracy;notes_extra=experiment=calibration_curve_v2;k=1;draw=1;recipe=fix;tag=transfer_fix_fir_k1_test08_d1_s2"
2026-08-15T23:56:03.337221,transfer,/home/connor/Desktop/eeg-motor-classification/legacy/model/models/base_model_90_subjects.pt,1,286,0.4787234042553192,"csp_components=6;runs=['01', '02', '04'];target_channels=14;seed=0;val_split=0.2;filter=fir;split=calibration_curve_v2;train_runs=['02', '04'];test_run=01;metric=test_accuracy;notes_extra=experiment=calibration_curve_v2;k=2;draw=0;recipe=fix;tag=transfer_fix_fir_k2_test01_d0_s0"
2026-08-15T23:56:20.531841,transfer,/home/connor/Desktop/eeg-motor-classification/legacy/model/models/base_model_90_subjects.pt,1,286,0.4680851063829787,"csp_components=6;runs=['01', '02', '04'];target_channels=14;seed=1;val_split=0.2;filter=fir;split=calibration_curve_v2;train_runs=['02', '04'];test_run=01;metric=test_accuracy;notes_extra=experiment=calibration_curve_v2;k=2;draw=0;recipe=fix;tag=transfer_fix_fir_k2_test01_d0_s1"
2026-08-15T23:56:22.987165,transfer,/home/connor/Desktop/eeg-motor-classification/legacy/model/models/base_model_90_subjects.pt,1,286,0.4680851063829787,"csp_components=6;runs=['01', '02', '04'];target_channels=14;seed=2;val_split=0.2;filter=fir;split=calibration_curve_v2;train_runs=['02', '04'];test_run=01;metric=test_accuracy;notes_extra=experiment=calibration_curve_v2;k=2;draw=0;recipe=fix;tag=transfer_fix_fir_k2_test01_d0_s2"
2026-08-15T23:56:34.303866,transfer,/home/connor/Desktop/eeg-motor-classification/legacy/model/models/base_model_90_subjects.pt,1,287,0.5,"csp_components=6;runs=['01', '02', '06'];target_channels=14;seed=0;val_split=0.2;filter=fir;split=calibration_curve_v2;train_runs=['02', '06'];test_run=01;metric=test_accuracy;notes_extra=experiment=calibration_curve_v2;k=2;draw=1;recipe=fix;tag=transfer_fix_fir_k2_test01_d1_s0"
2026-08-15T23:56:37.902294,transfer,/home/connor/Desktop/eeg-motor-classification/legacy/model/models/base_model_90_subjects.pt,1,287,0.5,"csp_components=6;runs=['01', '02', '06'];target_channels=14;seed=1;val_split=0.2;filter=fir;split=calibration_curve_v2;train_runs=['02', '06'];test_run=01;metric=test_accuracy;notes_extra=experiment=calibration_curve_v2;k=2;draw=1;recipe=fix;tag=transfer_fix_fir_k2_test01_d1_s1"
2026-08-15T23:56:44.229949,transfer,/home/connor/Desktop/eeg-motor-classification/legacy/model/models/base_model_90_subjects.pt,1,287,0.4893617021276595,"csp_components=6;runs=['01', '02', '06'];target_channels=14;seed=2;val_split=0.2;filter=fir;split=calibration_curve_v2;train_runs=['02', '06'];test_run=01;metric=test_accuracy;notes_extra=experiment=calibration_curve_v2;k=2;draw=1;recipe=fix;tag=transfer_fix_fir_k2_test01_d1_s2"
2026-08-15T23:57:00.732804,transfer,/home/connor/Desktop/eeg-motor-classification/legacy/model/models/base_model_90_subjects.pt,1,288,0.4947368421052631,"csp_components=6;runs=['01', '02', '07'];target_channels=14;seed=0;val_split=0.2;filter=fir;split=calibration_curve_v2;train_runs=['01', '07'];test_run=02;metric=test_accuracy;notes_extra=experiment=calibration_curve_v2;k=2;draw=0;recipe=fix;tag=transfer_fix_fir_k2_test02_d0_s0"
2026-08-15T23:57:03.954763,transfer,/home/connor/Desktop/eeg-motor-classification/legacy/model/models/base_model_90_subjects.pt,1,288,0.5052631578947369,"csp_components=6;runs=['01', '02', '07'];target_channels=14;seed=1;val_split=0.2;filter=fir;split=calibration_curve_v2;train_runs=['01', '07'];test_run=02;metric=test_accuracy;notes_extra=experiment=calibration_curve_v2;k=2;draw=0;recipe=fix;tag=transfer_fix_fir_k2_test02_d0_s1"
2026-08-15T23:57:06.240829,transfer,/home/connor/Desktop/eeg-motor-classification/legacy/model/models/base_model_90_subjects.pt,1,288,0.5368421052631579,"csp_components=6;runs=['01', '02', '07'];target_channels=14;seed=2;val_split=0.2;filter=fir;split=calibration_curve_v2;train_runs=['01', '07'];test_run=02;metric=test_accuracy;notes_extra=experiment=calibration_curve_v2;k=2;draw=0;recipe=fix;tag=transfer_fix_fir_k2_test02_d0_s2"
2026-08-15T23:57:23.336409,transfer,/home/connor/Desktop/eeg-motor-classification/legacy/model/models/base_model_90_subjects.pt,1,290,0.4842105263157895,"csp_components=6;runs=['02', '04', '06'];target_channels=14;seed=0;val_split=0.2;filter=fir;split=calibration_curve_v2;train_runs=['04', '06'];test_run=02;metric=test_accuracy;notes_extra=experiment=calibration_curve_v2;k=2;draw=1;recipe=fix;tag=transfer_fix_fir_k2_test02_d1_s0"
2026-08-15T23:57:27.687530,transfer,/home/connor/Desktop/eeg-motor-classification/legacy/model/models/base_model_90_subjects.pt,1,290,0.4947368421052631,"csp_components=6;runs=['02', '04', '06'];target_channels=14;seed=1;val_split=0.2;filter=fir;split=calibration_curve_v2;train_runs=['04', '06'];test_run=02;metric=test_accuracy;notes_extra=experiment=calibration_curve_v2;k=2;draw=1;recipe=fix;tag=transfer_fix_fir_k2_test02_d1_s1"
2026-08-15T23:57:30.554639,transfer,/home/connor/Desktop/eeg-motor-classification/legacy/model/models/base_model_90_subjects.pt,1,290,0.4947368421052631,"csp_components=6;runs=['02', '04', '06'];target_channels=14;seed=2;val_split=0.2;filter=fir;split=calibration_curve_v2;train_runs=['04', '06'];test_run=02;metric=test_accuracy;notes_extra=experiment=calibration_curve_v2;k=2;draw=1;recipe=fix;tag=transfer_fix_fir_k2_test02_d1_s2"
2026-08-15T23:57:52.119627,transfer,/home/connor/Desktop/eeg-motor-classification/legacy/model/models/base_model_90_subjects.pt,1,290,0.4639175257731959,"csp_components=6;runs=['01', '03', '07'];target_channels=14;seed=0;val_split=0.2;filter=fir;split=calibration_curve_v2;train_runs=['01', '07'];test_run=03;metric=test_accuracy;notes_extra=experiment=calibration_curve_v2;k=2;draw=0;recipe=fix;tag=transfer_fix_fir_k2_test03_d0_s0"
2026-08-15T23:57:52.881873,transfer,/home/connor/Desktop/eeg-motor-classification/legacy/model/models/base_model_90_subjects.pt,1,290,0.4639175257731959,"csp_components=6;runs=['01', '03', '07'];target_channels=14;seed=1;val_split=0.2;filter=fir;split=calibration_curve_v2;train_runs=['01', '07'];test_run=03;metric=test_accuracy;notes_extra=experiment=calibration_curve_v2;k=2;draw=0;recipe=fix;tag=transfer_fix_fir_k2_test03_d0_s1"
2026-08-15T23:57:59.540402,transfer,/home/connor/Desktop/eeg-motor-classification/legacy/model/models/base_model_90_subjects.pt,1,290,0.4536082474226804,"csp_components=6;runs=['01', '03', '07'];target_channels=14;seed=2;val_split=0.2;filter=fir;split=calibration_curve_v2;train_runs=['01', '07'];test_run=03;metric=test_accuracy;notes_extra=experiment=calibration_curve_v2;k=2;draw=0;recipe=fix;tag=transfer_fix_fir_k2_test03_d0_s2"
2026-08-15T23:58:15.097263,transfer,/home/connor/Desktop/eeg-motor-classification/legacy/model/models/base_model_90_subjects.pt,1,294,0.5051546391752577,"csp_components=6;runs=['03', '06', '07'];target_channels=14;seed=0;val_split=0.2;filter=fir;split=calibration_curve_v2;train_runs=['06', '07'];test_run=03;metric=test_accuracy;notes_extra=experiment=calibration_curve_v2;k=2;draw=1;recipe=fix;tag=transfer_fix_fir_k2_test03_d1_s0"
2026-08-15T23:58:17.803446,transfer,/home/connor/Desktop/eeg-motor-classification/legacy/model/models/base_model_90_subjects.pt,1,294,0.5360824742268041,"csp_components=6;runs=['03', '06', '07'];target_channels=14;seed=1;val_split=0.2;filter=fir;split=calibration_curve_v2;train_runs=['06', '07'];test_run=03;metric=test_accuracy;notes_extra=experiment=calibration_curve_v2;k=2;draw=1;recipe=fix;tag=transfer_fix_fir_k2_test03_d1_s1"
2026-08-15T23:58:27.163437,transfer,/home/connor/Desktop/eeg-motor-classification/legacy/model/models/base_model_90_subjects.pt,1,294,0.5154639175257731,"csp_components=6;runs=['03', '06', '07'];target_channels=14;seed=2;val_split=0.2;filter=fir;split=calibration_curve_v2;train_runs=['06', '07'];test_run=03;metric=test_accuracy;notes_extra=experiment=calibration_curve_v2;k=2;draw=1;recipe=fix;tag=transfer_fix_fir_k2_test03_d1_s2"
2026-08-15T23:58:41.459694,transfer,/home/connor/Desktop/eeg-motor-classification/legacy/model/models/base_model_90_subjects.pt,1,289,0.4639175257731959,"csp_components=6;runs=['01', '04', '06'];target_channels=14;seed=0;val_split=0.2;filter=fir;split=calibration_curve_v2;train_runs=['01', '06'];test_run=04;metric=test_accuracy;notes_extra=experiment=calibration_curve_v2;k=2;draw=0;recipe=fix;tag=transfer_fix_fir_k2_test04_d0_s0"
2026-08-15T23:58:45.891812,transfer,/home/connor/Desktop/eeg-motor-classification/legacy/model/models/base_model_90_subjects.pt,1,289,0.4948453608247423,"csp_components=6;runs=['01', '04', '06'];target_channels=14;seed=1;val_split=0.2;filter=fir;split=calibration_curve_v2;train_runs=['01', '06'];test_run=04;metric=test_accuracy;notes_extra=experiment=calibration_curve_v2;k=2;draw=0;recipe=fix;tag=transfer_fix_fir_k2_test04_d0_s1"
2026-08-15T23:58:50.982094,transfer,/home/connor/Desktop/eeg-motor-classification/legacy/model/models/base_model_90_subjects.pt,1,289,0.4432989690721649,"csp_components=6;runs=['01', '04', '06'];target_channels=14;seed=2;val_split=0.2;filter=fir;split=calibration_curve_v2;train_runs=['01', '06'];test_run=04;metric=test_accuracy;notes_extra=experiment=calibration_curve_v2;k=2;draw=0;recipe=fix;tag=transfer_fix_fir_k2_test04_d0_s2"
2026-08-15T23:59:06.121178,transfer,/home/connor/Desktop/eeg-motor-classification/legacy/model/models/base_model_90_subjects.pt,1,290,0.4845360824742268,"csp_components=6;runs=['04', '06', '08'];target_channels=14;seed=0;val_split=0.2;filter=fir;split=calibration_curve_v2;train_runs=['06', '08'];test_run=04;metric=test_accuracy;notes_extra=experiment=calibration_curve_v2;k=2;draw=1;recipe=fix;tag=transfer_fix_fir_k2_test04_d1_s0"
2026-08-15T23:59:11.387745,transfer,/home/connor/Desktop/eeg-motor-classification/legacy/model/models/base_model_90_subjects.pt,1,290,0.4639175257731959,"csp_components=6;runs=['04', '06', '08'];target_channels=14;seed=1;val_split=0.2;filter=fir;split=calibration_curve_v2;train_runs=['06', '08'];test_run=04;metric=test_accuracy;notes_extra=experiment=calibration_curve_v2;k=2;draw=1;recipe=fix;tag=transfer_fix_fir_k2_test04_d1_s1"
2026-08-15T23:59:14.929615,transfer,/home/connor/Desktop/eeg-motor-classification/legacy/model/models/base_model_90_subjects.pt,1,290,0.4845360824742268,"csp_components=6;runs=['04', '06', '08'];target_channels=14;seed=2;val_split=0.2;filter=fir;split=calibration_curve_v2;train_runs=['06', '08'];test_run=04;metric=test_accuracy;notes_extra=experiment=calibration_curve_v2;k=2;draw=1;recipe=fix;tag=transfer_fix_fir_k2_test04_d1_s2"
2026-08-15T23:59:31.248710,transfer,/home/connor/Desktop/eeg-motor-classification/legacy/model/models/base_model_90_subjects.pt,1,289,0.4693877551020408,"csp_components=6;runs=['01', '04', '05'];target_channels=14;seed=0;val_split=0.2;filter=fir;split=calibration_curve_v2;train_runs=['01', '04'];test_run=05;metric=test_accuracy;notes_extra=experiment=calibration_curve_v2;k=2;draw=0;recipe=fix;tag=transfer_fix_fir_k2_test05_d0_s0"
2026-08-15T23:59:34.114913,transfer,/home/connor/Desktop/eeg-motor-classification/legacy/model/models/base_model_90_subjects.pt,1,289,0.4897959183673469,"csp_components=6;runs=['01', '04', '05'];target_channels=14;seed=1;val_split=0.2;filter=fir;split=calibration_curve_v2;train_runs=['01', '04'];test_run=05;metric=test_accuracy;notes_extra=experiment=calibration_curve_v2;k=2;draw=0;recipe=fix;tag=transfer_fix_fir_k2_test05_d0_s1"
2026-08-15T23:59:38.625077,transfer,/home/connor/Desktop/eeg-motor-classification/legacy/model/models/base_model_90_subjects.pt,1,289,0.4387755102040816,"csp_components=6;runs=['01', '04', '05'];target_channels=14;seed=2;val_split=0.2;filter=fir;split=calibration_curve_v2;train_runs=['01', '04'];test_run=05;metric=test_accuracy;notes_extra=experiment=calibration_curve_v2;k=2;draw=0;recipe=fix;tag=transfer_fix_fir_k2_test05_d0_s2"
2026-08-15T23:59:57.694443,transfer,/home/connor/Desktop/eeg-motor-classification/legacy/model/models/base_model_90_subjects.pt,1,290,0.4897959183673469,"csp_components=6;runs=['02', '04', '05'];target_channels=14;seed=0;val_split=0.2;filter=fir;split=calibration_curve_v2;train_runs=['02', '04'];test_run=05;metric=test_accuracy;notes_extra=experiment=calibration_curve_v2;k=2;draw=1;recipe=fix;tag=transfer_fix_fir_k2_test05_d1_s0"
2026-08-16T00:00:00.999439,transfer,/home/connor/Desktop/eeg-motor-classification/legacy/model/models/base_model_90_subjects.pt,1,290,0.4591836734693877,"csp_components=6;runs=['02', '04', '05'];target_channels=14;seed=1;val_split=0.2;filter=fir;split=calibration_curve_v2;train_runs=['02', '04'];test_run=05;metric=test_accuracy;notes_extra=experiment=calibration_curve_v2;k=2;draw=1;recipe=fix;tag=transfer_fix_fir_k2_test05_d1_s1"
2026-08-16T00:00:10.021491,transfer,/home/connor/Desktop/eeg-motor-classification/legacy/model/models/base_model_90_subjects.pt,1,290,0.4591836734693877,"csp_components=6;runs=['02', '04', '05'];target_channels=14;seed=2;val_split=0.2;filter=fir;split=calibration_curve_v2;train_runs=['02', '04'];test_run=05;metric=test_accuracy;notes_extra=experiment=calibration_curve_v2;k=2;draw=1;recipe=fix;tag=transfer_fix_fir_k2_test05_d1_s2"
2026-08-16T00:00:23.962626,transfer,/home/connor/Desktop/eeg-motor-classification/legacy/model/models/base_model_90_subjects.pt,1,291,0.4693877551020408,"csp_components=6;runs=['01', '06', '07'];target_channels=14;seed=0;val_split=0.2;filter=fir;split=calibration_curve_v2;train_runs=['01', '07'];test_run=06;metric=test_accuracy;notes_extra=experiment=calibration_curve_v2;k=2;draw=0;recipe=fix;tag=transfer_fix_fir_k2_test06_d0_s0"
2026-08-16T00:00:27.432205,transfer,/home/connor/Desktop/eeg-motor-classification/legacy/model/models/base_model_90_subjects.pt,1,291,0.4387755102040816,"csp_components=6;runs=['01', '06', '07'];target_channels=14;seed=1;val_split=0.2;filter=fir;split=calibration_curve_v2;train_runs=['01', '07'];test_run=06;metric=test_accuracy;notes_extra=experiment=calibration_curve_v2;k=2;draw=0;recipe=fix;tag=transfer_fix_fir_k2_test06_d0_s1"
2026-08-16T00:00:34.854147,transfer,/home/connor/Desktop/eeg-motor-classification/legacy/model/models/base_model_90_subjects.pt,1,291,0.4897959183673469,"csp_components=6;runs=['01', '06', '07'];target_channels=14;seed=2;val_split=0.2;filter=fir;split=calibration_curve_v2;train_runs=['01', '07'];test_run=06;metric=test_accuracy;notes_extra=experiment=calibration_curve_v2;k=2;draw=0;recipe=fix;tag=transfer_fix_fir_k2_test06_d0_s2"
2026-08-16T00:00:50.405203,transfer,/home/connor/Desktop/eeg-motor-classification/legacy/model/models/base_model_90_subjects.pt,1,293,0.4795918367346938,"csp_components=6;runs=['04', '05', '06'];target_channels=14;seed=0;val_split=0.2;filter=fir;split=calibration_curve_v2;train_runs=['04', '05'];test_run=06;metric=test_accuracy;notes_extra=experiment=calibration_curve_v2;k=2;draw=1;recipe=fix;tag=transfer_fix_fir_k2_test06_d1_s0"
2026-08-16T00:00:53.546295,transfer,/home/connor/Desktop/eeg-motor-classification/legacy/model/models/base_model_90_subjects.pt,1,293,0.4285714285714285,"csp_components=6;runs=['04', '05', '06'];target_channels=14;seed=1;val_split=0.2;filter=fir;split=calibration_curve_v2;train_runs=['04', '05'];test_run=06;metric=test_accuracy;notes_extra=experiment=calibration_curve_v2;k=2;draw=1;recipe=fix;tag=transfer_fix_fir_k2_test06_d1_s1"
2026-08-16T00:00:59.664581,transfer,/home/connor/Desktop/eeg-motor-classification/legacy/model/models/base_model_90_subjects.pt,1,293,0.4285714285714285,"csp_components=6;runs=['04', '05', '06'];target_channels=14;seed=2;val_split=0.2;filter=fir;split=calibration_curve_v2;train_runs=['04', '05'];test_run=06;metric=test_accuracy;notes_extra=experiment=calibration_curve_v2;k=2;draw=1;recipe=fix;tag=transfer_fix_fir_k2_test06_d1_s2"
2026-08-16T00:01:15.401524,transfer,/home/connor/Desktop/eeg-motor-classification/legacy/model/models/base_model_90_subjects.pt,1,288,0.494949494949495,"csp_components=6;runs=['01', '07', '08'];target_channels=14;seed=0;val_split=0.2;filter=fir;split=calibration_curve_v2;train_runs=['01', '08'];test_run=07;metric=test_accuracy;notes_extra=experiment=calibration_curve_v2;k=2;draw=0;recipe=fix;tag=transfer_fix_fir_k2_test07_d0_s0"
2026-08-16T00:01:17.397654,transfer,/home/connor/Desktop/eeg-motor-classification/legacy/model/models/base_model_90_subjects.pt,1,288,0.5353535353535354,"csp_components=6;runs=['01', '07', '08'];target_channels=14;seed=1;val_split=0.2;filter=fir;split=calibration_curve_v2;train_runs=['01', '08'];test_run=07;metric=test_accuracy;notes_extra=experiment=calibration_curve_v2;k=2;draw=0;recipe=fix;tag=transfer_fix_fir_k2_test07_d0_s1"
2026-08-16T00:01:24.364989,transfer,/home/connor/Desktop/eeg-motor-classification/legacy/model/models/base_model_90_subjects.pt,1,288,0.5151515151515151,"csp_components=6;runs=['01', '07', '08'];target_channels=14;seed=2;val_split=0.2;filter=fir;split=calibration_curve_v2;train_runs=['01', '08'];test_run=07;metric=test_accuracy;notes_extra=experiment=calibration_curve_v2;k=2;draw=0;recipe=fix;tag=transfer_fix_fir_k2_test07_d0_s2"
2026-08-16T00:01:40.697832,transfer,/home/connor/Desktop/eeg-motor-classification/legacy/model/models/base_model_90_subjects.pt,1,292,0.4747474747474747,"csp_components=6;runs=['02', '06', '07'];target_channels=14;seed=0;val_split=0.2;filter=fir;split=calibration_curve_v2;train_runs=['02', '06'];test_run=07;metric=test_accuracy;notes_extra=experiment=calibration_curve_v2;k=2;draw=1;recipe=fix;tag=transfer_fix_fir_k2_test07_d1_s0"
2026-08-16T00:01:43.461553,transfer,/home/connor/Desktop/eeg-motor-classification/legacy/model/models/base_model_90_subjects.pt,1,292,0.5050505050505051,"csp_components=6;runs=['02', '06', '07'];target_channels=14;seed=1;val_split=0.2;filter=fir;split=calibration_curve_v2;train_runs=['02', '06'];test_run=07;metric=test_accuracy;notes_extra=experiment=calibration_curve_v2;k=2;draw=1;recipe=fix;tag=transfer_fix_fir_k2_test07_d1_s1"
2026-08-16T00:01:50.069014,transfer,/home/connor/Desktop/eeg-motor-classification/legacy/model/models/base_model_90_subjects.pt,1,292,0.5050505050505051,"csp_components=6;runs=['02', '06', '07'];target_channels=14;seed=2;val_split=0.2;filter=fir;split=calibration_curve_v2;train_runs=['02', '06'];test_run=07;metric=test_accuracy;notes_extra=experiment=calibration_curve_v2;k=2;draw=1;recipe=fix;tag=transfer_fix_fir_k2_test07_d1_s2"
2026-08-16T00:02:03.643429,transfer,/home/connor/Desktop/eeg-motor-classification/legacy/model/models/base_model_90_subjects.pt,1,288,0.4210526315789473,"csp_components=6;runs=['02', '05', '08'];target_channels=14;seed=0;val_split=0.2;filter=fir;split=calibration_curve_v2;train_runs=['02', '05'];test_run=08;metric=test_accuracy;notes_extra=experiment=calibration_curve_v2;k=2;draw=0;recipe=fix;tag=transfer_fix_fir_k2_test08_d0_s0"
2026-08-16T00:02:07.879309,transfer,/home/connor/Desktop/eeg-motor-classification/legacy/model/models/base_model_90_subjects.pt,1,288,0.4105263157894737,"csp_components=6;runs=['02', '05', '08'];target_channels=14;seed=1;val_split=0.2;filter=fir;split=calibration_curve_v2;train_runs=['02', '05'];test_run=08;metric=test_accuracy;notes_extra=experiment=calibration_curve_v2;k=2;draw=0;recipe=fix;tag=transfer_fix_fir_k2_test08_d0_s1"
2026-08-16T00:02:13.020277,transfer,/home/connor/Desktop/eeg-motor-classification/legacy/model/models/base_model_90_subjects.pt,1,288,0.4631578947368421,"csp_components=6;runs=['02', '05', '08'];target_channels=14;seed=2;val_split=0.2;filter=fir;split=calibration_curve_v2;train_runs=['02', '05'];test_run=08;metric=test_accuracy;notes_extra=experiment=calibration_curve_v2;k=2;draw=0;recipe=fix;tag=transfer_fix_fir_k2_test08_d0_s2"
2026-08-16T00:02:32.292065,transfer,/home/connor/Desktop/eeg-motor-classification/legacy/model/models/base_model_90_subjects.pt,1,291,0.4736842105263157,"csp_components=6;runs=['04', '07', '08'];target_channels=14;seed=0;val_split=0.2;filter=fir;split=calibration_curve_v2;train_runs=['04', '07'];test_run=08;metric=test_accuracy;notes_extra=experiment=calibration_curve_v2;k=2;draw=1;recipe=fix;tag=transfer_fix_fir_k2_test08_d1_s0"
2026-08-16T00:02:32.503391,transfer,/home/connor/Desktop/eeg-motor-classification/legacy/model/models/base_model_90_subjects.pt,1,291,0.4736842105263157,"csp_components=6;runs=['04', '07', '08'];target_channels=14;seed=1;val_split=0.2;filter=fir;split=calibration_curve_v2;train_runs=['04', '07'];test_run=08;metric=test_accuracy;notes_extra=experiment=calibration_curve_v2;k=2;draw=1;recipe=fix;tag=transfer_fix_fir_k2_test08_d1_s1"
2026-08-16T00:02:34.743424,transfer,/home/connor/Desktop/eeg-motor-classification/legacy/model/models/base_model_90_subjects.pt,1,291,0.4736842105263157,"csp_components=6;runs=['04', '07', '08'];target_channels=14;seed=2;val_split=0.2;filter=fir;split=calibration_curve_v2;train_runs=['04', '07'];test_run=08;metric=test_accuracy;notes_extra=experiment=calibration_curve_v2;k=2;draw=1;recipe=fix;tag=transfer_fix_fir_k2_test08_d1_s2"
2026-08-15T23:04:51.508193,transfer,/home/connor/Desktop/eeg-motor-classification/legacy/model/models/base_model_90_subjects.pt,1,486,0.5106382978723404,"csp_components=6;runs=['01', '03', '05', '06', '07'];target_channels=14;seed=0;val_split=0.2;filter=fir;split=calibration_curve_v2;train_runs=['03', '05', '06', '07'];test_run=01;metric=test_accuracy;notes_extra=experiment=calibration_curve_v2;k=4;draw=0;recipe=fix;tag=transfer_fix_fir_k4_test01_d0_s0"
2026-08-15T23:05:04.024631,transfer,/home/connor/Desktop/eeg-motor-classification/legacy/model/models/base_model_90_subjects.pt,1,486,0.5,"csp_components=6;runs=['01', '03', '05', '06', '07'];target_channels=14;seed=1;val_split=0.2;filter=fir;split=calibration_curve_v2;train_runs=['03', '05', '06', '07'];test_run=01;metric=test_accuracy;notes_extra=experiment=calibration_curve_v2;k=4;draw=0;recipe=fix;tag=transfer_fix_fir_k4_test01_d0_s1"
2026-08-15T23:05:10.688686,transfer,/home/connor/Desktop/eeg-motor-classification/legacy/model/models/base_model_90_subjects.pt,1,486,0.5,"csp_components=6;runs=['01', '03', '05', '06', '07'];target_channels=14;seed=2;val_split=0.2;filter=fir;split=calibration_curve_v2;train_runs=['03', '05', '06', '07'];test_run=01;metric=test_accuracy;notes_extra=experiment=calibration_curve_v2;k=4;draw=0;recipe=fix;tag=transfer_fix_fir_k4_test01_d0_s2"
2026-08-15T23:25:46.852793,transfer,/home/connor/Desktop/eeg-motor-classification/legacy/model/models/base_model_90_subjects.pt,1,483,0.5106382978723404,"csp_components=6;runs=['01', '03', '05', '07', '08'];target_channels=14;seed=0;val_split=0.2;filter=fir;split=calibration_curve_v2;train_runs=['03', '05', '07', '08'];test_run=01;metric=test_accuracy;notes_extra=experiment=calibration_curve_v2;k=4;draw=1;recipe=fix;tag=transfer_fix_fir_k4_test01_d1_s0"
2026-08-15T23:25:47.335383,transfer,/home/connor/Desktop/eeg-motor-classification/legacy/model/models/base_model_90_subjects.pt,1,483,0.4680851063829787,"csp_components=6;runs=['01', '03', '05', '07', '08'];target_channels=14;seed=1;val_split=0.2;filter=fir;split=calibration_curve_v2;train_runs=['03', '05', '07', '08'];test_run=01;metric=test_accuracy;notes_extra=experiment=calibration_curve_v2;k=4;draw=1;recipe=fix;tag=transfer_fix_fir_k4_test01_d1_s1"
2026-08-15T23:25:46.884258,transfer,/home/connor/Desktop/eeg-motor-classification/legacy/model/models/base_model_90_subjects.pt,1,483,0.4893617021276595,"csp_components=6;runs=['01', '03', '05', '07', '08'];target_channels=14;seed=2;val_split=0.2;filter=fir;split=calibration_curve_v2;train_runs=['03', '05', '07', '08'];test_run=01;metric=test_accuracy;notes_extra=experiment=calibration_curve_v2;k=4;draw=1;recipe=fix;tag=transfer_fix_fir_k4_test01_d1_s2"
2026-08-15T23:27:20.779394,transfer,/home/connor/Desktop/eeg-motor-classification/legacy/model/models/base_model_90_subjects.pt,1,480,0.5052631578947369,"csp_components=6;runs=['01', '02', '03', '07', '08'];target_channels=14;seed=0;val_split=0.2;filter=fir;split=calibration_curve_v2;train_runs=['01', '03', '07', '08'];test_run=02;metric=test_accuracy;notes_extra=experiment=calibration_curve_v2;k=4;draw=0;recipe=fix;tag=transfer_fix_fir_k4_test02_d0_s0"
2026-08-15T23:27:26.279950,transfer,/home/connor/Desktop/eeg-motor-classification/legacy/model/models/base_model_90_subjects.pt,1,480,0.4631578947368421,"csp_components=6;runs=['01', '02', '03', '07', '08'];target_channels=14;seed=1;val_split=0.2;filter=fir;split=calibration_curve_v2;train_runs=['01', '03', '07', '08'];test_run=02;metric=test_accuracy;notes_extra=experiment=calibration_curve_v2;k=4;draw=0;recipe=fix;tag=transfer_fix_fir_k4_test02_d0_s1"
2026-08-15T23:27:25.871680,transfer,/home/connor/Desktop/eeg-motor-classification/legacy/model/models/base_model_90_subjects.pt,1,480,0.5157894736842106,"csp_components=6;runs=['01', '02', '03', '07', '08'];target_channels=14;seed=2;val_split=0.2;filter=fir;split=calibration_curve_v2;train_runs=['01', '03', '07', '08'];test_run=02;metric=test_accuracy;notes_extra=experiment=calibration_curve_v2;k=4;draw=0;recipe=fix;tag=transfer_fix_fir_k4_test02_d0_s2"
2026-08-15T23:28:16.593794,transfer,/home/connor/Desktop/eeg-motor-classification/legacy/model/models/base_model_90_subjects.pt,1,485,0.5578947368421052,"csp_components=6;runs=['02', '05', '06', '07', '08'];target_channels=14;seed=0;val_split=0.2;filter=fir;split=calibration_curve_v2;train_runs=['05', '06', '07', '08'];test_run=02;metric=test_accuracy;notes_extra=experiment=calibration_curve_v2;k=4;draw=1;recipe=fix;tag=transfer_fix_fir_k4_test02_d1_s0"
2026-08-15T23:28:17.086183,transfer,/home/connor/Desktop/eeg-motor-classification/legacy/model/models/base_model_90_subjects.pt,1,485,0.5157894736842106,"csp_components=6;runs=['02', '05', '06', '07', '08'];target_channels=14;seed=1;val_split=0.2;filter=fir;split=calibration_curve_v2;train_runs=['05', '06', '07', '08'];test_run=02;metric=test_accuracy;notes_extra=experiment=calibration_curve_v2;k=4;draw=1;recipe=fix;tag=transfer_fix_fir_k4_test02_d1_s1"
2026-08-15T23:28:22.202428,transfer,/home/connor/Desktop/eeg-motor-classification/legacy/model/models/base_model_90_subjects.pt,1,485,0.5263157894736842,"csp_components=6;runs=['02', '05', '06', '07', '08'];target_channels=14;seed=2;val_split=0.2;filter=fir;split=calibration_curve_v2;train_runs=['05', '06', '07', '08'];test_run=02;metric=test_accuracy;notes_extra=experiment=calibration_curve_v2;k=4;draw=1;recipe=fix;tag=transfer_fix_fir_k4_test02_d1_s2"
2026-08-15T23:29:49.726390,transfer,/home/connor/Desktop/eeg-motor-classification/legacy/model/models/base_model_90_subjects.pt,1,481,0.4536082474226804,"csp_components=6;runs=['01', '03', '04', '06', '08'];target_channels=14;seed=0;val_split=0.2;filter=fir;split=calibration_curve_v2;train_runs=['01', '04', '06', '08'];test_run=03;metric=test_accuracy;notes_extra=experiment=calibration_curve_v2;k=4;draw=0;recipe=fix;tag=transfer_fix_fir_k4_test03_d0_s0"
2026-08-15T23:29:50.089715,transfer,/home/connor/Desktop/eeg-motor-classification/legacy/model/models/base_model_90_subjects.pt,1,481,0.4845360824742268,"csp_components=6;runs=['01', '03', '04', '06', '08'];target_channels=14;seed=1;val_split=0.2;filter=fir;split=calibration_curve_v2;train_runs=['01', '04', '06', '08'];test_run=03;metric=test_accuracy;notes_extra=experiment=calibration_curve_v2;k=4;draw=0;recipe=fix;tag=transfer_fix_fir_k4_test03_d0_s1"
2026-08-15T23:48:01.483791,transfer,/home/connor/Desktop/eeg-motor-classification/legacy/model/models/base_model_90_subjects.pt,1,481,0.4536082474226804,"csp_components=6;runs=['01', '03', '04', '06', '08'];target_channels=14;seed=2;val_split=0.2;filter=fir;split=calibration_curve_v2;train_runs=['01', '04', '06', '08'];test_run=03;metric=test_accuracy;notes_extra=experiment=calibration_curve_v2;k=4;draw=0;recipe=fix;tag=transfer_fix_fir_k4_test03_d0_s2"
2026-08-15T23:48:28.105003,transfer,/home/connor/Desktop/eeg-motor-classification/legacy/model/models/base_model_90_subjects.pt,1,484,0.4742268041237113,"csp_components=6;runs=['02', '03', '06', '07', '08'];target_channels=14;seed=0;val_split=0.2;filter=fir;split=calibration_curve_v2;train_runs=['02', '06', '07', '08'];test_run=03;metric=test_accuracy;notes_extra=experiment=calibration_curve_v2;k=4;draw=1;recipe=fix;tag=transfer_fix_fir_k4_test03_d1_s0"
2026-08-15T23:48:34.502709,transfer,/home/connor/Desktop/eeg-motor-classification/legacy/model/models/base_model_90_subjects.pt,1,484,0.4845360824742268,"csp_components=6;runs=['02', '03', '06', '07', '08'];target_channels=14;seed=1;val_split=0.2;filter=fir;split=calibration_curve_v2;train_runs=['02', '06', '07', '08'];test_run=03;metric=test_accuracy;notes_extra=experiment=calibration_curve_v2;k=4;draw=1;recipe=fix;tag=transfer_fix_fir_k4_test03_d1_s1"
2026-08-15T23:48:36.037600,transfer,/home/connor/Desktop/eeg-motor-classification/legacy/model/models/base_model_90_subjects.pt,1,484,0.4742268041237113,"csp_components=6;runs=['02', '03', '06', '07', '08'];target_channels=14;seed=2;val_split=0.2;filter=fir;split=calibration_curve_v2;train_runs=['02', '06', '07', '08'];test_run=03;metric=test_accuracy;notes_extra=experiment=calibration_curve_v2;k=4;draw=1;recipe=fix;tag=transfer_fix_fir_k4_test03_d1_s2"
2026-08-15T23:49:07.220699,transfer,/home/connor/Desktop/eeg-motor-classification/legacy/model/models/base_model_90_subjects.pt,1,486,0.4948453608247423,"csp_components=6;runs=['01', '04', '05', '06', '07'];target_channels=14;seed=0;val_split=0.2;filter=fir;split=calibration_curve_v2;train_runs=['01', '05', '06', '07'];test_run=04;metric=test_accuracy;notes_extra=experiment=calibration_curve_v2;k=4;draw=0;recipe=fix;tag=transfer_fix_fir_k4_test04_d0_s0"
2026-08-15T23:49:15.132069,transfer,/home/connor/Desktop/eeg-motor-classification/legacy/model/models/base_model_90_subjects.pt,1,486,0.4948453608247423,"csp_components=6;runs=['01', '04', '05', '06', '07'];target_channels=14;seed=1;val_split=0.2;filter=fir;split=calibration_curve_v2;train_runs=['01', '05', '06', '07'];test_run=04;metric=test_accuracy;notes_extra=experiment=calibration_curve_v2;k=4;draw=0;recipe=fix;tag=transfer_fix_fir_k4_test04_d0_s1"
2026-08-15T23:49:17.010419,transfer,/home/connor/Desktop/eeg-motor-classification/legacy/model/models/base_model_90_subjects.pt,1,486,0.4948453608247423,"csp_components=6;runs=['01', '04', '05', '06', '07'];target_channels=14;seed=2;val_split=0.2;filter=fir;split=calibration_curve_v2;train_runs=['01', '05', '06', '07'];test_run=04;metric=test_accuracy;notes_extra=experiment=calibration_curve_v2;k=4;draw=0;recipe=fix;tag=transfer_fix_fir_k4_test04_d0_s2"
2026-08-15T23:49:48.916961,transfer,/home/connor/Desktop/eeg-motor-classification/legacy/model/models/base_model_90_subjects.pt,1,486,0.4536082474226804,"csp_components=6;runs=['03', '04', '05', '07', '08'];target_channels=14;seed=0;val_split=0.2;filter=fir;split=calibration_curve_v2;train_runs=['03', '05', '07', '08'];test_run=04;metric=test_accuracy;notes_extra=experiment=calibration_curve_v2;k=4;draw=1;recipe=fix;tag=transfer_fix_fir_k4_test04_d1_s0"
2026-08-15T23:49:54.105033,transfer,/home/connor/Desktop/eeg-motor-classification/legacy/model/models/base_model_90_subjects.pt,1,486,0.4845360824742268,"csp_components=6;runs=['03', '04', '05', '07', '08'];target_channels=14;seed=1;val_split=0.2;filter=fir;split=calibration_curve_v2;train_runs=['03', '05', '07', '08'];test_run=04;metric=test_accuracy;notes_extra=experiment=calibration_curve_v2;k=4;draw=1;recipe=fix;tag=transfer_fix_fir_k4_test04_d1_s1"
2026-08-15T23:50:04.516943,transfer,/home/connor/Desktop/eeg-motor-classification/legacy/model/models/base_model_90_subjects.pt,1,486,0.5051546391752577,"csp_components=6;runs=['03', '04', '05', '07', '08'];target_channels=14;seed=2;val_split=0.2;filter=fir;split=calibration_curve_v2;train_runs=['03', '05', '07', '08'];test_run=04;metric=test_accuracy;notes_extra=experiment=calibration_curve_v2;k=4;draw=1;recipe=fix;tag=transfer_fix_fir_k4_test04_d1_s2"
2026-08-15T23:50:32.066942,transfer,/home/connor/Desktop/eeg-motor-classification/legacy/model/models/base_model_90_subjects.pt,1,479,0.4081632653061224,"csp_components=6;runs=['01', '02', '03', '05', '08'];target_channels=14;seed=0;val_split=0.2;filter=fir;split=calibration_curve_v2;train_runs=['01', '02', '03', '08'];test_run=05;metric=test_accuracy;notes_extra=experiment=calibration_curve_v2;k=4;draw=0;recipe=fix;tag=transfer_fix_fir_k4_test05_d0_s0"
2026-08-15T23:50:37.033013,transfer,/home/connor/Desktop/eeg-motor-classification/legacy/model/models/base_model_90_subjects.pt,1,479,0.4795918367346938,"csp_components=6;runs=['01', '02', '03', '05', '08'];target_channels=14;seed=1;val_split=0.2;filter=fir;split=calibration_curve_v2;train_runs=['01', '02', '03', '08'];test_run=05;metric=test_accuracy;notes_extra=experiment=calibration_curve_v2;k=4;draw=0;recipe=fix;tag=transfer_fix_fir_k4_test05_d0_s1"
2026-08-15T23:50:47.411132,transfer,/home/connor/Desktop/eeg-motor-classification/legacy/model/models/base_model_90_subjects.pt,1,479,0.4285714285714285,"csp_components=6;runs=['01', '02', '03', '05', '08'];target_channels=14;seed=2;val_split=0.2;filter=fir;split=calibration_curve_v2;train_runs=['01', '02', '03', '08'];test_run=05;metric=test_accuracy;notes_extra=experiment=calibration_curve_v2;k=4;draw=0;recipe=fix;tag=transfer_fix_fir_k4_test05_d0_s2"
2026-08-15T23:51:12.141969,transfer,/home/connor/Desktop/eeg-motor-classification/legacy/model/models/base_model_90_subjects.pt,1,481,0.5,"csp_components=6;runs=['01', '02', '05', '07', '08'];target_channels=14;seed=0;val_split=0.2;filter=fir;split=calibration_curve_v2;train_runs=['01', '02', '07', '08'];test_run=05;metric=test_accuracy;notes_extra=experiment=calibration_curve_v2;k=4;draw=1;recipe=fix;tag=transfer_fix_fir_k4_test05_d1_s0"
2026-08-15T23:51:29.328059,transfer,/home/connor/Desktop/eeg-motor-classification/legacy/model/models/base_model_90_subjects.pt,1,481,0.5204081632653061,"csp_components=6;runs=['01', '02', '05', '07', '08'];target_channels=14;seed=1;val_split=0.2;filter=fir;split=calibration_curve_v2;train_runs=['01', '02', '07', '08'];test_run=05;metric=test_accuracy;notes_extra=experiment=calibration_curve_v2;k=4;draw=1;recipe=fix;tag=transfer_fix_fir_k4_test05_d1_s1"
2026-08-15T23:51:35.923144,transfer,/home/connor/Desktop/eeg-motor-classification/legacy/model/models/base_model_90_subjects.pt,1,481,0.4387755102040816,"csp_components=6;runs=['01', '02', '05', '07', '08'];target_channels=14;seed=2;val_split=0.2;filter=fir;split=calibration_curve_v2;train_runs=['01', '02', '07', '08'];test_run=05;metric=test_accuracy;notes_extra=experiment=calibration_curve_v2;k=4;draw=1;recipe=fix;tag=transfer_fix_fir_k4_test05_d1_s2"
2026-08-15T23:51:58.802287,transfer,/home/connor/Desktop/eeg-motor-classification/legacy/model/models/base_model_90_subjects.pt,1,484,0.5,"csp_components=6;runs=['01', '05', '06', '07', '08'];target_channels=14;seed=0;val_split=0.2;filter=fir;split=calibration_curve_v2;train_runs=['01', '05', '07', '08'];test_run=06;metric=test_accuracy;notes_extra=experiment=calibration_curve_v2;k=4;draw=0;recipe=fix;tag=transfer_fix_fir_k4_test06_d0_s0"
2026-08-15T23:52:11.907144,transfer,/home/connor/Desktop/eeg-motor-classification/legacy/model/models/base_model_90_subjects.pt,1,484,0.4693877551020408,"csp_components=6;runs=['01', '05', '06', '07', '08'];target_channels=14;seed=1;val_split=0.2;filter=fir;split=calibration_curve_v2;train_runs=['01', '05', '07', '08'];test_run=06;metric=test_accuracy;notes_extra=experiment=calibration_curve_v2;k=4;draw=0;recipe=fix;tag=transfer_fix_fir_k4_test06_d0_s1"
2026-08-15T23:52:14.518415,transfer,/home/connor/Desktop/eeg-motor-classification/legacy/model/models/base_model_90_subjects.pt,1,484,0.5,"csp_components=6;runs=['01', '05', '06', '07', '08'];target_channels=14;seed=2;val_split=0.2;filter=fir;split=calibration_curve_v2;train_runs=['01', '05', '07', '08'];test_run=06;metric=test_accuracy;notes_extra=experiment=calibration_curve_v2;k=4;draw=0;recipe=fix;tag=transfer_fix_fir_k4_test06_d0_s2"
2026-08-15T23:52:43.478624,transfer,/home/connor/Desktop/eeg-motor-classification/legacy/model/models/base_model_90_subjects.pt,1,487,0.5102040816326531,"csp_components=6;runs=['02', '03', '05', '06', '07'];target_channels=14;seed=0;val_split=0.2;filter=fir;split=calibration_curve_v2;train_runs=['02', '03', '05', '07'];test_run=06;metric=test_accuracy;notes_extra=experiment=calibration_curve_v2;k=4;draw=1;recipe=fix;tag=transfer_fix_fir_k4_test06_d1_s0"
2026-08-15T23:52:55.240517,transfer,/home/connor/Desktop/eeg-motor-classification/legacy/model/models/base_model_90_subjects.pt,1,487,0.5102040816326531,"csp_components=6;runs=['02', '03', '05', '06', '07'];target_channels=14;seed=1;val_split=0.2;filter=fir;split=calibration_curve_v2;train_runs=['02', '03', '05', '07'];test_run=06;metric=test_accuracy;notes_extra=experiment=calibration_curve_v2;k=4;draw=1;recipe=fix;tag=transfer_fix_fir_k4_test06_d1_s1"
2026-08-15T23:52:52.244472,transfer,/home/connor/Desktop/eeg-motor-classification/legacy/model/models/base_model_90_subjects.pt,1,487,0.5408163265306123,"csp_components=6;runs=['02', '03', '05', '06', '07'];target_channels=14;seed=2;val_split=0.2;filter=fir;split=calibration_curve_v2;train_runs=['02', '03', '05', '07'];test_run=06;metric=test_accuracy;notes_extra=experiment=calibration_curve_v2;k=4;draw=1;recipe=fix;tag=transfer_fix_fir_k4_test06_d1_s2"
2026-08-15T23:53:27.363588,transfer,/home/connor/Desktop/eeg-motor-classification/legacy/model/models/base_model_90_subjects.pt,1,480,0.5050505050505051,"csp_components=6;runs=['01', '02', '04', '07', '08'];target_channels=14;seed=0;val_split=0.2;filter=fir;split=calibration_curve_v2;train_runs=['01', '02', '04', '08'];test_run=07;metric=test_accuracy;notes_extra=experiment=calibration_curve_v2;k=4;draw=0;recipe=fix;tag=transfer_fix_fir_k4_test07_d0_s0"
2026-08-15T23:53:29.734092,transfer,/home/connor/Desktop/eeg-motor-classification/legacy/model/models/base_model_90_subjects.pt,1,480,0.5656565656565656,"csp_components=6;runs=['01', '02', '04', '07', '08'];target_channels=14;seed=1;val_split=0.2;filter=fir;split=calibration_curve_v2;train_runs=['01', '02', '04', '08'];test_run=07;metric=test_accuracy;notes_extra=experiment=calibration_curve_v2;k=4;draw=0;recipe=fix;tag=transfer_fix_fir_k4_test07_d0_s1"
2026-08-15T23:53:33.536445,transfer,/home/connor/Desktop/eeg-motor-classification/legacy/model/models/base_model_90_subjects.pt,1,480,0.5656565656565656,"csp_components=6;runs=['01', '02', '04', '07', '08'];target_channels=14;seed=2;val_split=0.2;filter=fir;split=calibration_curve_v2;train_runs=['01', '02', '04', '08'];test_run=07;metric=test_accuracy;notes_extra=experiment=calibration_curve_v2;k=4;draw=0;recipe=fix;tag=transfer_fix_fir_k4_test07_d0_s2"
2026-08-15T23:54:05.814227,transfer,/home/connor/Desktop/eeg-motor-classification/legacy/model/models/base_model_90_subjects.pt,1,484,0.5252525252525253,"csp_components=6;runs=['02', '03', '05', '07', '08'];target_channels=14;seed=0;val_split=0.2;filter=fir;split=calibration_curve_v2;train_runs=['02', '03', '05', '08'];test_run=07;metric=test_accuracy;notes_extra=experiment=calibration_curve_v2;k=4;draw=1;recipe=fix;tag=transfer_fix_fir_k4_test07_d1_s0"
2026-08-15T23:54:09.388833,transfer,/home/connor/Desktop/eeg-motor-classification/legacy/model/models/base_model_90_subjects.pt,1,484,0.5151515151515151,"csp_components=6;runs=['02', '03', '05', '07', '08'];target_channels=14;seed=1;val_split=0.2;filter=fir;split=calibration_curve_v2;train_runs=['02', '03', '05', '08'];test_run=07;metric=test_accuracy;notes_extra=experiment=calibration_curve_v2;k=4;draw=1;recipe=fix;tag=transfer_fix_fir_k4_test07_d1_s1"
2026-08-15T23:54:18.199602,transfer,/home/connor/Desktop/eeg-motor-classification/legacy/model/models/base_model_90_subjects.pt,1,484,0.5050505050505051,"csp_components=6;runs=['02', '03', '05', '07', '08'];target_channels=14;seed=2;val_split=0.2;filter=fir;split=calibration_curve_v2;train_runs=['02', '03', '05', '08'];test_run=07;metric=test_accuracy;notes_extra=experiment=calibration_curve_v2;k=4;draw=1;recipe=fix;tag=transfer_fix_fir_k4_test07_d1_s2"
2026-08-15T23:54:46.604188,transfer,/home/connor/Desktop/eeg-motor-classification/legacy/model/models/base_model_90_subjects.pt,1,483,0.4842105263157895,"csp_components=6;runs=['01', '03', '05', '07', '08'];target_channels=14;seed=0;val_split=0.2;filter=fir;split=calibration_curve_v2;train_runs=['01', '03', '05', '07'];test_run=08;metric=test_accuracy;notes_extra=experiment=calibration_curve_v2;k=4;draw=0;recipe=fix;tag=transfer_fix_fir_k4_test08_d0_s0"
2026-08-15T23:54:55.343470,transfer,/home/connor/Desktop/eeg-motor-classification/legacy/model/models/base_model_90_subjects.pt,1,483,0.5052631578947369,"csp_components=6;runs=['01', '03', '05', '07', '08'];target_channels=14;seed=1;val_split=0.2;filter=fir;split=calibration_curve_v2;train_runs=['01', '03', '05', '07'];test_run=08;metric=test_accuracy;notes_extra=experiment=calibration_curve_v2;k=4;draw=0;recipe=fix;tag=transfer_fix_fir_k4_test08_d0_s1"
2026-08-15T23:55:04.437197,transfer,/home/connor/Desktop/eeg-motor-classification/legacy/model/models/base_model_90_subjects.pt,1,483,0.4631578947368421,"csp_components=6;runs=['01', '03', '05', '07', '08'];target_channels=14;seed=2;val_split=0.2;filter=fir;split=calibration_curve_v2;train_runs=['01', '03', '05', '07'];test_run=08;metric=test_accuracy;notes_extra=experiment=calibration_curve_v2;k=4;draw=0;recipe=fix;tag=transfer_fix_fir_k4_test08_d0_s2"
2026-08-15T23:55:31.103415,transfer,/home/connor/Desktop/eeg-motor-classification/legacy/model/models/base_model_90_subjects.pt,1,483,0.4526315789473684,"csp_components=6;runs=['01', '04', '05', '07', '08'];target_channels=14;seed=0;val_split=0.2;filter=fir;split=calibration_curve_v2;train_runs=['01', '04', '05', '07'];test_run=08;metric=test_accuracy;notes_extra=experiment=calibration_curve_v2;k=4;draw=1;recipe=fix;tag=transfer_fix_fir_k4_test08_d1_s0"
2026-08-15T23:55:35.195215,transfer,/home/connor/Desktop/eeg-motor-classification/legacy/model/models/base_model_90_subjects.pt,1,483,0.4526315789473684,"csp_components=6;runs=['01', '04', '05', '07', '08'];target_channels=14;seed=1;val_split=0.2;filter=fir;split=calibration_curve_v2;train_runs=['01', '04', '05', '07'];test_run=08;metric=test_accuracy;notes_extra=experiment=calibration_curve_v2;k=4;draw=1;recipe=fix;tag=transfer_fix_fir_k4_test08_d1_s1"
2026-08-15T23:55:45.739180,transfer,/home/connor/Desktop/eeg-motor-classification/legacy/model/models/base_model_90_subjects.pt,1,483,0.4421052631578947,"csp_components=6;runs=['01', '04', '05', '07', '08'];target_channels=14;seed=2;val_split=0.2;filter=fir;split=calibration_curve_v2;train_runs=['01', '04', '05', '07'];test_run=08;metric=test_accuracy;notes_extra=experiment=calibration_curve_v2;k=4;draw=1;recipe=fix;tag=transfer_fix_fir_k4_test08_d1_s2"
2026-08-15T21:34:20.914690,transfer,/home/connor/Desktop/eeg-motor-classification/legacy/model/models/base_model_90_subjects.pt,1,773,0.5106382978723404,"csp_components=6;runs=['01', '02', '03', '04', '05', '06', '07', '08'];target_channels=14;seed=0;val_split=0.2;filter=fir;split=calibration_curve_v2;train_runs=['02', '03', '04', '05', '06', '07', '08'];test_run=01;metric=test_accuracy;notes_extra=experiment=calibration_curve_v2;k=7;draw=0;recipe=fix;tag=transfer_fix_fir_k7_test01_d0_s0"
2026-08-15T21:34:41.706434,transfer,/home/connor/Desktop/eeg-motor-classification/legacy/model/models/base_model_90_subjects.pt,1,773,0.5,"csp_components=6;runs=['01', '02', '03', '04', '05', '06', '07', '08'];target_channels=14;seed=1;val_split=0.2;filter=fir;split=calibration_curve_v2;train_runs=['02', '03', '04', '05', '06', '07', '08'];test_run=01;metric=test_accuracy;notes_extra=experiment=calibration_curve_v2;k=7;draw=0;recipe=fix;tag=transfer_fix_fir_k7_test01_d0_s1"
2026-08-15T21:35:02.414842,transfer,/home/connor/Desktop/eeg-motor-classification/legacy/model/models/base_model_90_subjects.pt,1,773,0.4893617021276595,"csp_components=6;runs=['01', '02', '03', '04', '05', '06', '07', '08'];target_channels=14;seed=2;val_split=0.2;filter=fir;split=calibration_curve_v2;train_runs=['02', '03', '04', '05', '06', '07', '08'];test_run=01;metric=test_accuracy;notes_extra=experiment=calibration_curve_v2;k=7;draw=0;recipe=fix;tag=transfer_fix_fir_k7_test01_d0_s2"
2026-08-15T21:36:35.928245,transfer,/home/connor/Desktop/eeg-motor-classification/legacy/model/models/base_model_90_subjects.pt,1,773,0.5263157894736842,"csp_components=6;runs=['01', '02', '03', '04', '05', '06', '07', '08'];target_channels=14;seed=0;val_split=0.2;filter=fir;split=calibration_curve_v2;train_runs=['01', '03', '04', '05', '06', '07', '08'];test_run=02;metric=test_accuracy;notes_extra=experiment=calibration_curve_v2;k=7;draw=0;recipe=fix;tag=transfer_fix_fir_k7_test02_d0_s0"
2026-08-15T21:36:55.328954,transfer,/home/connor/Desktop/eeg-motor-classification/legacy/model/models/base_model_90_subjects.pt,1,773,0.5263157894736842,"csp_components=6;runs=['01', '02', '03', '04', '05', '06', '07', '08'];target_channels=14;seed=1;val_split=0.2;filter=fir;split=calibration_curve_v2;train_runs=['01', '03', '04', '05', '06', '07', '08'];test_run=02;metric=test_accuracy;notes_extra=experiment=calibration_curve_v2;k=7;draw=0;recipe=fix;tag=transfer_fix_fir_k7_test02_d0_s1"
2026-08-15T21:37:16.417753,transfer,/home/connor/Desktop/eeg-motor-classification/legacy/model/models/base_model_90_subjects.pt,1,773,0.5052631578947369,"csp_components=6;runs=['01', '02', '03', '04', '05', '06', '07', '08'];target_channels=14;seed=2;val_split=0.2;filter=fir;split=calibration_curve_v2;train_runs=['01', '03', '04', '05', '06', '07', '08'];test_run=02;metric=test_accuracy;notes_extra=experiment=calibration_curve_v2;k=7;draw=0;recipe=fix;tag=transfer_fix_fir_k7_test02_d0_s2"
2026-08-15T21:38:52.189167,transfer,/home/connor/Desktop/eeg-motor-classification/legacy/model/models/base_model_90_subjects.pt,1,773,0.4845360824742268,"csp_components=6;runs=['01', '02', '03', '04', '05', '06', '07', '08'];target_channels=14;seed=0;val_split=0.2;filter=fir;split=calibration_curve_v2;train_runs=['01', '02', '04', '05', '06', '07', '08'];test_run=03;metric=test_accuracy;notes_extra=experiment=calibration_curve_v2;k=7;draw=0;recipe=fix;tag=transfer_fix_fir_k7_test03_d0_s0"
2026-08-15T21:39:12.653829,transfer,/home/connor/Desktop/eeg-motor-classification/legacy/model/models/base_model_90_subjects.pt,1,773,0.4845360824742268,"csp_components=6;runs=['01', '02', '03', '04', '05', '06', '07', '08'];target_channels=14;seed=1;val_split=0.2;filter=fir;split=calibration_curve_v2;train_runs=['01', '02', '04', '05', '06', '07', '08'];test_run=03;metric=test_accuracy;notes_extra=experiment=calibration_curve_v2;k=7;draw=0;recipe=fix;tag=transfer_fix_fir_k7_test03_d0_s1"
2026-08-15T21:39:35.520007,transfer,/home/connor/Desktop/eeg-motor-classification/legacy/model/models/base_model_90_subjects.pt,1,773,0.4329896907216495,"csp_components=6;runs=['01', '02', '03', '04', '05', '06', '07', '08'];target_channels=14;seed=2;val_split=0.2;filter=fir;split=calibration_curve_v2;train_runs=['01', '02', '04', '05', '06', '07', '08'];test_run=03;metric=test_accuracy;notes_extra=experiment=calibration_curve_v2;k=7;draw=0;recipe=fix;tag=transfer_fix_fir_k7_test03_d0_s2"
2026-08-15T21:41:07.807964,transfer,/home/connor/Desktop/eeg-motor-classification/legacy/model/models/base_model_90_subjects.pt,1,773,0.4845360824742268,"csp_components=6;runs=['01', '02', '03', '04', '05', '06', '07', '08'];target_channels=14;seed=0;val_split=0.2;filter=fir;split=calibration_curve_v2;train_runs=['01', '02', '03', '05', '06', '07', '08'];test_run=04;metric=test_accuracy;notes_extra=experiment=calibration_curve_v2;k=7;draw=0;recipe=fix;tag=transfer_fix_fir_k7_test04_d0_s0"
2026-08-15T21:41:27.167921,transfer,/home/connor/Desktop/eeg-motor-classification/legacy/model/models/base_model_90_subjects.pt,1,773,0.4948453608247423,"csp_components=6;runs=['01', '02', '03', '04', '05', '06', '07', '08'];target_channels=14;seed=1;val_split=0.2;filter=fir;split=calibration_curve_v2;train_runs=['01', '02', '03', '05', '06', '07', '08'];test_run=04;metric=test_accuracy;notes_extra=experiment=calibration_curve_v2;k=7;draw=0;recipe=fix;tag=transfer_fix_fir_k7_test04_d0_s1"
2026-08-15T21:41:47.211219,transfer,/home/connor/Desktop/eeg-motor-classification/legacy/model/models/base_model_90_subjects.pt,1,773,0.4742268041237113,"csp_components=6;runs=['01', '02', '03', '04', '05', '06', '07', '08'];target_channels=14;seed=2;val_split=0.2;filter=fir;split=calibration_curve_v2;train_runs=['01', '02', '03', '05', '06', '07', '08'];test_run=04;metric=test_accuracy;notes_extra=experiment=calibration_curve_v2;k=7;draw=0;recipe=fix;tag=transfer_fix_fir_k7_test04_d0_s2"
2026-08-15T21:43:18.251821,transfer,/home/connor/Desktop/eeg-motor-classification/legacy/model/models/base_model_90_subjects.pt,1,773,0.5,"csp_components=6;runs=['01', '02', '03', '04', '05', '06', '07', '08'];target_channels=14;seed=0;val_split=0.2;filter=fir;split=calibration_curve_v2;train_runs=['01', '02', '03', '04', '06', '07', '08'];test_run=05;metric=test_accuracy;notes_extra=experiment=calibration_curve_v2;k=7;draw=0;recipe=fix;tag=transfer_fix_fir_k7_test05_d0_s0"
2026-08-15T21:43:39.906615,transfer,/home/connor/Desktop/eeg-motor-classification/legacy/model/models/base_model_90_subjects.pt,1,773,0.5102040816326531,"csp_components=6;runs=['01', '02', '03', '04', '05', '06', '07', '08'];target_channels=14;seed=1;val_split=0.2;filter=fir;split=calibration_curve_v2;train_runs=['01', '02', '03', '04', '06', '07', '08'];test_run=05;metric=test_accuracy;notes_extra=experiment=calibration_curve_v2;k=7;draw=0;recipe=fix;tag=transfer_fix_fir_k7_test05_d0_s1"
2026-08-15T21:44:01.338371,transfer,/home/connor/Desktop/eeg-motor-classification/legacy/model/models/base_model_90_subjects.pt,1,773,0.4489795918367347,"csp_components=6;runs=['01', '02', '03', '04', '05', '06', '07', '08'];target_channels=14;seed=2;val_split=0.2;filter=fir;split=calibration_curve_v2;train_runs=['01', '02', '03', '04', '06', '07', '08'];test_run=05;metric=test_accuracy;notes_extra=experiment=calibration_curve_v2;k=7;draw=0;recipe=fix;tag=transfer_fix_fir_k7_test05_d0_s2"
2026-08-15T21:45:34.675734,transfer,/home/connor/Desktop/eeg-motor-classification/legacy/model/models/base_model_90_subjects.pt,1,773,0.4897959183673469,"csp_components=6;runs=['01', '02', '03', '04', '05', '06', '07', '08'];target_channels=14;seed=0;val_split=0.2;filter=fir;split=calibration_curve_v2;train_runs=['01', '02', '03', '04', '05', '07', '08'];test_run=06;metric=test_accuracy;notes_extra=experiment=calibration_curve_v2;k=7;draw=0;recipe=fix;tag=transfer_fix_fir_k7_test06_d0_s0"
2026-08-15T21:45:55.471451,transfer,/home/connor/Desktop/eeg-motor-classification/legacy/model/models/base_model_90_subjects.pt,1,773,0.5612244897959183,"csp_components=6;runs=['01', '02', '03', '04', '05', '06', '07', '08'];target_channels=14;seed=1;val_split=0.2;filter=fir;split=calibration_curve_v2;train_runs=['01', '02', '03', '04', '05', '07', '08'];test_run=06;metric=test_accuracy;notes_extra=experiment=calibration_curve_v2;k=7;draw=0;recipe=fix;tag=transfer_fix_fir_k7_test06_d0_s1"
2026-08-15T21:46:16.778770,transfer,/home/connor/Desktop/eeg-motor-classification/legacy/model/models/base_model_90_subjects.pt,1,773,0.4897959183673469,"csp_components=6;runs=['01', '02', '03', '04', '05', '06', '07', '08'];target_channels=14;seed=2;val_split=0.2;filter=fir;split=calibration_curve_v2;train_runs=['01', '02', '03', '04', '05', '07', '08'];test_run=06;metric=test_accuracy;notes_extra=experiment=calibration_curve_v2;k=7;draw=0;recipe=fix;tag=transfer_fix_fir_k7_test06_d0_s2"
2026-08-15T21:47:50.174182,transfer,/home/connor/Desktop/eeg-motor-classification/legacy/model/models/base_model_90_subjects.pt,1,773,0.5151515151515151,"csp_components=6;runs=['01', '02', '03', '04', '05', '06', '07', '08'];target_channels=14;seed=0;val_split=0.2;filter=fir;split=calibration_curve_v2;train_runs=['01', '02', '03', '04', '05', '06', '08'];test_run=07;metric=test_accuracy;notes_extra=experiment=calibration_curve_v2;k=7;draw=0;recipe=fix;tag=transfer_fix_fir_k7_test07_d0_s0"
2026-08-15T21:48:11.397122,transfer,/home/connor/Desktop/eeg-motor-classification/legacy/model/models/base_model_90_subjects.pt,1,773,0.5656565656565656,"csp_components=6;runs=['01', '02', '03', '04', '05', '06', '07', '08'];target_channels=14;seed=1;val_split=0.2;filter=fir;split=calibration_curve_v2;train_runs=['01', '02', '03', '04', '05', '06', '08'];test_run=07;metric=test_accuracy;notes_extra=experiment=calibration_curve_v2;k=7;draw=0;recipe=fix;tag=transfer_fix_fir_k7_test07_d0_s1"
2026-08-15T21:48:30.669934,transfer,/home/connor/Desktop/eeg-motor-classification/legacy/model/models/base_model_90_subjects.pt,1,773,0.5050505050505051,"csp_components=6;runs=['01', '02', '03', '04', '05', '06', '07', '08'];target_channels=14;seed=2;val_split=0.2;filter=fir;split=calibration_curve_v2;train_runs=['01', '02', '03', '04', '05', '06', '08'];test_run=07;metric=test_accuracy;notes_extra=experiment=calibration_curve_v2;k=7;draw=0;recipe=fix;tag=transfer_fix_fir_k7_test07_d0_s2"
2026-08-15T21:54:45.482649,transfer,/home/connor/Desktop/eeg-motor-classification/legacy/model/models/base_model_90_subjects.pt,1,773,0.4526315789473684,"csp_components=6;runs=['01', '02', '03', '04', '05', '06', '07', '08'];target_channels=14;seed=0;val_split=0.2;filter=fir;split=calibration_curve_v2;train_runs=['01', '02', '03', '04', '05', '06', '07'];test_run=08;metric=test_accuracy;notes_extra=experiment=calibration_curve_v2;k=7;draw=0;recipe=fix;tag=transfer_fix_fir_k7_test08_d0_s0"
2026-08-15T23:03:44.158213,transfer,/home/connor/Desktop/eeg-motor-classification/legacy/model/models/base_model_90_subjects.pt,1,773,0.5473684210526316,"csp_components=6;runs=['01', '02', '03', '04', '05', '06', '07', '08'];target_channels=14;seed=1;val_split=0.2;filter=fir;split=calibration_curve_v2;train_runs=['01', '02', '03', '04', '05', '06', '07'];test_run=08;metric=test_accuracy;notes_extra=experiment=calibration_curve_v2;k=7;draw=0;recipe=fix;tag=transfer_fix_fir_k7_test08_d0_s1"
2026-08-15T23:03:43.980640,transfer,/home/connor/Desktop/eeg-motor-classification/legacy/model/models/base_model_90_subjects.pt,1,773,0.5368421052631579,"csp_components=6;runs=['01', '02', '03', '04', '05', '06', '07', '08'];target_channels=14;seed=2;val_split=0.2;filter=fir;split=calibration_curve_v2;train_runs=['01', '02', '03', '04', '05', '06', '07'];test_run=08;metric=test_accuracy;notes_extra=experiment=calibration_curve_v2;k=7;draw=0;recipe=fix;tag=transfer_fix_fir_k7_test08_d0_s2"
2026-08-16T00:03:00.269137,transfer,/home/connor/Desktop/eeg-motor-classification/legacy/model/models/base_model_90_subjects.pt,1,192,0.4948453608247423,"csp_components=6;runs=['01', '02'];target_channels=14;seed=0;val_split=0.2;filter=iir;split=calibration_curve_v2;train_runs=['02'];test_run=01;metric=test_accuracy;notes_extra=experiment=calibration_curve_v2;k=1;draw=0;recipe=fix;tag=transfer_fix_iir_k1_test01_d0_s0"
2026-08-16T00:03:03.704202,transfer,/home/connor/Desktop/eeg-motor-classification/legacy/model/models/base_model_90_subjects.pt,1,192,0.4948453608247423,"csp_components=6;runs=['01', '02'];target_channels=14;seed=1;val_split=0.2;filter=iir;split=calibration_curve_v2;train_runs=['02'];test_run=01;metric=test_accuracy;notes_extra=experiment=calibration_curve_v2;k=1;draw=0;recipe=fix;tag=transfer_fix_iir_k1_test01_d0_s1"
2026-08-16T00:03:05.791837,transfer,/home/connor/Desktop/eeg-motor-classification/legacy/model/models/base_model_90_subjects.pt,1,192,0.422680412371134,"csp_components=6;runs=['01', '02'];target_channels=14;seed=2;val_split=0.2;filter=iir;split=calibration_curve_v2;train_runs=['02'];test_run=01;metric=test_accuracy;notes_extra=experiment=calibration_curve_v2;k=1;draw=0;recipe=fix;tag=transfer_fix_iir_k1_test01_d0_s2"
2026-08-16T00:03:18.656372,transfer,/home/connor/Desktop/eeg-motor-classification/legacy/model/models/base_model_90_subjects.pt,1,191,0.4639175257731959,"csp_components=6;runs=['01', '08'];target_channels=14;seed=0;val_split=0.2;filter=iir;split=calibration_curve_v2;train_runs=['08'];test_run=01;metric=test_accuracy;notes_extra=experiment=calibration_curve_v2;k=1;draw=1;recipe=fix;tag=transfer_fix_iir_k1_test01_d1_s0"
2026-08-16T00:03:18.733879,transfer,/home/connor/Desktop/eeg-motor-classification/legacy/model/models/base_model_90_subjects.pt,1,191,0.4845360824742268,"csp_components=6;runs=['01', '08'];target_channels=14;seed=1;val_split=0.2;filter=iir;split=calibration_curve_v2;train_runs=['08'];test_run=01;metric=test_accuracy;notes_extra=experiment=calibration_curve_v2;k=1;draw=1;recipe=fix;tag=transfer_fix_iir_k1_test01_d1_s1"
2026-08-16T00:03:21.884709,transfer,/home/connor/Desktop/eeg-motor-classification/legacy/model/models/base_model_90_subjects.pt,1,191,0.4845360824742268,"csp_components=6;runs=['01', '08'];target_channels=14;seed=2;val_split=0.2;filter=iir;split=calibration_curve_v2;train_runs=['08'];test_run=01;metric=test_accuracy;notes_extra=experiment=calibration_curve_v2;k=1;draw=1;recipe=fix;tag=transfer_fix_iir_k1_test01_d1_s2"
2026-08-16T00:03:32.491279,transfer,/home/connor/Desktop/eeg-motor-classification/legacy/model/models/base_model_90_subjects.pt,1,193,0.5263157894736842,"csp_components=6;runs=['02', '05'];target_channels=14;seed=0;val_split=0.2;filter=iir;split=calibration_curve_v2;train_runs=['05'];test_run=02;metric=test_accuracy;notes_extra=experiment=calibration_curve_v2;k=1;draw=0;recipe=fix;tag=transfer_fix_iir_k1_test02_d0_s0"
2026-08-16T00:03:34.377009,transfer,/home/connor/Desktop/eeg-motor-classification/legacy/model/models/base_model_90_subjects.pt,1,193,0.5368421052631579,"csp_components=6;runs=['02', '05'];target_channels=14;seed=1;val_split=0.2;filter=iir;split=calibration_curve_v2;train_runs=['05'];test_run=02;metric=test_accuracy;notes_extra=experiment=calibration_curve_v2;k=1;draw=0;recipe=fix;tag=transfer_fix_iir_k1_test02_d0_s1"
2026-08-16T00:03:40.526582,transfer,/home/connor/Desktop/eeg-motor-classification/legacy/model/models/base_model_90_subjects.pt,1,193,0.5157894736842106,"csp_components=6;runs=['02', '05'];target_channels=14;seed=2;val_split=0.2;filter=iir;split=calibration_curve_v2;train_runs=['05'];test_run=02;metric=test_accuracy;notes_extra=experiment=calibration_curve_v2;k=1;draw=0;recipe=fix;tag=transfer_fix_iir_k1_test02_d0_s2"
2026-08-16T00:03:48.246256,transfer,/home/connor/Desktop/eeg-motor-classification/legacy/model/models/base_model_90_subjects.pt,1,192,0.5263157894736842,"csp_components=6;runs=['02', '06'];target_channels=14;seed=0;val_split=0.2;filter=iir;split=calibration_curve_v2;train_runs=['06'];test_run=02;metric=test_accuracy;notes_extra=experiment=calibration_curve_v2;k=1;draw=1;recipe=fix;tag=transfer_fix_iir_k1_test02_d1_s0"
2026-08-16T00:03:51.084341,transfer,/home/connor/Desktop/eeg-motor-classification/legacy/model/models/base_model_90_subjects.pt,1,192,0.5473684210526316,"csp_components=6;runs=['02', '06'];target_channels=14;seed=1;val_split=0.2;filter=iir;split=calibration_curve_v2;train_runs=['06'];test_run=02;metric=test_accuracy;notes_extra=experiment=calibration_curve_v2;k=1;draw=1;recipe=fix;tag=transfer_fix_iir_k1_test02_d1_s1"
2026-08-16T00:03:58.217885,transfer,/home/connor/Desktop/eeg-motor-classification/legacy/model/models/base_model_90_subjects.pt,1,192,0.4736842105263157,"csp_components=6;runs=['02', '06'];target_channels=14;seed=2;val_split=0.2;filter=iir;split=calibration_curve_v2;train_runs=['06'];test_run=02;metric=test_accuracy;notes_extra=experiment=calibration_curve_v2;k=1;draw=1;recipe=fix;tag=transfer_fix_iir_k1_test02_d1_s2"
2026-08-16T00:04:08.312315,transfer,/home/connor/Desktop/eeg-motor-classification/legacy/model/models/base_model_90_subjects.pt,1,195,0.4536082474226804,"csp_components=6;runs=['03', '05'];target_channels=14;seed=0;val_split=0.2;filter=iir;split=calibration_curve_v2;train_runs=['05'];test_run=03;metric=test_accuracy;notes_extra=experiment=calibration_curve_v2;k=1;draw=0;recipe=fix;tag=transfer_fix_iir_k1_test03_d0_s0"
2026-08-16T00:04:12.773837,transfer,/home/connor/Desktop/eeg-motor-classification/legacy/model/models/base_model_90_subjects.pt,1,195,0.4948453608247423,"csp_components=6;runs=['03', '05'];target_channels=14;seed=1;val_split=0.2;filter=iir;split=calibration_curve_v2;train_runs=['05'];test_run=03;metric=test_accuracy;notes_extra=experiment=calibration_curve_v2;k=1;draw=0;recipe=fix;tag=transfer_fix_iir_k1_test03_d0_s1"
2026-08-16T00:04:15.420751,transfer,/home/connor/Desktop/eeg-motor-classification/legacy/model/models/base_model_90_subjects.pt,1,195,0.4845360824742268,"csp_components=6;runs=['03', '05'];target_channels=14;seed=2;val_split=0.2;filter=iir;split=calibration_curve_v2;train_runs=['05'];test_run=03;metric=test_accuracy;notes_extra=experiment=calibration_curve_v2;k=1;draw=0;recipe=fix;tag=transfer_fix_iir_k1_test03_d0_s2"
2026-08-16T00:04:28.494581,transfer,/home/connor/Desktop/eeg-motor-classification/legacy/model/models/base_model_90_subjects.pt,1,194,0.4536082474226804,"csp_components=6;runs=['03', '06'];target_channels=14;seed=0;val_split=0.2;filter=iir;split=calibration_curve_v2;train_runs=['06'];test_run=03;metric=test_accuracy;notes_extra=experiment=calibration_curve_v2;k=1;draw=1;recipe=fix;tag=transfer_fix_iir_k1_test03_d1_s0"
2026-08-16T00:04:29.547144,transfer,/home/connor/Desktop/eeg-motor-classification/legacy/model/models/base_model_90_subjects.pt,1,194,0.4536082474226804,"csp_components=6;runs=['03', '06'];target_channels=14;seed=1;val_split=0.2;filter=iir;split=calibration_curve_v2;train_runs=['06'];test_run=03;metric=test_accuracy;notes_extra=experiment=calibration_curve_v2;k=1;draw=1;recipe=fix;tag=transfer_fix_iir_k1_test03_d1_s1"
2026-08-16T00:04:31.444422,transfer,/home/connor/Desktop/eeg-motor-classification/legacy/model/models/base_model_90_subjects.pt,1,194,0.4536082474226804,"csp_components=6;runs=['03', '06'];target_channels=14;seed=2;val_split=0.2;filter=iir;split=calibration_curve_v2;train_runs=['06'];test_run=03;metric=test_accuracy;notes_extra=experiment=calibration_curve_v2;k=1;draw=1;recipe=fix;tag=transfer_fix_iir_k1_test03_d1_s2"
2026-08-16T00:04:46.435417,transfer,/home/connor/Desktop/eeg-motor-classification/legacy/model/models/base_model_90_subjects.pt,1,194,0.4948453608247423,"csp_components=6;runs=['01', '04'];target_channels=14;seed=0;val_split=0.2;filter=iir;split=calibration_curve_v2;train_runs=['01'];test_run=04;metric=test_accuracy;notes_extra=experiment=calibration_curve_v2;k=1;draw=0;recipe=fix;tag=transfer_fix_iir_k1_test04_d0_s0"
2026-08-16T00:04:47.787648,transfer,/home/connor/Desktop/eeg-motor-classification/legacy/model/models/base_model_90_subjects.pt,1,194,0.4536082474226804,"csp_components=6;runs=['01', '04'];target_channels=14;seed=1;val_split=0.2;filter=iir;split=calibration_curve_v2;train_runs=['01'];test_run=04;metric=test_accuracy;notes_extra=experiment=calibration_curve_v2;k=1;draw=0;recipe=fix;tag=transfer_fix_iir_k1_test04_d0_s1"
2026-08-16T00:04:47.763248,transfer,/home/connor/Desktop/eeg-motor-classification/legacy/model/models/base_model_90_subjects.pt,1,194,0.422680412371134,"csp_components=6;runs=['01', '04'];target_channels=14;seed=2;val_split=0.2;filter=iir;split=calibration_curve_v2;train_runs=['01'];test_run=04;metric=test_accuracy;notes_extra=experiment=calibration_curve_v2;k=1;draw=0;recipe=fix;tag=transfer_fix_iir_k1_test04_d0_s2"
2026-08-16T00:05:00.852504,transfer,/home/connor/Desktop/eeg-motor-classification/legacy/model/models/base_model_90_subjects.pt,1,195,0.4948453608247423,"csp_components=6;runs=['04', '05'];target_channels=14;seed=0;val_split=0.2;filter=iir;split=calibration_curve_v2;train_runs=['05'];test_run=04;metric=test_accuracy;notes_extra=experiment=calibration_curve_v2;k=1;draw=1;recipe=fix;tag=transfer_fix_iir_k1_test04_d1_s0"
2026-08-16T00:05:04.898703,transfer,/home/connor/Desktop/eeg-motor-classification/legacy/model/models/base_model_90_subjects.pt,1,195,0.4948453608247423,"csp_components=6;runs=['04', '05'];target_channels=14;seed=1;val_split=0.2;filter=iir;split=calibration_curve_v2;train_runs=['05'];test_run=04;metric=test_accuracy;notes_extra=experiment=calibration_curve_v2;k=1;draw=1;recipe=fix;tag=transfer_fix_iir_k1_test04_d1_s1"
2026-08-16T00:05:05.710787,transfer,/home/connor/Desktop/eeg-motor-classification/legacy/model/models/base_model_90_subjects.pt,1,195,0.4948453608247423,"csp_components=6;runs=['04', '05'];target_channels=14;seed=2;val_split=0.2;filter=iir;split=calibration_curve_v2;train_runs=['05'];test_run=04;metric=test_accuracy;notes_extra=experiment=calibration_curve_v2;k=1;draw=1;recipe=fix;tag=transfer_fix_iir_k1_test04_d1_s2"
2026-08-16T00:05:18.556365,transfer,/home/connor/Desktop/eeg-motor-classification/legacy/model/models/base_model_90_subjects.pt,1,195,0.4591836734693877,"csp_components=6;runs=['04', '05'];target_channels=14;seed=0;val_split=0.2;filter=iir;split=calibration_curve_v2;train_runs=['04'];test_run=05;metric=test_accuracy;notes_extra=experiment=calibration_curve_v2;k=1;draw=0;recipe=fix;tag=transfer_fix_iir_k1_test05_d0_s0"
2026-08-16T00:05:20.517340,transfer,/home/connor/Desktop/eeg-motor-classification/legacy/model/models/base_model_90_subjects.pt,1,195,0.4897959183673469,"csp_components=6;runs=['04', '05'];target_channels=14;seed=1;val_split=0.2;filter=iir;split=calibration_curve_v2;train_runs=['04'];test_run=05;metric=test_accuracy;notes_extra=experiment=calibration_curve_v2;k=1;draw=0;recipe=fix;tag=transfer_fix_iir_k1_test05_d0_s1"
2026-08-16T00:05:24.302269,transfer,/home/connor/Desktop/eeg-motor-classification/legacy/model/models/base_model_90_subjects.pt,1,195,0.4693877551020408,"csp_components=6;runs=['04', '05'];target_channels=14;seed=2;val_split=0.2;filter=iir;split=calibration_curve_v2;train_runs=['04'];test_run=05;metric=test_accuracy;notes_extra=experiment=calibration_curve_v2;k=1;draw=0;recipe=fix;tag=transfer_fix_iir_k1_test05_d0_s2"
2026-08-16T00:05:35.261796,transfer,/home/connor/Desktop/eeg-motor-classification/legacy/model/models/base_model_90_subjects.pt,1,192,0.5102040816326531,"csp_components=6;runs=['05', '08'];target_channels=14;seed=0;val_split=0.2;filter=iir;split=calibration_curve_v2;train_runs=['08'];test_run=05;metric=test_accuracy;notes_extra=experiment=calibration_curve_v2;k=1;draw=1;recipe=fix;tag=transfer_fix_iir_k1_test05_d1_s0"
2026-08-16T00:05:39.786174,transfer,/home/connor/Desktop/eeg-motor-classification/legacy/model/models/base_model_90_subjects.pt,1,192,0.5,"csp_components=6;runs=['05', '08'];target_channels=14;seed=1;val_split=0.2;filter=iir;split=calibration_curve_v2;train_runs=['08'];test_run=05;metric=test_accuracy;notes_extra=experiment=calibration_curve_v2;k=1;draw=1;recipe=fix;tag=transfer_fix_iir_k1_test05_d1_s1"
2026-08-16T00:05:43.693505,transfer,/home/connor/Desktop/eeg-motor-classification/legacy/model/models/base_model_90_subjects.pt,1,192,0.5102040816326531,"csp_components=6;runs=['05', '08'];target_channels=14;seed=2;val_split=0.2;filter=iir;split=calibration_curve_v2;train_runs=['08'];test_run=05;metric=test_accuracy;notes_extra=experiment=calibration_curve_v2;k=1;draw=1;recipe=fix;tag=transfer_fix_iir_k1_test05_d1_s2"
2026-08-16T00:05:54.726585,transfer,/home/connor/Desktop/eeg-motor-classification/legacy/model/models/base_model_90_subjects.pt,1,194,0.5051546391752577,"csp_components=6;runs=['01', '06'];target_channels=14;seed=0;val_split=0.2;filter=iir;split=calibration_curve_v2;train_runs=['01'];test_run=06;metric=test_accuracy;notes_extra=experiment=calibration_curve_v2;k=1;draw=0;recipe=fix;tag=transfer_fix_iir_k1_test06_d0_s0"
2026-08-16T00:05:56.591504,transfer,/home/connor/Desktop/eeg-motor-classification/legacy/model/models/base_model_90_subjects.pt,1,194,0.4742268041237113,"csp_components=6;runs=['01', '06'];target_channels=14;seed=1;val_split=0.2;filter=iir;split=calibration_curve_v2;train_runs=['01'];test_run=06;metric=test_accuracy;notes_extra=experiment=calibration_curve_v2;k=1;draw=0;recipe=fix;tag=transfer_fix_iir_k1_test06_d0_s1"
2026-08-16T00:05:59.636641,transfer,/home/connor/Desktop/eeg-motor-classification/legacy/model/models/base_model_90_subjects.pt,1,194,0.4845360824742268,"csp_components=6;runs=['01', '06'];target_channels=14;seed=2;val_split=0.2;filter=iir;split=calibration_curve_v2;train_runs=['01'];test_run=06;metric=test_accuracy;notes_extra=experiment=calibration_curve_v2;k=1;draw=0;recipe=fix;tag=transfer_fix_iir_k1_test06_d0_s2"
2026-08-16T00:06:13.243402,transfer,/home/connor/Desktop/eeg-motor-classification/legacy/model/models/base_model_90_subjects.pt,1,194,0.5051546391752577,"csp_components=6;runs=['03', '06'];target_channels=14;seed=0;val_split=0.2;filter=iir;split=calibration_curve_v2;train_runs=['03'];test_run=06;metric=test_accuracy;notes_extra=experiment=calibration_curve_v2;k=1;draw=1;recipe=fix;tag=transfer_fix_iir_k1_test06_d1_s0"
2026-08-16T00:06:13.174436,transfer,/home/connor/Desktop/eeg-motor-classification/legacy/model/models/base_model_90_subjects.pt,1,194,0.4742268041237113,"csp_components=6;runs=['03', '06'];target_channels=14;seed=1;val_split=0.2;filter=iir;split=calibration_curve_v2;train_runs=['03'];test_run=06;metric=test_accuracy;notes_extra=experiment=calibration_curve_v2;k=1;draw=1;recipe=fix;tag=transfer_fix_iir_k1_test06_d1_s1"
2026-08-16T00:06:16.670280,transfer,/home/connor/Desktop/eeg-motor-classification/legacy/model/models/base_model_90_subjects.pt,1,194,0.5154639175257731,"csp_components=6;runs=['03', '06'];target_channels=14;seed=2;val_split=0.2;filter=iir;split=calibration_curve_v2;train_runs=['03'];test_run=06;metric=test_accuracy;notes_extra=experiment=calibration_curve_v2;k=1;draw=1;recipe=fix;tag=transfer_fix_iir_k1_test06_d1_s2"
2026-08-16T00:06:29.045988,transfer,/home/connor/Desktop/eeg-motor-classification/legacy/model/models/base_model_90_subjects.pt,1,196,0.4242424242424242,"csp_components=6;runs=['01', '07'];target_channels=14;seed=0;val_split=0.2;filter=iir;split=calibration_curve_v2;train_runs=['01'];test_run=07;metric=test_accuracy;notes_extra=experiment=calibration_curve_v2;k=1;draw=0;recipe=fix;tag=transfer_fix_iir_k1_test07_d0_s0"
2026-08-16T00:06:29.044465,transfer,/home/connor/Desktop/eeg-motor-classification/legacy/model/models/base_model_90_subjects.pt,1,196,0.4646464646464646,"csp_components=6;runs=['01', '07'];target_channels=14;seed=1;val_split=0.2;filter=iir;split=calibration_curve_v2;train_runs=['01'];test_run=07;metric=test_accuracy;notes_extra=experiment=calibration_curve_v2;k=1;draw=0;recipe=fix;tag=transfer_fix_iir_k1_test07_d0_s1"
2026-08-16T00:06:34.061846,transfer,/home/connor/Desktop/eeg-motor-classification/legacy/model/models/base_model_90_subjects.pt,1,196,0.4646464646464646,"csp_components=6;runs=['01', '07'];target_channels=14;seed=2;val_split=0.2;filter=iir;split=calibration_curve_v2;train_runs=['01'];test_run=07;metric=test_accuracy;notes_extra=experiment=calibration_curve_v2;k=1;draw=0;recipe=fix;tag=transfer_fix_iir_k1_test07_d0_s2"
2026-08-16T00:06:45.239979,transfer,/home/connor/Desktop/eeg-motor-classification/legacy/model/models/base_model_90_subjects.pt,1,193,0.4747474747474747,"csp_components=6;runs=['07', '08'];target_channels=14;seed=0;val_split=0.2;filter=iir;split=calibration_curve_v2;train_runs=['08'];test_run=07;metric=test_accuracy;notes_extra=experiment=calibration_curve_v2;k=1;draw=1;recipe=fix;tag=transfer_fix_iir_k1_test07_d1_s0"
2026-08-16T00:06:45.792885,transfer,/home/connor/Desktop/eeg-motor-classification/legacy/model/models/base_model_90_subjects.pt,1,193,0.4646464646464646,"csp_components=6;runs=['07', '08'];target_channels=14;seed=1;val_split=0.2;filter=iir;split=calibration_curve_v2;train_runs=['08'];test_run=07;metric=test_accuracy;notes_extra=experiment=calibration_curve_v2;k=1;draw=1;recipe=fix;tag=transfer_fix_iir_k1_test07_d1_s1"
2026-08-16T00:06:53.001289,transfer,/home/connor/Desktop/eeg-motor-classification/legacy/model/models/base_model_90_subjects.pt,1,193,0.4444444444444444,"csp_components=6;runs=['07', '08'];target_channels=14;seed=2;val_split=0.2;filter=iir;split=calibration_curve_v2;train_runs=['08'];test_run=07;metric=test_accuracy;notes_extra=experiment=calibration_curve_v2;k=1;draw=1;recipe=fix;tag=transfer_fix_iir_k1_test07_d1_s2"
2026-08-16T00:07:01.916261,transfer,/home/connor/Desktop/eeg-motor-classification/legacy/model/models/base_model_90_subjects.pt,1,191,0.5212765957446809,"csp_components=6;runs=['04', '08'];target_channels=14;seed=0;val_split=0.2;filter=iir;split=calibration_curve_v2;train_runs=['04'];test_run=08;metric=test_accuracy;notes_extra=experiment=calibration_curve_v2;k=1;draw=0;recipe=fix;tag=transfer_fix_iir_k1_test08_d0_s0"
2026-08-16T00:07:05.094865,transfer,/home/connor/Desktop/eeg-motor-classification/legacy/model/models/base_model_90_subjects.pt,1,191,0.4787234042553192,"csp_components=6;runs=['04', '08'];target_channels=14;seed=1;val_split=0.2;filter=iir;split=calibration_curve_v2;train_runs=['04'];test_run=08;metric=test_accuracy;notes_extra=experiment=calibration_curve_v2;k=1;draw=0;recipe=fix;tag=transfer_fix_iir_k1_test08_d0_s1"
2026-08-16T00:07:10.094157,transfer,/home/connor/Desktop/eeg-motor-classification/legacy/model/models/base_model_90_subjects.pt,1,191,0.4787234042553192,"csp_components=6;runs=['04', '08'];target_channels=14;seed=2;val_split=0.2;filter=iir;split=calibration_curve_v2;train_runs=['04'];test_run=08;metric=test_accuracy;notes_extra=experiment=calibration_curve_v2;k=1;draw=0;recipe=fix;tag=transfer_fix_iir_k1_test08_d0_s2"
2026-08-16T00:07:15.987716,transfer,/home/connor/Desktop/eeg-motor-classification/legacy/model/models/base_model_90_subjects.pt,1,192,0.5106382978723404,"csp_components=6;runs=['05', '08'];target_channels=14;seed=0;val_split=0.2;filter=iir;split=calibration_curve_v2;train_runs=['05'];test_run=08;metric=test_accuracy;notes_extra=experiment=calibration_curve_v2;k=1;draw=1;recipe=fix;tag=transfer_fix_iir_k1_test08_d1_s0"
2026-08-16T00:07:21.146384,transfer,/home/connor/Desktop/eeg-motor-classification/legacy/model/models/base_model_90_subjects.pt,1,192,0.5531914893617021,"csp_components=6;runs=['05', '08'];target_channels=14;seed=1;val_split=0.2;filter=iir;split=calibration_curve_v2;train_runs=['05'];test_run=08;metric=test_accuracy;notes_extra=experiment=calibration_curve_v2;k=1;draw=1;recipe=fix;tag=transfer_fix_iir_k1_test08_d1_s1"
2026-08-16T00:07:21.480024,transfer,/home/connor/Desktop/eeg-motor-classification/legacy/model/models/base_model_90_subjects.pt,1,192,0.5212765957446809,"csp_components=6;runs=['05', '08'];target_channels=14;seed=2;val_split=0.2;filter=iir;split=calibration_curve_v2;train_runs=['05'];test_run=08;metric=test_accuracy;notes_extra=experiment=calibration_curve_v2;k=1;draw=1;recipe=fix;tag=transfer_fix_iir_k1_test08_d1_s2"
2026-08-15T23:56:24.568054,transfer,/home/connor/Desktop/eeg-motor-classification/legacy/model/models/base_model_90_subjects.pt,1,289,0.4432989690721649,"csp_components=6;runs=['01', '02', '04'];target_channels=14;seed=0;val_split=0.2;filter=iir;split=calibration_curve_v2;train_runs=['02', '04'];test_run=01;metric=test_accuracy;notes_extra=experiment=calibration_curve_v2;k=2;draw=0;recipe=fix;tag=transfer_fix_iir_k2_test01_d0_s0"
2026-08-15T23:56:28.587190,transfer,/home/connor/Desktop/eeg-motor-classification/legacy/model/models/base_model_90_subjects.pt,1,289,0.4432989690721649,"csp_components=6;runs=['01', '02', '04'];target_channels=14;seed=1;val_split=0.2;filter=iir;split=calibration_curve_v2;train_runs=['02', '04'];test_run=01;metric=test_accuracy;notes_extra=experiment=calibration_curve_v2;k=2;draw=0;recipe=fix;tag=transfer_fix_iir_k2_test01_d0_s1"
2026-08-15T23:56:30.020769,transfer,/home/connor/Desktop/eeg-motor-classification/legacy/model/models/base_model_90_subjects.pt,1,289,0.4742268041237113,"csp_components=6;runs=['01', '02', '04'];target_channels=14;seed=2;val_split=0.2;filter=iir;split=calibration_curve_v2;train_runs=['02', '04'];test_run=01;metric=test_accuracy;notes_extra=experiment=calibration_curve_v2;k=2;draw=0;recipe=fix;tag=transfer_fix_iir_k2_test01_d0_s2"
2026-08-15T23:56:49.282733,transfer,/home/connor/Desktop/eeg-motor-classification/legacy/model/models/base_model_90_subjects.pt,1,289,0.4329896907216495,"csp_components=6;runs=['01', '02', '06'];target_channels=14;seed=0;val_split=0.2;filter=iir;split=calibration_curve_v2;train_runs=['02', '06'];test_run=01;metric=test_accuracy;notes_extra=experiment=calibration_curve_v2;k=2;draw=1;recipe=fix;tag=transfer_fix_iir_k2_test01_d1_s0"
2026-08-15T23:56:54.407018,transfer,/home/connor/Desktop/eeg-motor-classification/legacy/model/models/base_model_90_subjects.pt,1,289,0.4948453608247423,"csp_components=6;runs=['01', '02', '06'];target_channels=14;seed=1;val_split=0.2;filter=iir;split=calibration_curve_v2;train_runs=['02', '06'];test_run=01;metric=test_accuracy;notes_extra=experiment=calibration_curve_v2;k=2;draw=1;recipe=fix;tag=transfer_fix_iir_k2_test01_d1_s1"
2026-08-15T23:56:56.816829,transfer,/home/connor/Desktop/eeg-motor-classification/legacy/model/models/base_model_90_subjects.pt,1,289,0.4948453608247423,"csp_components=6;runs=['01', '02', '06'];target_channels=14;seed=2;val_split=0.2;filter=iir;split=calibration_curve_v2;train_runs=['02', '06'];test_run=01;metric=test_accuracy;notes_extra=experiment=calibration_curve_v2;k=2;draw=1;recipe=fix;tag=transfer_fix_iir_k2_test01_d1_s2"
2026-08-15T23:57:13.741968,transfer,/home/connor/Desktop/eeg-motor-classification/legacy/model/models/base_model_90_subjects.pt,1,291,0.5157894736842106,"csp_components=6;runs=['01', '02', '07'];target_channels=14;seed=0;val_split=0.2;filter=iir;split=calibration_curve_v2;train_runs=['01', '07'];test_run=02;metric=test_accuracy;notes_extra=experiment=calibration_curve_v2;k=2;draw=0;recipe=fix;tag=transfer_fix_iir_k2_test02_d0_s0"
2026-08-15T23:57:18.432451,transfer,/home/connor/Desktop/eeg-motor-classification/legacy/model/models/base_model_90_subjects.pt,1,291,0.5052631578947369,"csp_components=6;runs=['01', '02', '07'];target_channels=14;seed=1;val_split=0.2;filter=iir;split=calibration_curve_v2;train_runs=['01', '07'];test_run=02;metric=test_accuracy;notes_extra=experiment=calibration_curve_v2;k=2;draw=0;recipe=fix;tag=transfer_fix_iir_k2_test02_d0_s1"
2026-08-15T23:57:24.592724,transfer,/home/connor/Desktop/eeg-motor-classification/legacy/model/models/base_model_90_subjects.pt,1,291,0.5368421052631579,"csp_components=6;runs=['01', '02', '07'];target_channels=14;seed=2;val_split=0.2;filter=iir;split=calibration_curve_v2;train_runs=['01', '07'];test_run=02;metric=test_accuracy;notes_extra=experiment=calibration_curve_v2;k=2;draw=0;recipe=fix;tag=transfer_fix_iir_k2_test02_d0_s2"
2026-08-15T23:57:45.546684,transfer,/home/connor/Desktop/eeg-motor-classification/legacy/model/models/base_model_90_subjects.pt,1,289,0.5052631578947369,"csp_components=6;runs=['02', '04', '06'];target_channels=14;seed=0;val_split=0.2;filter=iir;split=calibration_curve_v2;train_runs=['04', '06'];test_run=02;metric=test_accuracy;notes_extra=experiment=calibration_curve_v2;k=2;draw=1;recipe=fix;tag=transfer_fix_iir_k2_test02_d1_s0"
2026-08-15T23:57:44.195293,transfer,/home/connor/Desktop/eeg-motor-classification/legacy/model/models/base_model_90_subjects.pt,1,289,0.5263157894736842,"csp_components=6;runs=['02', '04', '06'];target_channels=14;seed=1;val_split=0.2;filter=iir;split=calibration_curve_v2;train_runs=['04', '06'];test_run=02;metric=test_accuracy;notes_extra=experiment=calibration_curve_v2;k=2;draw=1;recipe=fix;tag=transfer_fix_iir_k2_test02_d1_s1"
2026-08-15T23:57:47.241979,transfer,/home/connor/Desktop/eeg-motor-classification/legacy/model/models/base_model_90_subjects.pt,1,289,0.4842105263157895,"csp_components=6;runs=['02', '04', '06'];target_channels=14;seed=2;val_split=0.2;filter=iir;split=calibration_curve_v2;train_runs=['04', '06'];test_run=02;metric=test_accuracy;notes_extra=experiment=calibration_curve_v2;k=2;draw=1;recipe=fix;tag=transfer_fix_iir_k2_test02_d1_s2"
2026-08-15T23:58:04.995310,transfer,/home/connor/Desktop/eeg-motor-classification/legacy/model/models/base_model_90_subjects.pt,1,293,0.4536082474226804,"csp_components=6;runs=['01', '03', '07'];target_channels=14;seed=0;val_split=0.2;filter=iir;split=calibration_curve_v2;train_runs=['01', '07'];test_run=03;metric=test_accuracy;notes_extra=experiment=calibration_curve_v2;k=2;draw=0;recipe=fix;tag=transfer_fix_iir_k2_test03_d0_s0"
2026-08-15T23:58:12.117305,transfer,/home/connor/Desktop/eeg-motor-classification/legacy/model/models/base_model_90_subjects.pt,1,293,0.5051546391752577,"csp_components=6;runs=['01', '03', '07'];target_channels=14;seed=1;val_split=0.2;filter=iir;split=calibration_curve_v2;train_runs=['01', '07'];test_run=03;metric=test_accuracy;notes_extra=experiment=calibration_curve_v2;k=2;draw=0;recipe=fix;tag=transfer_fix_iir_k2_test03_d0_s1"
2026-08-15T23:58:14.563127,transfer,/home/connor/Desktop/eeg-motor-classification/legacy/model/models/base_model_90_subjects.pt,1,293,0.4329896907216495,"csp_components=6;runs=['01', '03', '07'];target_channels=14;seed=2;val_split=0.2;filter=iir;split=calibration_curve_v2;train_runs=['01', '07'];test_run=03;metric=test_accuracy;notes_extra=experiment=calibration_curve_v2;k=2;draw=0;recipe=fix;tag=transfer_fix_iir_k2_test03_d0_s2"
2026-08-15T23:58:33.482549,transfer,/home/connor/Desktop/eeg-motor-classification/legacy/model/models/base_model_90_subjects.pt,1,293,0.4948453608247423,"csp_components=6;runs=['03', '06', '07'];target_channels=14;seed=0;val_split=0.2;filter=iir;split=calibration_curve_v2;train_runs=['06', '07'];test_run=03;metric=test_accuracy;notes_extra=experiment=calibration_curve_v2;k=2;draw=1;recipe=fix;tag=transfer_fix_iir_k2_test03_d1_s0"
2026-08-15T23:58:36.211191,transfer,/home/connor/Desktop/eeg-motor-classification/legacy/model/models/base_model_90_subjects.pt,1,293,0.5051546391752577,"csp_components=6;runs=['03', '06', '07'];target_channels=14;seed=1;val_split=0.2;filter=iir;split=calibration_curve_v2;train_runs=['06', '07'];test_run=03;metric=test_accuracy;notes_extra=experiment=calibration_curve_v2;k=2;draw=1;recipe=fix;tag=transfer_fix_iir_k2_test03_d1_s1"
2026-08-15T23:58:38.733939,transfer,/home/connor/Desktop/eeg-motor-classification/legacy/model/models/base_model_90_subjects.pt,1,293,0.5051546391752577,"csp_components=6;runs=['03', '06', '07'];target_channels=14;seed=2;val_split=0.2;filter=iir;split=calibration_curve_v2;train_runs=['06', '07'];test_run=03;metric=test_accuracy;notes_extra=experiment=calibration_curve_v2;k=2;draw=1;recipe=fix;tag=transfer_fix_iir_k2_test03_d1_s2"
2026-08-15T23:58:57.282652,transfer,/home/connor/Desktop/eeg-motor-classification/legacy/model/models/base_model_90_subjects.pt,1,291,0.4536082474226804,"csp_components=6;runs=['01', '04', '06'];target_channels=14;seed=0;val_split=0.2;filter=iir;split=calibration_curve_v2;train_runs=['01', '06'];test_run=04;metric=test_accuracy;notes_extra=experiment=calibration_curve_v2;k=2;draw=0;recipe=fix;tag=transfer_fix_iir_k2_test04_d0_s0"
2026-08-15T23:58:58.593232,transfer,/home/connor/Desktop/eeg-motor-classification/legacy/model/models/base_model_90_subjects.pt,1,291,0.4329896907216495,"csp_components=6;runs=['01', '04', '06'];target_channels=14;seed=1;val_split=0.2;filter=iir;split=calibration_curve_v2;train_runs=['01', '06'];test_run=04;metric=test_accuracy;notes_extra=experiment=calibration_curve_v2;k=2;draw=0;recipe=fix;tag=transfer_fix_iir_k2_test04_d0_s1"
2026-08-15T23:59:03.582286,transfer,/home/connor/Desktop/eeg-motor-classification/legacy/model/models/base_model_90_subjects.pt,1,291,0.4845360824742268,"csp_components=6;runs=['01', '04', '06'];target_channels=14;seed=2;val_split=0.2;filter=iir;split=calibration_curve_v2;train_runs=['01', '06'];test_run=04;metric=test_accuracy;notes_extra=experiment=calibration_curve_v2;k=2;draw=0;recipe=fix;tag=transfer_fix_iir_k2_test04_d0_s2"
2026-08-15T23:59:18.689754,transfer,/home/connor/Desktop/eeg-motor-classification/legacy/model/models/base_model_90_subjects.pt,1,288,0.4639175257731959,"csp_components=6;runs=['04', '06', '08'];target_channels=14;seed=0;val_split=0.2;filter=iir;split=calibration_curve_v2;train_runs=['06', '08'];test_run=04;metric=test_accuracy;notes_extra=experiment=calibration_curve_v2;k=2;draw=1;recipe=fix;tag=transfer_fix_iir_k2_test04_d1_s0"
2026-08-15T23:59:23.259464,transfer,/home/connor/Desktop/eeg-motor-classification/legacy/model/models/base_model_90_subjects.pt,1,288,0.4845360824742268,"csp_components=6;runs=['04', '06', '08'];target_channels=14;seed=1;val_split=0.2;filter=iir;split=calibration_curve_v2;train_runs=['06', '08'];test_run=04;metric=test_accuracy;notes_extra=experiment=calibration_curve_v2;k=2;draw=1;recipe=fix;tag=transfer_fix_iir_k2_test04_d1_s1"
2026-08-15T23:59:33.122138,transfer,/home/connor/Desktop/eeg-motor-classification/legacy/model/models/base_model_90_subjects.pt,1,288,0.4639175257731959,"csp_components=6;runs=['04', '06', '08'];target_channels=14;seed=2;val_split=0.2;filter=iir;split=calibration_curve_v2;train_runs=['06', '08'];test_run=04;metric=test_accuracy;notes_extra=experiment=calibration_curve_v2;k=2;draw=1;recipe=fix;tag=transfer_fix_iir_k2_test04_d1_s2"
2026-08-15T23:59:49.280602,transfer,/home/connor/Desktop/eeg-motor-classification/legacy/model/models/base_model_90_subjects.pt,1,292,0.4795918367346938,"csp_components=6;runs=['01', '04', '05'];target_channels=14;seed=0;val_split=0.2;filter=iir;split=calibration_curve_v2;train_runs=['01', '04'];test_run=05;metric=test_accuracy;notes_extra=experiment=calibration_curve_v2;k=2;draw=0;recipe=fix;tag=transfer_fix_iir_k2_test05_d0_s0"
2026-08-15T23:59:53.626820,transfer,/home/connor/Desktop/eeg-motor-classification/legacy/model/models/base_model_90_subjects.pt,1,292,0.4693877551020408,"csp_components=6;runs=['01', '04', '05'];target_channels=14;seed=1;val_split=0.2;filter=iir;split=calibration_curve_v2;train_runs=['01', '04'];test_run=05;metric=test_accuracy;notes_extra=experiment=calibration_curve_v2;k=2;draw=0;recipe=fix;tag=transfer_fix_iir_k2_test05_d0_s1"
2026-08-15T23:59:53.854657,transfer,/home/connor/Desktop/eeg-motor-classification/legacy/model/models/base_model_90_subjects.pt,1,292,0.5102040816326531,"csp_components=6;runs=['01', '04', '05'];target_channels=14;seed=2;val_split=0.2;filter=iir;split=calibration_curve_v2;train_runs=['01', '04'];test_run=05;metric=test_accuracy;notes_extra=experiment=calibration_curve_v2;k=2;draw=0;recipe=fix;tag=transfer_fix_iir_k2_test05_d0_s2"
2026-08-16T00:00:12.902869,transfer,/home/connor/Desktop/eeg-motor-classification/legacy/model/models/base_model_90_subjects.pt,1,290,0.5,"csp_components=6;runs=['02', '04', '05'];target_channels=14;seed=0;val_split=0.2;filter=iir;split=calibration_curve_v2;train_runs=['02', '04'];test_run=05;metric=test_accuracy;notes_extra=experiment=calibration_curve_v2;k=2;draw=1;recipe=fix;tag=transfer_fix_iir_k2_test05_d1_s0"
2026-08-16T00:00:20.056791,transfer,/home/connor/Desktop/eeg-motor-classification/legacy/model/models/base_model_90_subjects.pt,1,290,0.5102040816326531,"csp_components=6;runs=['02', '04', '05'];target_channels=14;seed=1;val_split=0.2;filter=iir;split=calibration_curve_v2;train_runs=['02', '04'];test_run=05;metric=test_accuracy;notes_extra=experiment=calibration_curve_v2;k=2;draw=1;recipe=fix;tag=transfer_fix_iir_k2_test05_d1_s1"
2026-08-16T00:00:20.910984,transfer,/home/connor/Desktop/eeg-motor-classification/legacy/model/models/base_model_90_subjects.pt,1,290,0.4795918367346938,"csp_components=6;runs=['02', '04', '05'];target_channels=14;seed=2;val_split=0.2;filter=iir;split=calibration_curve_v2;train_runs=['02', '04'];test_run=05;metric=test_accuracy;notes_extra=experiment=calibration_curve_v2;k=2;draw=1;recipe=fix;tag=transfer_fix_iir_k2_test05_d1_s2"
2026-08-16T00:00:38.229117,transfer,/home/connor/Desktop/eeg-motor-classification/legacy/model/models/base_model_90_subjects.pt,1,293,0.5360824742268041,"csp_components=6;runs=['01', '06', '07'];target_channels=14;seed=0;val_split=0.2;filter=iir;split=calibration_curve_v2;train_runs=['01', '07'];test_run=06;metric=test_accuracy;notes_extra=experiment=calibration_curve_v2;k=2;draw=0;recipe=fix;tag=transfer_fix_iir_k2_test06_d0_s0"
2026-08-16T00:00:44.327126,transfer,/home/connor/Desktop/eeg-motor-classification/legacy/model/models/base_model_90_subjects.pt,1,293,0.5257731958762887,"csp_components=6;runs=['01', '06', '07'];target_channels=14;seed=1;val_split=0.2;filter=iir;split=calibration_curve_v2;train_runs=['01', '07'];test_run=06;metric=test_accuracy;notes_extra=experiment=calibration_curve_v2;k=2;draw=0;recipe=fix;tag=transfer_fix_iir_k2_test06_d0_s1"
2026-08-16T00:00:46.303109,transfer,/home/connor/Desktop/eeg-motor-classification/legacy/model/models/base_model_90_subjects.pt,1,293,0.4845360824742268,"csp_components=6;runs=['01', '06', '07'];target_channels=14;seed=2;val_split=0.2;filter=iir;split=calibration_curve_v2;train_runs=['01', '07'];test_run=06;metric=test_accuracy;notes_extra=experiment=calibration_curve_v2;k=2;draw=0;recipe=fix;tag=transfer_fix_iir_k2_test06_d0_s2"
2026-08-16T00:01:03.606945,transfer,/home/connor/Desktop/eeg-motor-classification/legacy/model/models/base_model_90_subjects.pt,1,292,0.4329896907216495,"csp_components=6;runs=['04', '05', '06'];target_channels=14;seed=0;val_split=0.2;filter=iir;split=calibration_curve_v2;train_runs=['04', '05'];test_run=06;metric=test_accuracy;notes_extra=experiment=calibration_curve_v2;k=2;draw=1;recipe=fix;tag=transfer_fix_iir_k2_test06_d1_s0"
2026-08-16T00:01:10.328173,transfer,/home/connor/Desktop/eeg-motor-classification/legacy/model/models/base_model_90_subjects.pt,1,292,0.4432989690721649,"csp_components=6;runs=['04', '05', '06'];target_channels=14;seed=1;val_split=0.2;filter=iir;split=calibration_curve_v2;train_runs=['04', '05'];test_run=06;metric=test_accuracy;notes_extra=experiment=calibration_curve_v2;k=2;draw=1;recipe=fix;tag=transfer_fix_iir_k2_test06_d1_s1"
2026-08-16T00:01:13.646959,transfer,/home/connor/Desktop/eeg-motor-classification/legacy/model/models/base_model_90_subjects.pt,1,292,0.5051546391752577,"csp_components=6;runs=['04', '05', '06'];target_channels=14;seed=2;val_split=0.2;filter=iir;split=calibration_curve_v2;train_runs=['04', '05'];test_run=06;metric=test_accuracy;notes_extra=experiment=calibration_curve_v2;k=2;draw=1;recipe=fix;tag=transfer_fix_iir_k2_test06_d1_s2"
2026-08-16T00:01:30.806460,transfer,/home/connor/Desktop/eeg-motor-classification/legacy/model/models/base_model_90_subjects.pt,1,290,0.4444444444444444,"csp_components=6;runs=['01', '07', '08'];target_channels=14;seed=0;val_split=0.2;filter=iir;split=calibration_curve_v2;train_runs=['01', '08'];test_run=07;metric=test_accuracy;notes_extra=experiment=calibration_curve_v2;k=2;draw=0;recipe=fix;tag=transfer_fix_iir_k2_test07_d0_s0"
2026-08-16T00:01:33.608775,transfer,/home/connor/Desktop/eeg-motor-classification/legacy/model/models/base_model_90_subjects.pt,1,290,0.4646464646464646,"csp_components=6;runs=['01', '07', '08'];target_channels=14;seed=1;val_split=0.2;filter=iir;split=calibration_curve_v2;train_runs=['01', '08'];test_run=07;metric=test_accuracy;notes_extra=experiment=calibration_curve_v2;k=2;draw=0;recipe=fix;tag=transfer_fix_iir_k2_test07_d0_s1"
2026-08-16T00:01:37.386745,transfer,/home/connor/Desktop/eeg-motor-classification/legacy/model/models/base_model_90_subjects.pt,1,290,0.4646464646464646,"csp_components=6;runs=['01', '07', '08'];target_channels=14;seed=2;val_split=0.2;filter=iir;split=calibration_curve_v2;train_runs=['01', '08'];test_run=07;metric=test_accuracy;notes_extra=experiment=calibration_curve_v2;k=2;draw=0;recipe=fix;tag=transfer_fix_iir_k2_test07_d0_s2"
2026-08-16T00:01:55.779462,transfer,/home/connor/Desktop/eeg-motor-classification/legacy/model/models/base_model_90_subjects.pt,1,291,0.4343434343434343,"csp_components=6;runs=['02', '06', '07'];target_channels=14;seed=0;val_split=0.2;filter=iir;split=calibration_curve_v2;train_runs=['02', '06'];test_run=07;metric=test_accuracy;notes_extra=experiment=calibration_curve_v2;k=2;draw=1;recipe=fix;tag=transfer_fix_iir_k2_test07_d1_s0"
2026-08-16T00:01:57.409416,transfer,/home/connor/Desktop/eeg-motor-classification/legacy/model/models/base_model_90_subjects.pt,1,291,0.4545454545454545,"csp_components=6;runs=['02', '06', '07'];target_channels=14;seed=1;val_split=0.2;filter=iir;split=calibration_curve_v2;train_runs=['02', '06'];test_run=07;metric=test_accuracy;notes_extra=experiment=calibration_curve_v2;k=2;draw=1;recipe=fix;tag=transfer_fix_iir_k2_test07_d1_s1"
2026-08-16T00:02:02.700923,transfer,/home/connor/Desktop/eeg-motor-classification/legacy/model/models/base_model_90_subjects.pt,1,291,0.4747474747474747,"csp_components=6;runs=['02', '06', '07'];target_channels=14;seed=2;val_split=0.2;filter=iir;split=calibration_curve_v2;train_runs=['02', '06'];test_run=07;metric=test_accuracy;notes_extra=experiment=calibration_curve_v2;k=2;draw=1;recipe=fix;tag=transfer_fix_iir_k2_test07_d1_s2"
2026-08-16T00:02:18.191401,transfer,/home/connor/Desktop/eeg-motor-classification/legacy/model/models/base_model_90_subjects.pt,1,287,0.5,"csp_components=6;runs=['02', '05', '08'];target_channels=14;seed=0;val_split=0.2;filter=iir;split=calibration_curve_v2;train_runs=['02', '05'];test_run=08;metric=test_accuracy;notes_extra=experiment=calibration_curve_v2;k=2;draw=0;recipe=fix;tag=transfer_fix_iir_k2_test08_d0_s0"
2026-08-16T00:02:20.768338,transfer,/home/connor/Desktop/eeg-motor-classification/legacy/model/models/base_model_90_subjects.pt,1,287,0.5319148936170213,"csp_components=6;runs=['02', '05', '08'];target_channels=14;seed=1;val_split=0.2;filter=iir;split=calibration_curve_v2;train_runs=['02', '05'];test_run=08;metric=test_accuracy;notes_extra=experiment=calibration_curve_v2;k=2;draw=0;recipe=fix;tag=transfer_fix_iir_k2_test08_d0_s1"
2026-08-16T00:02:28.070044,transfer,/home/connor/Desktop/eeg-motor-classification/legacy/model/models/base_model_90_subjects.pt,1,287,0.5425531914893617,"csp_components=6;runs=['02', '05', '08'];target_channels=14;seed=2;val_split=0.2;filter=iir;split=calibration_curve_v2;train_runs=['02', '05'];test_run=08;metric=test_accuracy;notes_extra=experiment=calibration_curve_v2;k=2;draw=0;recipe=fix;tag=transfer_fix_iir_k2_test08_d0_s2"
2026-08-16T00:02:39.308753,transfer,/home/connor/Desktop/eeg-motor-classification/legacy/model/models/base_model_90_subjects.pt,1,290,0.4893617021276595,"csp_components=6;runs=['04', '07', '08'];target_channels=14;seed=0;val_split=0.2;filter=iir;split=calibration_curve_v2;train_runs=['04', '07'];test_run=08;metric=test_accuracy;notes_extra=experiment=calibration_curve_v2;k=2;draw=1;recipe=fix;tag=transfer_fix_iir_k2_test08_d1_s0"
2026-08-16T00:02:46.465522,transfer,/home/connor/Desktop/eeg-motor-classification/legacy/model/models/base_model_90_subjects.pt,1,290,0.4893617021276595,"csp_components=6;runs=['04', '07', '08'];target_channels=14;seed=1;val_split=0.2;filter=iir;split=calibration_curve_v2;train_runs=['04', '07'];test_run=08;metric=test_accuracy;notes_extra=experiment=calibration_curve_v2;k=2;draw=1;recipe=fix;tag=transfer_fix_iir_k2_test08_d1_s1"
2026-08-16T00:02:53.171950,transfer,/home/connor/Desktop/eeg-motor-classification/legacy/model/models/base_model_90_subjects.pt,1,290,0.5,"csp_components=6;runs=['04', '07', '08'];target_channels=14;seed=2;val_split=0.2;filter=iir;split=calibration_curve_v2;train_runs=['04', '07'];test_run=08;metric=test_accuracy;notes_extra=experiment=calibration_curve_v2;k=2;draw=1;recipe=fix;tag=transfer_fix_iir_k2_test08_d1_s2"
2026-08-15T23:05:28.514392,transfer,/home/connor/Desktop/eeg-motor-classification/legacy/model/models/base_model_90_subjects.pt,1,488,0.5360824742268041,"csp_components=6;runs=['01', '03', '05', '06', '07'];target_channels=14;seed=0;val_split=0.2;filter=iir;split=calibration_curve_v2;train_runs=['03', '05', '06', '07'];test_run=01;metric=test_accuracy;notes_extra=experiment=calibration_curve_v2;k=4;draw=0;recipe=fix;tag=transfer_fix_iir_k4_test01_d0_s0"
2026-08-15T23:05:37.273176,transfer,/home/connor/Desktop/eeg-motor-classification/legacy/model/models/base_model_90_subjects.pt,1,488,0.4845360824742268,"csp_components=6;runs=['01', '03', '05', '06', '07'];target_channels=14;seed=1;val_split=0.2;filter=iir;split=calibration_curve_v2;train_runs=['03', '05', '06', '07'];test_run=01;metric=test_accuracy;notes_extra=experiment=calibration_curve_v2;k=4;draw=0;recipe=fix;tag=transfer_fix_iir_k4_test01_d0_s1"
2026-08-15T23:05:53.135133,transfer,/home/connor/Desktop/eeg-motor-classification/legacy/model/models/base_model_90_subjects.pt,1,488,0.4742268041237113,"csp_components=6;runs=['01', '03', '05', '06', '07'];target_channels=14;seed=2;val_split=0.2;filter=iir;split=calibration_curve_v2;train_runs=['03', '05', '06', '07'];test_run=01;metric=test_accuracy;notes_extra=experiment=calibration_curve_v2;k=4;draw=0;recipe=fix;tag=transfer_fix_iir_k4_test01_d0_s2"
2026-08-15T23:25:47.400424,transfer,/home/connor/Desktop/eeg-motor-classification/legacy/model/models/base_model_90_subjects.pt,1,485,0.4948453608247423,"csp_components=6;runs=['01', '03', '05', '07', '08'];target_channels=14;seed=0;val_split=0.2;filter=iir;split=calibration_curve_v2;train_runs=['03', '05', '07', '08'];test_run=01;metric=test_accuracy;notes_extra=experiment=calibration_curve_v2;k=4;draw=1;recipe=fix;tag=transfer_fix_iir_k4_test01_d1_s0"
2026-08-15T23:25:49.175459,transfer,/home/connor/Desktop/eeg-motor-classification/legacy/model/models/base_model_90_subjects.pt,1,485,0.4742268041237113,"csp_components=6;runs=['01', '03', '05', '07', '08'];target_channels=14;seed=1;val_split=0.2;filter=iir;split=calibration_curve_v2;train_runs=['03', '05', '07', '08'];test_run=01;metric=test_accuracy;notes_extra=experiment=calibration_curve_v2;k=4;draw=1;recipe=fix;tag=transfer_fix_iir_k4_test01_d1_s1"
2026-08-15T23:25:58.485490,transfer,/home/connor/Desktop/eeg-motor-classification/legacy/model/models/base_model_90_subjects.pt,1,485,0.4948453608247423,"csp_components=6;runs=['01', '03', '05', '07', '08'];target_channels=14;seed=2;val_split=0.2;filter=iir;split=calibration_curve_v2;train_runs=['03', '05', '07', '08'];test_run=01;metric=test_accuracy;notes_extra=experiment=calibration_curve_v2;k=4;draw=1;recipe=fix;tag=transfer_fix_iir_k4_test01_d1_s2"
2026-08-15T23:28:03.685427,transfer,/home/connor/Desktop/eeg-motor-classification/legacy/model/models/base_model_90_subjects.pt,1,482,0.5473684210526316,"csp_components=6;runs=['01', '02', '03', '07', '08'];target_channels=14;seed=0;val_split=0.2;filter=iir;split=calibration_curve_v2;train_runs=['01', '03', '07', '08'];test_run=02;metric=test_accuracy;notes_extra=experiment=calibration_curve_v2;k=4;draw=0;recipe=fix;tag=transfer_fix_iir_k4_test02_d0_s0"
2026-08-15T23:28:16.167070,transfer,/home/connor/Desktop/eeg-motor-classification/legacy/model/models/base_model_90_subjects.pt,1,482,0.631578947368421,"csp_components=6;runs=['01', '02', '03', '07', '08'];target_channels=14;seed=1;val_split=0.2;filter=iir;split=calibration_curve_v2;train_runs=['01', '03', '07', '08'];test_run=02;metric=test_accuracy;notes_extra=experiment=calibration_curve_v2;k=4;draw=0;recipe=fix;tag=transfer_fix_iir_k4_test02_d0_s1"
2026-08-15T23:28:15.978623,transfer,/home/connor/Desktop/eeg-motor-classification/legacy/model/models/base_model_90_subjects.pt,1,482,0.5263157894736842,"csp_components=6;runs=['01', '02', '03', '07', '08'];target_channels=14;seed=2;val_split=0.2;filter=iir;split=calibration_curve_v2;train_runs=['01', '03', '07', '08'];test_run=02;metric=test_accuracy;notes_extra=experiment=calibration_curve_v2;k=4;draw=0;recipe=fix;tag=transfer_fix_iir_k4_test02_d0_s2"
2026-08-15T23:47:55.125192,transfer,/home/connor/Desktop/eeg-motor-classification/legacy/model/models/base_model_90_subjects.pt,1,483,0.5578947368421052,"csp_components=6;runs=['02', '05', '06', '07', '08'];target_channels=14;seed=0;val_split=0.2;filter=iir;split=calibration_curve_v2;train_runs=['05', '06', '07', '08'];test_run=02;metric=test_accuracy;notes_extra=experiment=calibration_curve_v2;k=4;draw=1;recipe=fix;tag=transfer_fix_iir_k4_test02_d1_s0"
2026-08-15T23:29:49.056447,transfer,/home/connor/Desktop/eeg-motor-classification/legacy/model/models/base_model_90_subjects.pt,1,483,0.5789473684210527,"csp_components=6;runs=['02', '05', '06', '07', '08'];target_channels=14;seed=1;val_split=0.2;filter=iir;split=calibration_curve_v2;train_runs=['05', '06', '07', '08'];test_run=02;metric=test_accuracy;notes_extra=experiment=calibration_curve_v2;k=4;draw=1;recipe=fix;tag=transfer_fix_iir_k4_test02_d1_s1"
2026-08-15T23:29:50.855233,transfer,/home/connor/Desktop/eeg-motor-classification/legacy/model/models/base_model_90_subjects.pt,1,483,0.5368421052631579,"csp_components=6;runs=['02', '05', '06', '07', '08'];target_channels=14;seed=2;val_split=0.2;filter=iir;split=calibration_curve_v2;train_runs=['05', '06', '07', '08'];test_run=02;metric=test_accuracy;notes_extra=experiment=calibration_curve_v2;k=4;draw=1;recipe=fix;tag=transfer_fix_iir_k4_test02_d1_s2"
2026-08-15T23:47:56.580703,transfer,/home/connor/Desktop/eeg-motor-classification/legacy/model/models/base_model_90_subjects.pt,1,482,0.4536082474226804,"csp_components=6;runs=['01', '03', '04', '06', '08'];target_channels=14;seed=0;val_split=0.2;filter=iir;split=calibration_curve_v2;train_runs=['01', '04', '06', '08'];test_run=03;metric=test_accuracy;notes_extra=experiment=calibration_curve_v2;k=4;draw=0;recipe=fix;tag=transfer_fix_iir_k4_test03_d0_s0"
2026-08-15T23:48:01.547518,transfer,/home/connor/Desktop/eeg-motor-classification/legacy/model/models/base_model_90_subjects.pt,1,482,0.4639175257731959,"csp_components=6;runs=['01', '03', '04', '06', '08'];target_channels=14;seed=1;val_split=0.2;filter=iir;split=calibration_curve_v2;train_runs=['01', '04', '06', '08'];test_run=03;metric=test_accuracy;notes_extra=experiment=calibration_curve_v2;k=4;draw=0;recipe=fix;tag=transfer_fix_iir_k4_test03_d0_s1"
2026-08-15T23:48:08.289733,transfer,/home/connor/Desktop/eeg-motor-classification/legacy/model/models/base_model_90_subjects.pt,1,482,0.4742268041237113,"csp_components=6;runs=['01', '03', '04', '06', '08'];target_channels=14;seed=2;val_split=0.2;filter=iir;split=calibration_curve_v2;train_runs=['01', '04', '06', '08'];test_run=03;metric=test_accuracy;notes_extra=experiment=calibration_curve_v2;k=4;draw=0;recipe=fix;tag=transfer_fix_iir_k4_test03_d0_s2"
2026-08-15T23:48:38.483768,transfer,/home/connor/Desktop/eeg-motor-classification/legacy/model/models/base_model_90_subjects.pt,1,482,0.4536082474226804,"csp_components=6;runs=['02', '03', '06', '07', '08'];target_channels=14;seed=0;val_split=0.2;filter=iir;split=calibration_curve_v2;train_runs=['02', '06', '07', '08'];test_run=03;metric=test_accuracy;notes_extra=experiment=calibration_curve_v2;k=4;draw=1;recipe=fix;tag=transfer_fix_iir_k4_test03_d1_s0"
2026-08-15T23:49:04.947509,transfer,/home/connor/Desktop/eeg-motor-classification/legacy/model/models/base_model_90_subjects.pt,1,482,0.4742268041237113,"csp_components=6;runs=['02', '03', '06', '07', '08'];target_channels=14;seed=1;val_split=0.2;filter=iir;split=calibration_curve_v2;train_runs=['02', '06', '07', '08'];test_run=03;metric=test_accuracy;notes_extra=experiment=calibration_curve_v2;k=4;draw=1;recipe=fix;tag=transfer_fix_iir_k4_test03_d1_s1"
2026-08-15T23:49:08.957015,transfer,/home/connor/Desktop/eeg-motor-classification/legacy/model/models/base_model_90_subjects.pt,1,482,0.4742268041237113,"csp_components=6;runs=['02', '03', '06', '07', '08'];target_channels=14;seed=2;val_split=0.2;filter=iir;split=calibration_curve_v2;train_runs=['02', '06', '07', '08'];test_run=03;metric=test_accuracy;notes_extra=experiment=calibration_curve_v2;k=4;draw=1;recipe=fix;tag=transfer_fix_iir_k4_test03_d1_s2"
2026-08-15T23:49:30.062872,transfer,/home/connor/Desktop/eeg-motor-classification/legacy/model/models/base_model_90_subjects.pt,1,488,0.4845360824742268,"csp_components=6;runs=['01', '04', '05', '06', '07'];target_channels=14;seed=0;val_split=0.2;filter=iir;split=calibration_curve_v2;train_runs=['01', '05', '06', '07'];test_run=04;metric=test_accuracy;notes_extra=experiment=calibration_curve_v2;k=4;draw=0;recipe=fix;tag=transfer_fix_iir_k4_test04_d0_s0"
2026-08-15T23:49:43.867014,transfer,/home/connor/Desktop/eeg-motor-classification/legacy/model/models/base_model_90_subjects.pt,1,488,0.4742268041237113,"csp_components=6;runs=['01', '04', '05', '06', '07'];target_channels=14;seed=1;val_split=0.2;filter=iir;split=calibration_curve_v2;train_runs=['01', '05', '06', '07'];test_run=04;metric=test_accuracy;notes_extra=experiment=calibration_curve_v2;k=4;draw=0;recipe=fix;tag=transfer_fix_iir_k4_test04_d0_s1"
2026-08-15T23:49:52.990113,transfer,/home/connor/Desktop/eeg-motor-classification/legacy/model/models/base_model_90_subjects.pt,1,488,0.4536082474226804,"csp_components=6;runs=['01', '04', '05', '06', '07'];target_channels=14;seed=2;val_split=0.2;filter=iir;split=calibration_curve_v2;train_runs=['01', '05', '06', '07'];test_run=04;metric=test_accuracy;notes_extra=experiment=calibration_curve_v2;k=4;draw=0;recipe=fix;tag=transfer_fix_iir_k4_test04_d0_s2"
2026-08-15T23:50:20.184007,transfer,/home/connor/Desktop/eeg-motor-classification/legacy/model/models/base_model_90_subjects.pt,1,485,0.3608247422680412,"csp_components=6;runs=['03', '04', '05', '07', '08'];target_channels=14;seed=0;val_split=0.2;filter=iir;split=calibration_curve_v2;train_runs=['03', '05', '07', '08'];test_run=04;metric=test_accuracy;notes_extra=experiment=calibration_curve_v2;k=4;draw=1;recipe=fix;tag=transfer_fix_iir_k4_test04_d1_s0"
2026-08-15T23:50:25.468250,transfer,/home/connor/Desktop/eeg-motor-classification/legacy/model/models/base_model_90_subjects.pt,1,485,0.4536082474226804,"csp_components=6;runs=['03', '04', '05', '07', '08'];target_channels=14;seed=1;val_split=0.2;filter=iir;split=calibration_curve_v2;train_runs=['03', '05', '07', '08'];test_run=04;metric=test_accuracy;notes_extra=experiment=calibration_curve_v2;k=4;draw=1;recipe=fix;tag=transfer_fix_iir_k4_test04_d1_s1"
2026-08-15T23:50:29.285889,transfer,/home/connor/Desktop/eeg-motor-classification/legacy/model/models/base_model_90_subjects.pt,1,485,0.4639175257731959,"csp_components=6;runs=['03', '04', '05', '07', '08'];target_channels=14;seed=2;val_split=0.2;filter=iir;split=calibration_curve_v2;train_runs=['03', '05', '07', '08'];test_run=04;metric=test_accuracy;notes_extra=experiment=calibration_curve_v2;k=4;draw=1;recipe=fix;tag=transfer_fix_iir_k4_test04_d1_s2"
2026-08-15T23:51:02.685703,transfer,/home/connor/Desktop/eeg-motor-classification/legacy/model/models/base_model_90_subjects.pt,1,481,0.4387755102040816,"csp_components=6;runs=['01', '02', '03', '05', '08'];target_channels=14;seed=0;val_split=0.2;filter=iir;split=calibration_curve_v2;train_runs=['01', '02', '03', '08'];test_run=05;metric=test_accuracy;notes_extra=experiment=calibration_curve_v2;k=4;draw=0;recipe=fix;tag=transfer_fix_iir_k4_test05_d0_s0"
2026-08-15T23:51:06.752644,transfer,/home/connor/Desktop/eeg-motor-classification/legacy/model/models/base_model_90_subjects.pt,1,481,0.5,"csp_components=6;runs=['01', '02', '03', '05', '08'];target_channels=14;seed=1;val_split=0.2;filter=iir;split=calibration_curve_v2;train_runs=['01', '02', '03', '08'];test_run=05;metric=test_accuracy;notes_extra=experiment=calibration_curve_v2;k=4;draw=0;recipe=fix;tag=transfer_fix_iir_k4_test05_d0_s1"
2026-08-15T23:51:09.391375,transfer,/home/connor/Desktop/eeg-motor-classification/legacy/model/models/base_model_90_subjects.pt,1,481,0.5102040816326531,"csp_components=6;runs=['01', '02', '03', '05', '08'];target_channels=14;seed=2;val_split=0.2;filter=iir;split=calibration_curve_v2;train_runs=['01', '02', '03', '08'];test_run=05;metric=test_accuracy;notes_extra=experiment=calibration_curve_v2;k=4;draw=0;recipe=fix;tag=transfer_fix_iir_k4_test05_d0_s2"
2026-08-15T23:51:42.610018,transfer,/home/connor/Desktop/eeg-motor-classification/legacy/model/models/base_model_90_subjects.pt,1,483,0.5,"csp_components=6;runs=['01', '02', '05', '07', '08'];target_channels=14;seed=0;val_split=0.2;filter=iir;split=calibration_curve_v2;train_runs=['01', '02', '07', '08'];test_run=05;metric=test_accuracy;notes_extra=experiment=calibration_curve_v2;k=4;draw=1;recipe=fix;tag=transfer_fix_iir_k4_test05_d1_s0"
2026-08-15T23:51:43.683098,transfer,/home/connor/Desktop/eeg-motor-classification/legacy/model/models/base_model_90_subjects.pt,1,483,0.4897959183673469,"csp_components=6;runs=['01', '02', '05', '07', '08'];target_channels=14;seed=1;val_split=0.2;filter=iir;split=calibration_curve_v2;train_runs=['01', '02', '07', '08'];test_run=05;metric=test_accuracy;notes_extra=experiment=calibration_curve_v2;k=4;draw=1;recipe=fix;tag=transfer_fix_iir_k4_test05_d1_s1"
2026-08-15T23:51:55.695977,transfer,/home/connor/Desktop/eeg-motor-classification/legacy/model/models/base_model_90_subjects.pt,1,483,0.4693877551020408,"csp_components=6;runs=['01', '02', '05', '07', '08'];target_channels=14;seed=2;val_split=0.2;filter=iir;split=calibration_curve_v2;train_runs=['01', '02', '07', '08'];test_run=05;metric=test_accuracy;notes_extra=experiment=calibration_curve_v2;k=4;draw=1;recipe=fix;tag=transfer_fix_iir_k4_test05_d1_s2"
2026-08-15T23:52:20.430718,transfer,/home/connor/Desktop/eeg-motor-classification/legacy/model/models/base_model_90_subjects.pt,1,485,0.4639175257731959,"csp_components=6;runs=['01', '05', '06', '07', '08'];target_channels=14;seed=0;val_split=0.2;filter=iir;split=calibration_curve_v2;train_runs=['01', '05', '07', '08'];test_run=06;metric=test_accuracy;notes_extra=experiment=calibration_curve_v2;k=4;draw=0;recipe=fix;tag=transfer_fix_iir_k4_test06_d0_s0"
2026-08-15T23:52:25.718107,transfer,/home/connor/Desktop/eeg-motor-classification/legacy/model/models/base_model_90_subjects.pt,1,485,0.5051546391752577,"csp_components=6;runs=['01', '05', '06', '07', '08'];target_channels=14;seed=1;val_split=0.2;filter=iir;split=calibration_curve_v2;train_runs=['01', '05', '07', '08'];test_run=06;metric=test_accuracy;notes_extra=experiment=calibration_curve_v2;k=4;draw=0;recipe=fix;tag=transfer_fix_iir_k4_test06_d0_s1"
2026-08-15T23:52:41.983423,transfer,/home/connor/Desktop/eeg-motor-classification/legacy/model/models/base_model_90_subjects.pt,1,485,0.4948453608247423,"csp_components=6;runs=['01', '05', '06', '07', '08'];target_channels=14;seed=2;val_split=0.2;filter=iir;split=calibration_curve_v2;train_runs=['01', '05', '07', '08'];test_run=06;metric=test_accuracy;notes_extra=experiment=calibration_curve_v2;k=4;draw=0;recipe=fix;tag=transfer_fix_iir_k4_test06_d0_s2"
2026-08-15T23:53:01.947853,transfer,/home/connor/Desktop/eeg-motor-classification/legacy/model/models/base_model_90_subjects.pt,1,486,0.4432989690721649,"csp_components=6;runs=['02', '03', '05', '06', '07'];target_channels=14;seed=0;val_split=0.2;filter=iir;split=calibration_curve_v2;train_runs=['02', '03', '05', '07'];test_run=06;metric=test_accuracy;notes_extra=experiment=calibration_curve_v2;k=4;draw=1;recipe=fix;tag=transfer_fix_iir_k4_test06_d1_s0"
2026-08-15T23:53:09.586079,transfer,/home/connor/Desktop/eeg-motor-classification/legacy/model/models/base_model_90_subjects.pt,1,486,0.5154639175257731,"csp_components=6;runs=['02', '03', '05', '06', '07'];target_channels=14;seed=1;val_split=0.2;filter=iir;split=calibration_curve_v2;train_runs=['02', '03', '05', '07'];test_run=06;metric=test_accuracy;notes_extra=experiment=calibration_curve_v2;k=4;draw=1;recipe=fix;tag=transfer_fix_iir_k4_test06_d1_s1"
2026-08-15T23:53:24.948713,transfer,/home/connor/Desktop/eeg-motor-classification/legacy/model/models/base_model_90_subjects.pt,1,486,0.4639175257731959,"csp_components=6;runs=['02', '03', '05', '06', '07'];target_channels=14;seed=2;val_split=0.2;filter=iir;split=calibration_curve_v2;train_runs=['02', '03', '05', '07'];test_run=06;metric=test_accuracy;notes_extra=experiment=calibration_curve_v2;k=4;draw=1;recipe=fix;tag=transfer_fix_iir_k4_test06_d1_s2"
2026-08-15T23:53:51.752695,transfer,/home/connor/Desktop/eeg-motor-classification/legacy/model/models/base_model_90_subjects.pt,1,482,0.404040404040404,"csp_components=6;runs=['01', '02', '04', '07', '08'];target_channels=14;seed=0;val_split=0.2;filter=iir;split=calibration_curve_v2;train_runs=['01', '02', '04', '08'];test_run=07;metric=test_accuracy;notes_extra=experiment=calibration_curve_v2;k=4;draw=0;recipe=fix;tag=transfer_fix_iir_k4_test07_d0_s0"
2026-08-15T23:54:04.493997,transfer,/home/connor/Desktop/eeg-motor-classification/legacy/model/models/base_model_90_subjects.pt,1,482,0.4343434343434343,"csp_components=6;runs=['01', '02', '04', '07', '08'];target_channels=14;seed=1;val_split=0.2;filter=iir;split=calibration_curve_v2;train_runs=['01', '02', '04', '08'];test_run=07;metric=test_accuracy;notes_extra=experiment=calibration_curve_v2;k=4;draw=0;recipe=fix;tag=transfer_fix_iir_k4_test07_d0_s1"
2026-08-15T23:54:02.719131,transfer,/home/connor/Desktop/eeg-motor-classification/legacy/model/models/base_model_90_subjects.pt,1,482,0.404040404040404,"csp_components=6;runs=['01', '02', '04', '07', '08'];target_channels=14;seed=2;val_split=0.2;filter=iir;split=calibration_curve_v2;train_runs=['01', '02', '04', '08'];test_run=07;metric=test_accuracy;notes_extra=experiment=calibration_curve_v2;k=4;draw=0;recipe=fix;tag=transfer_fix_iir_k4_test07_d0_s2"
2026-08-15T23:54:34.638462,transfer,/home/connor/Desktop/eeg-motor-classification/legacy/model/models/base_model_90_subjects.pt,1,483,0.5151515151515151,"csp_components=6;runs=['02', '03', '05', '07', '08'];target_channels=14;seed=0;val_split=0.2;filter=iir;split=calibration_curve_v2;train_runs=['02', '03', '05', '08'];test_run=07;metric=test_accuracy;notes_extra=experiment=calibration_curve_v2;k=4;draw=1;recipe=fix;tag=transfer_fix_iir_k4_test07_d1_s0"
2026-08-15T23:54:41.211671,transfer,/home/connor/Desktop/eeg-motor-classification/legacy/model/models/base_model_90_subjects.pt,1,483,0.5353535353535354,"csp_components=6;runs=['02', '03', '05', '07', '08'];target_channels=14;seed=1;val_split=0.2;filter=iir;split=calibration_curve_v2;train_runs=['02', '03', '05', '08'];test_run=07;metric=test_accuracy;notes_extra=experiment=calibration_curve_v2;k=4;draw=1;recipe=fix;tag=transfer_fix_iir_k4_test07_d1_s1"
2026-08-15T23:54:44.233825,transfer,/home/connor/Desktop/eeg-motor-classification/legacy/model/models/base_model_90_subjects.pt,1,483,0.494949494949495,"csp_components=6;runs=['02', '03', '05', '07', '08'];target_channels=14;seed=2;val_split=0.2;filter=iir;split=calibration_curve_v2;train_runs=['02', '03', '05', '08'];test_run=07;metric=test_accuracy;notes_extra=experiment=calibration_curve_v2;k=4;draw=1;recipe=fix;tag=transfer_fix_iir_k4_test07_d1_s2"
2026-08-15T23:55:15.978728,transfer,/home/connor/Desktop/eeg-motor-classification/legacy/model/models/base_model_90_subjects.pt,1,485,0.4574468085106383,"csp_components=6;runs=['01', '03', '05', '07', '08'];target_channels=14;seed=0;val_split=0.2;filter=iir;split=calibration_curve_v2;train_runs=['01', '03', '05', '07'];test_run=08;metric=test_accuracy;notes_extra=experiment=calibration_curve_v2;k=4;draw=0;recipe=fix;tag=transfer_fix_iir_k4_test08_d0_s0"
2026-08-15T23:55:24.223317,transfer,/home/connor/Desktop/eeg-motor-classification/legacy/model/models/base_model_90_subjects.pt,1,485,0.4787234042553192,"csp_components=6;runs=['01', '03', '05', '07', '08'];target_channels=14;seed=1;val_split=0.2;filter=iir;split=calibration_curve_v2;train_runs=['01', '03', '05', '07'];test_run=08;metric=test_accuracy;notes_extra=experiment=calibration_curve_v2;k=4;draw=0;recipe=fix;tag=transfer_fix_iir_k4_test08_d0_s1"
2026-08-15T23:55:27.678250,transfer,/home/connor/Desktop/eeg-motor-classification/legacy/model/models/base_model_90_subjects.pt,1,485,0.5212765957446809,"csp_components=6;runs=['01', '03', '05', '07', '08'];target_channels=14;seed=2;val_split=0.2;filter=iir;split=calibration_curve_v2;train_runs=['01', '03', '05', '07'];test_run=08;metric=test_accuracy;notes_extra=experiment=calibration_curve_v2;k=4;draw=0;recipe=fix;tag=transfer_fix_iir_k4_test08_d0_s2"
2026-08-15T23:56:02.102885,transfer,/home/connor/Desktop/eeg-motor-classification/legacy/model/models/base_model_90_subjects.pt,1,485,0.5212765957446809,"csp_components=6;runs=['01', '04', '05', '07', '08'];target_channels=14;seed=0;val_split=0.2;filter=iir;split=calibration_curve_v2;train_runs=['01', '04', '05', '07'];test_run=08;metric=test_accuracy;notes_extra=experiment=calibration_curve_v2;k=4;draw=1;recipe=fix;tag=transfer_fix_iir_k4_test08_d1_s0"
2026-08-15T23:56:05.773698,transfer,/home/connor/Desktop/eeg-motor-classification/legacy/model/models/base_model_90_subjects.pt,1,485,0.5319148936170213,"csp_components=6;runs=['01', '04', '05', '07', '08'];target_channels=14;seed=1;val_split=0.2;filter=iir;split=calibration_curve_v2;train_runs=['01', '04', '05', '07'];test_run=08;metric=test_accuracy;notes_extra=experiment=calibration_curve_v2;k=4;draw=1;recipe=fix;tag=transfer_fix_iir_k4_test08_d1_s1"
2026-08-15T23:56:05.718860,transfer,/home/connor/Desktop/eeg-motor-classification/legacy/model/models/base_model_90_subjects.pt,1,485,0.5212765957446809,"csp_components=6;runs=['01', '04', '05', '07', '08'];target_channels=14;seed=2;val_split=0.2;filter=iir;split=calibration_curve_v2;train_runs=['01', '04', '05', '07'];test_run=08;metric=test_accuracy;notes_extra=experiment=calibration_curve_v2;k=4;draw=1;recipe=fix;tag=transfer_fix_iir_k4_test08_d1_s2"
2026-08-15T21:35:29.215261,transfer,/home/connor/Desktop/eeg-motor-classification/legacy/model/models/base_model_90_subjects.pt,1,774,0.4845360824742268,"csp_components=6;runs=['01', '02', '03', '04', '05', '06', '07', '08'];target_channels=14;seed=0;val_split=0.2;filter=iir;split=calibration_curve_v2;train_runs=['02', '03', '04', '05', '06', '07', '08'];test_run=01;metric=test_accuracy;notes_extra=experiment=calibration_curve_v2;k=7;draw=0;recipe=fix;tag=transfer_fix_iir_k7_test01_d0_s0"
2026-08-15T21:35:51.493836,transfer,/home/connor/Desktop/eeg-motor-classification/legacy/model/models/base_model_90_subjects.pt,1,774,0.4845360824742268,"csp_components=6;runs=['01', '02', '03', '04', '05', '06', '07', '08'];target_channels=14;seed=1;val_split=0.2;filter=iir;split=calibration_curve_v2;train_runs=['02', '03', '04', '05', '06', '07', '08'];test_run=01;metric=test_accuracy;notes_extra=experiment=calibration_curve_v2;k=7;draw=0;recipe=fix;tag=transfer_fix_iir_k7_test01_d0_s1"
2026-08-15T21:36:14.561289,transfer,/home/connor/Desktop/eeg-motor-classification/legacy/model/models/base_model_90_subjects.pt,1,774,0.4948453608247423,"csp_components=6;runs=['01', '02', '03', '04', '05', '06', '07', '08'];target_channels=14;seed=2;val_split=0.2;filter=iir;split=calibration_curve_v2;train_runs=['02', '03', '04', '05', '06', '07', '08'];test_run=01;metric=test_accuracy;notes_extra=experiment=calibration_curve_v2;k=7;draw=0;recipe=fix;tag=transfer_fix_iir_k7_test01_d0_s2"
2026-08-15T21:37:42.038421,transfer,/home/connor/Desktop/eeg-motor-classification/legacy/model/models/base_model_90_subjects.pt,1,774,0.5578947368421052,"csp_components=6;runs=['01', '02', '03', '04', '05', '06', '07', '08'];target_channels=14;seed=0;val_split=0.2;filter=iir;split=calibration_curve_v2;train_runs=['01', '03', '04', '05', '06', '07', '08'];test_run=02;metric=test_accuracy;notes_extra=experiment=calibration_curve_v2;k=7;draw=0;recipe=fix;tag=transfer_fix_iir_k7_test02_d0_s0"
2026-08-15T21:38:05.155840,transfer,/home/connor/Desktop/eeg-motor-classification/legacy/model/models/base_model_90_subjects.pt,1,774,0.5473684210526316,"csp_components=6;runs=['01', '02', '03', '04', '05', '06', '07', '08'];target_channels=14;seed=1;val_split=0.2;filter=iir;split=calibration_curve_v2;train_runs=['01', '03', '04', '05', '06', '07', '08'];test_run=02;metric=test_accuracy;notes_extra=experiment=calibration_curve_v2;k=7;draw=0;recipe=fix;tag=transfer_fix_iir_k7_test02_d0_s1"
2026-08-15T21:38:28.727680,transfer,/home/connor/Desktop/eeg-motor-classification/legacy/model/models/base_model_90_subjects.pt,1,774,0.5157894736842106,"csp_components=6;runs=['01', '02', '03', '04', '05', '06', '07', '08'];target_channels=14;seed=2;val_split=0.2;filter=iir;split=calibration_curve_v2;train_runs=['01', '03', '04', '05', '06', '07', '08'];test_run=02;metric=test_accuracy;notes_extra=experiment=calibration_curve_v2;k=7;draw=0;recipe=fix;tag=transfer_fix_iir_k7_test02_d0_s2"
2026-08-15T21:40:00.426053,transfer,/home/connor/Desktop/eeg-motor-classification/legacy/model/models/base_model_90_subjects.pt,1,774,0.5051546391752577,"csp_components=6;runs=['01', '02', '03', '04', '05', '06', '07', '08'];target_channels=14;seed=0;val_split=0.2;filter=iir;split=calibration_curve_v2;train_runs=['01', '02', '04', '05', '06', '07', '08'];test_run=03;metric=test_accuracy;notes_extra=experiment=calibration_curve_v2;k=7;draw=0;recipe=fix;tag=transfer_fix_iir_k7_test03_d0_s0"
2026-08-15T21:40:21.933723,transfer,/home/connor/Desktop/eeg-motor-classification/legacy/model/models/base_model_90_subjects.pt,1,774,0.4742268041237113,"csp_components=6;runs=['01', '02', '03', '04', '05', '06', '07', '08'];target_channels=14;seed=1;val_split=0.2;filter=iir;split=calibration_curve_v2;train_runs=['01', '02', '04', '05', '06', '07', '08'];test_run=03;metric=test_accuracy;notes_extra=experiment=calibration_curve_v2;k=7;draw=0;recipe=fix;tag=transfer_fix_iir_k7_test03_d0_s1"
2026-08-15T21:40:44.932642,transfer,/home/connor/Desktop/eeg-motor-classification/legacy/model/models/base_model_90_subjects.pt,1,774,0.4639175257731959,"csp_components=6;runs=['01', '02', '03', '04', '05', '06', '07', '08'];target_channels=14;seed=2;val_split=0.2;filter=iir;split=calibration_curve_v2;train_runs=['01', '02', '04', '05', '06', '07', '08'];test_run=03;metric=test_accuracy;notes_extra=experiment=calibration_curve_v2;k=7;draw=0;recipe=fix;tag=transfer_fix_iir_k7_test03_d0_s2"
2026-08-15T21:42:11.985131,transfer,/home/connor/Desktop/eeg-motor-classification/legacy/model/models/base_model_90_subjects.pt,1,774,0.3917525773195876,"csp_components=6;runs=['01', '02', '03', '04', '05', '06', '07', '08'];target_channels=14;seed=0;val_split=0.2;filter=iir;split=calibration_curve_v2;train_runs=['01', '02', '03', '05', '06', '07', '08'];test_run=04;metric=test_accuracy;notes_extra=experiment=calibration_curve_v2;k=7;draw=0;recipe=fix;tag=transfer_fix_iir_k7_test04_d0_s0"
2026-08-15T21:42:33.583910,transfer,/home/connor/Desktop/eeg-motor-classification/legacy/model/models/base_model_90_subjects.pt,1,774,0.422680412371134,"csp_components=6;runs=['01', '02', '03', '04', '05', '06', '07', '08'];target_channels=14;seed=1;val_split=0.2;filter=iir;split=calibration_curve_v2;train_runs=['01', '02', '03', '05', '06', '07', '08'];test_run=04;metric=test_accuracy;notes_extra=experiment=calibration_curve_v2;k=7;draw=0;recipe=fix;tag=transfer_fix_iir_k7_test04_d0_s1"
2026-08-15T21:42:56.175209,transfer,/home/connor/Desktop/eeg-motor-classification/legacy/model/models/base_model_90_subjects.pt,1,774,0.4020618556701031,"csp_components=6;runs=['01', '02', '03', '04', '05', '06', '07', '08'];target_channels=14;seed=2;val_split=0.2;filter=iir;split=calibration_curve_v2;train_runs=['01', '02', '03', '05', '06', '07', '08'];test_run=04;metric=test_accuracy;notes_extra=experiment=calibration_curve_v2;k=7;draw=0;recipe=fix;tag=transfer_fix_iir_k7_test04_d0_s2"
2026-08-15T21:44:26.854274,transfer,/home/connor/Desktop/eeg-motor-classification/legacy/model/models/base_model_90_subjects.pt,1,774,0.5408163265306123,"csp_components=6;runs=['01', '02', '03', '04', '05', '06', '07', '08'];target_channels=14;seed=0;val_split=0.2;filter=iir;split=calibration_curve_v2;train_runs=['01', '02', '03', '04', '06', '07', '08'];test_run=05;metric=test_accuracy;notes_extra=experiment=calibration_curve_v2;k=7;draw=0;recipe=fix;tag=transfer_fix_iir_k7_test05_d0_s0"
2026-08-15T21:44:48.691492,transfer,/home/connor/Desktop/eeg-motor-classification/legacy/model/models/base_model_90_subjects.pt,1,774,0.4897959183673469,"csp_components=6;runs=['01', '02', '03', '04', '05', '06', '07', '08'];target_channels=14;seed=1;val_split=0.2;filter=iir;split=calibration_curve_v2;train_runs=['01', '02', '03', '04', '06', '07', '08'];test_run=05;metric=test_accuracy;notes_extra=experiment=calibration_curve_v2;k=7;draw=0;recipe=fix;tag=transfer_fix_iir_k7_test05_d0_s1"
2026-08-15T21:45:12.005278,transfer,/home/connor/Desktop/eeg-motor-classification/legacy/model/models/base_model_90_subjects.pt,1,774,0.5,"csp_components=6;runs=['01', '02', '03', '04', '05', '06', '07', '08'];target_channels=14;seed=2;val_split=0.2;filter=iir;split=calibration_curve_v2;train_runs=['01', '02', '03', '04', '06', '07', '08'];test_run=05;metric=test_accuracy;notes_extra=experiment=calibration_curve_v2;k=7;draw=0;recipe=fix;tag=transfer_fix_iir_k7_test05_d0_s2"
2026-08-15T21:46:42.004391,transfer,/home/connor/Desktop/eeg-motor-classification/legacy/model/models/base_model_90_subjects.pt,1,774,0.5154639175257731,"csp_components=6;runs=['01', '02', '03', '04', '05', '06', '07', '08'];target_channels=14;seed=0;val_split=0.2;filter=iir;split=calibration_curve_v2;train_runs=['01', '02', '03', '04', '05', '07', '08'];test_run=06;metric=test_accuracy;notes_extra=experiment=calibration_curve_v2;k=7;draw=0;recipe=fix;tag=transfer_fix_iir_k7_test06_d0_s0"
2026-08-15T21:47:04.464899,transfer,/home/connor/Desktop/eeg-motor-classification/legacy/model/models/base_model_90_subjects.pt,1,774,0.4742268041237113,"csp_components=6;runs=['01', '02', '03', '04', '05', '06', '07', '08'];target_channels=14;seed=1;val_split=0.2;filter=iir;split=calibration_curve_v2;train_runs=['01', '02', '03', '04', '05', '07', '08'];test_run=06;metric=test_accuracy;notes_extra=experiment=calibration_curve_v2;k=7;draw=0;recipe=fix;tag=transfer_fix_iir_k7_test06_d0_s1"
2026-08-15T21:47:27.370360,transfer,/home/connor/Desktop/eeg-motor-classification/legacy/model/models/base_model_90_subjects.pt,1,774,0.5360824742268041,"csp_components=6;runs=['01', '02', '03', '04', '05', '06', '07', '08'];target_channels=14;seed=2;val_split=0.2;filter=iir;split=calibration_curve_v2;train_runs=['01', '02', '03', '04', '05', '07', '08'];test_run=06;metric=test_accuracy;notes_extra=experiment=calibration_curve_v2;k=7;draw=0;recipe=fix;tag=transfer_fix_iir_k7_test06_d0_s2"
2026-08-15T21:48:55.353618,transfer,/home/connor/Desktop/eeg-motor-classification/legacy/model/models/base_model_90_subjects.pt,1,774,0.4343434343434343,"csp_components=6;runs=['01', '02', '03', '04', '05', '06', '07', '08'];target_channels=14;seed=0;val_split=0.2;filter=iir;split=calibration_curve_v2;train_runs=['01', '02', '03', '04', '05', '06', '08'];test_run=07;metric=test_accuracy;notes_extra=experiment=calibration_curve_v2;k=7;draw=0;recipe=fix;tag=transfer_fix_iir_k7_test07_d0_s0"
2026-08-15T21:54:04.879933,transfer,/home/connor/Desktop/eeg-motor-classification/legacy/model/models/base_model_90_subjects.pt,1,774,0.4646464646464646,"csp_components=6;runs=['01', '02', '03', '04', '05', '06', '07', '08'];target_channels=14;seed=1;val_split=0.2;filter=iir;split=calibration_curve_v2;train_runs=['01', '02', '03', '04', '05', '06', '08'];test_run=07;metric=test_accuracy;notes_extra=experiment=calibration_curve_v2;k=7;draw=0;recipe=fix;tag=transfer_fix_iir_k7_test07_d0_s1"
2026-08-15T21:54:26.558066,transfer,/home/connor/Desktop/eeg-motor-classification/legacy/model/models/base_model_90_subjects.pt,1,774,0.4747474747474747,"csp_components=6;runs=['01', '02', '03', '04', '05', '06', '07', '08'];target_channels=14;seed=2;val_split=0.2;filter=iir;split=calibration_curve_v2;train_runs=['01', '02', '03', '04', '05', '06', '08'];test_run=07;metric=test_accuracy;notes_extra=experiment=calibration_curve_v2;k=7;draw=0;recipe=fix;tag=transfer_fix_iir_k7_test07_d0_s2"
2026-08-15T23:04:23.330530,transfer,/home/connor/Desktop/eeg-motor-classification/legacy/model/models/base_model_90_subjects.pt,1,774,0.5,"csp_components=6;runs=['01', '02', '03', '04', '05', '06', '07', '08'];target_channels=14;seed=0;val_split=0.2;filter=iir;split=calibration_curve_v2;train_runs=['01', '02', '03', '04', '05', '06', '07'];test_run=08;metric=test_accuracy;notes_extra=experiment=calibration_curve_v2;k=7;draw=0;recipe=fix;tag=transfer_fix_iir_k7_test08_d0_s0"
2026-08-15T23:04:25.255485,transfer,/home/connor/Desktop/eeg-motor-classification/legacy/model/models/base_model_90_subjects.pt,1,774,0.5,"csp_components=6;runs=['01', '02', '03', '04', '05', '06', '07', '08'];target_channels=14;seed=1;val_split=0.2;filter=iir;split=calibration_curve_v2;train_runs=['01', '02', '03', '04', '05', '06', '07'];test_run=08;metric=test_accuracy;notes_extra=experiment=calibration_curve_v2;k=7;draw=0;recipe=fix;tag=transfer_fix_iir_k7_test08_d0_s1"
2026-08-15T23:04:55.235067,transfer,/home/connor/Desktop/eeg-motor-classification/legacy/model/models/base_model_90_subjects.pt,1,774,0.5106382978723404,"csp_components=6;runs=['01', '02', '03', '04', '05', '06', '07', '08'];target_channels=14;seed=2;val_split=0.2;filter=iir;split=calibration_curve_v2;train_runs=['01', '02', '03', '04', '05', '06', '07'];test_run=08;metric=test_accuracy;notes_extra=experiment=calibration_curve_v2;k=7;draw=0;recipe=fix;tag=transfer_fix_iir_k7_test08_d0_s2"
2026-08-16T00:07:56.950314,ts_lr,,1,200,0.67,"csp_components=6;runs=['01', '02', '03', '04', '05', '06', '07', '08'];seed=0;val_split=0.0;split=calibration_curve_v2;train_runs=['02'];test_run=01;metric=test_accuracy;baseline=ts_lr;tslr_tmin=0.5;tslr_tmax=2.0;tslr_use_csd=1;tslr_cov_est=lwf;notes_extra=experiment=calibration_curve_v2;k=1;draw=0;recipe=classical;tag=ts_lr_classical_native_k1_test01_d0_s0"
2026-08-16T00:07:58.359318,ts_lr,,1,200,0.67,"csp_components=6;runs=['01', '02', '03', '04', '05', '06', '07', '08'];seed=0;val_split=0.0;split=calibration_curve_v2;train_runs=['08'];test_run=01;metric=test_accuracy;baseline=ts_lr;tslr_tmin=0.5;tslr_tmax=2.0;tslr_use_csd=1;tslr_cov_est=lwf;notes_extra=experiment=calibration_curve_v2;k=1;draw=1;recipe=classical;tag=ts_lr_classical_native_k1_test01_d1_s0"
2026-08-16T00:07:57.012637,ts_lr,,1,200,0.52,"csp_components=6;runs=['01', '02', '03', '04', '05', '06', '07', '08'];seed=0;val_split=0.0;split=calibration_curve_v2;train_runs=['05'];test_run=02;metric=test_accuracy;baseline=ts_lr;tslr_tmin=0.5;tslr_tmax=2.0;tslr_use_csd=1;tslr_cov_est=lwf;notes_extra=experiment=calibration_curve_v2;k=1;draw=0;recipe=classical;tag=ts_lr_classical_native_k1_test02_d0_s0"
2026-08-16T00:07:57.844613,ts_lr,,1,200,0.55,"csp_components=6;runs=['01', '02', '03', '04', '05', '06', '07', '08'];seed=0;val_split=0.0;split=calibration_curve_v2;train_runs=['06'];test_run=02;metric=test_accuracy;baseline=ts_lr;tslr_tmin=0.5;tslr_tmax=2.0;tslr_use_csd=1;tslr_cov_est=lwf;notes_extra=experiment=calibration_curve_v2;k=1;draw=1;recipe=classical;tag=ts_lr_classical_native_k1_test02_d1_s0"
2026-08-16T00:07:57.946331,ts_lr,,1,200,0.48,"csp_components=6;runs=['01', '02', '03', '04', '05', '06', '07', '08'];seed=0;val_split=0.0;split=calibration_curve_v2;train_runs=['05'];test_run=03;metric=test_accuracy;baseline=ts_lr;tslr_tmin=0.5;tslr_tmax=2.0;tslr_use_csd=1;tslr_cov_est=lwf;notes_extra=experiment=calibration_curve_v2;k=1;draw=0;recipe=classical;tag=ts_lr_classical_native_k1_test03_d0_s0"
2026-08-16T00:07:58.257495,ts_lr,,1,200,0.54,"csp_components=6;runs=['01', '02', '03', '04', '05', '06', '07', '08'];seed=0;val_split=0.0;split=calibration_curve_v2;train_runs=['06'];test_run=03;metric=test_accuracy;baseline=ts_lr;tslr_tmin=0.5;tslr_tmax=2.0;tslr_use_csd=1;tslr_cov_est=lwf;notes_extra=experiment=calibration_curve_v2;k=1;draw=1;recipe=classical;tag=ts_lr_classical_native_k1_test03_d1_s0"
2026-08-16T00:07:59.116646,ts_lr,,1,200,0.56,"csp_components=6;runs=['01', '02', '03', '04', '05', '06', '07', '08'];seed=0;val_split=0.0;split=calibration_curve_v2;train_runs=['01'];test_run=04;metric=test_accuracy;baseline=ts_lr;tslr_tmin=0.5;tslr_tmax=2.0;tslr_use_csd=1;tslr_cov_est=lwf;notes_extra=experiment=calibration_curve_v2;k=1;draw=0;recipe=classical;tag=ts_lr_classical_native_k1_test04_d0_s0"
2026-08-16T00:08:00.251119,ts_lr,,1,200,0.51,"csp_components=6;runs=['01', '02', '03', '04', '05', '06', '07', '08'];seed=0;val_split=0.0;split=calibration_curve_v2;train_runs=['05'];test_run=04;metric=test_accuracy;baseline=ts_lr;tslr_tmin=0.5;tslr_tmax=2.0;tslr_use_csd=1;tslr_cov_est=lwf;notes_extra=experiment=calibration_curve_v2;k=1;draw=1;recipe=classical;tag=ts_lr_classical_native_k1_test04_d1_s0"
2026-08-16T00:08:00.272393,ts_lr,,1,200,0.44,"csp_components=6;runs=['01', '02', '03', '04', '05', '06', '07', '08'];seed=0;val_split=0.0;split=calibration_curve_v2;train_runs=['04'];test_run=05;metric=test_accuracy;baseline=ts_lr;tslr_tmin=0.5;tslr_tmax=2.0;tslr_use_csd=1;tslr_cov_est=lwf;notes_extra=experiment=calibration_curve_v2;k=1;draw=0;recipe=classical;tag=ts_lr_classical_native_k1_test05_d0_s0"
2026-08-16T00:08:00.203800,ts_lr,,1,200,0.58,"csp_components=6;runs=['01', '02', '03', '04', '05', '06', '07', '08'];seed=0;val_split=0.0;split=calibration_curve_v2;train_runs=['08'];test_run=05;metric=test_accuracy;baseline=ts_lr;tslr_tmin=0.5;tslr_tmax=2.0;tslr_use_csd=1;tslr_cov_est=lwf;notes_extra=experiment=calibration_curve_v2;k=1;draw=1;recipe=classical;tag=ts_lr_classical_native_k1_test05_d1_s0"
2026-08-16T00:07:59.691730,ts_lr,,1,200,0.5,"csp_components=6;runs=['01', '02', '03', '04', '05', '06', '07', '08'];seed=0;val_split=0.0;split=calibration_curve_v2;train_runs=['01'];test_run=06;metric=test_accuracy;baseline=ts_lr;tslr_tmin=0.5;tslr_tmax=2.0;tslr_use_csd=1;tslr_cov_est=lwf;notes_extra=experiment=calibration_curve_v2;k=1;draw=0;recipe=classical;tag=ts_lr_classical_native_k1_test06_d0_s0"
2026-08-16T00:08:00.342989,ts_lr,,1,200,0.5,"csp_components=6;runs=['01', '02', '03', '04', '05', '06', '07', '08'];seed=0;val_split=0.0;split=calibration_curve_v2;train_runs=['03'];test_run=06;metric=test_accuracy;baseline=ts_lr;tslr_tmin=0.5;tslr_tmax=2.0;tslr_use_csd=1;tslr_cov_est=lwf;notes_extra=experiment=calibration_curve_v2;k=1;draw=1;recipe=classical;tag=ts_lr_classical_native_k1_test06_d1_s0"
2026-08-16T00:08:00.869223,ts_lr,,1,200,0.51,"csp_components=6;runs=['01', '02', '03', '04', '05', '06', '07', '08'];seed=0;val_split=0.0;split=calibration_curve_v2;train_runs=['01'];test_run=07;metric=test_accuracy;baseline=ts_lr;tslr_tmin=0.5;tslr_tmax=2.0;tslr_use_csd=1;tslr_cov_est=lwf;notes_extra=experiment=calibration_curve_v2;k=1;draw=0;recipe=classical;tag=ts_lr_classical_native_k1_test07_d0_s0"
2026-08-16T00:08:00.804895,ts_lr,,1,200,0.5,"csp_components=6;runs=['01', '02', '03', '04', '05', '06', '07', '08'];seed=0;val_split=0.0;split=calibration_curve_v2;train_runs=['08'];test_run=07;metric=test_accuracy;baseline=ts_lr;tslr_tmin=0.5;tslr_tmax=2.0;tslr_use_csd=1;tslr_cov_est=lwf;notes_extra=experiment=calibration_curve_v2;k=1;draw=1;recipe=classical;tag=ts_lr_classical_native_k1_test07_d1_s0"
2026-08-16T00:08:01.106767,ts_lr,,1,200,0.51,"csp_components=6;runs=['01', '02', '03', '04', '05', '06', '07', '08'];seed=0;val_split=0.0;split=calibration_curve_v2;train_runs=['04'];test_run=08;metric=test_accuracy;baseline=ts_lr;tslr_tmin=0.5;tslr_tmax=2.0;tslr_use_csd=1;tslr_cov_est=lwf;notes_extra=experiment=calibration_curve_v2;k=1;draw=0;recipe=classical;tag=ts_lr_classical_native_k1_test08_d0_s0"
2026-08-16T00:08:01.092978,ts_lr,,1,200,0.56,"csp_components=6;runs=['01', '02', '03', '04', '05', '06', '07', '08'];seed=0;val_split=0.0;split=calibration_curve_v2;train_runs=['05'];test_run=08;metric=test_accuracy;baseline=ts_lr;tslr_tmin=0.5;tslr_tmax=2.0;tslr_use_csd=1;tslr_cov_est=lwf;notes_extra=experiment=calibration_curve_v2;k=1;draw=1;recipe=classical;tag=ts_lr_classical_native_k1_test08_d1_s0"
2026-08-16T00:07:48.325909,ts_lr,,1,300,0.72,"csp_components=6;runs=['01', '02', '03', '04', '05', '06', '07', '08'];seed=0;val_split=0.0;split=calibration_curve_v2;train_runs=['02', '04'];test_run=01;metric=test_accuracy;baseline=ts_lr;tslr_tmin=0.5;tslr_tmax=2.0;tslr_use_csd=1;tslr_cov_est=lwf;notes_extra=experiment=calibration_curve_v2;k=2;draw=0;recipe=classical;tag=ts_lr_classical_native_k2_test01_d0_s0"
2026-08-16T00:07:49.279215,ts_lr,,1,300,0.62,"csp_components=6;runs=['01', '02', '03', '04', '05', '06', '07', '08'];seed=0;val_split=0.0;split=calibration_curve_v2;train_runs=['02', '06'];test_run=01;metric=test_accuracy;baseline=ts_lr;tslr_tmin=0.5;tslr_tmax=2.0;tslr_use_csd=1;tslr_cov_est=lwf;notes_extra=experiment=calibration_curve_v2;k=2;draw=1;recipe=classical;tag=ts_lr_classical_native_k2_test01_d1_s0"
2026-08-16T00:07:50.497826,ts_lr,,1,300,0.71,"csp_components=6;runs=['01', '02', '03', '04', '05', '06', '07', '08'];seed=0;val_split=0.0;split=calibration_curve_v2;train_runs=['01', '07'];test_run=02;metric=test_accuracy;baseline=ts_lr;tslr_tmin=0.5;tslr_tmax=2.0;tslr_use_csd=1;tslr_cov_est=lwf;notes_extra=experiment=calibration_curve_v2;k=2;draw=0;recipe=classical;tag=ts_lr_classical_native_k2_test02_d0_s0"
2026-08-16T00:07:50.102005,ts_lr,,1,300,0.47,"csp_components=6;runs=['01', '02', '03', '04', '05', '06', '07', '08'];seed=0;val_split=0.0;split=calibration_curve_v2;train_runs=['04', '06'];test_run=02;metric=test_accuracy;baseline=ts_lr;tslr_tmin=0.5;tslr_tmax=2.0;tslr_use_csd=1;tslr_cov_est=lwf;notes_extra=experiment=calibration_curve_v2;k=2;draw=1;recipe=classical;tag=ts_lr_classical_native_k2_test02_d1_s0"
2026-08-16T00:07:52.050165,ts_lr,,1,300,0.54,"csp_components=6;runs=['01', '02', '03', '04', '05', '06', '07', '08'];seed=0;val_split=0.0;split=calibration_curve_v2;train_runs=['01', '07'];test_run=03;metric=test_accuracy;baseline=ts_lr;tslr_tmin=0.5;tslr_tmax=2.0;tslr_use_csd=1;tslr_cov_est=lwf;notes_extra=experiment=calibration_curve_v2;k=2;draw=0;recipe=classical;tag=ts_lr_classical_native_k2_test03_d0_s0"
2026-08-16T00:07:52.660106,ts_lr,,1,300,0.54,"csp_components=6;runs=['01', '02', '03', '04', '05', '06', '07', '08'];seed=0;val_split=0.0;split=calibration_curve_v2;train_runs=['06', '07'];test_run=03;metric=test_accuracy;baseline=ts_lr;tslr_tmin=0.5;tslr_tmax=2.0;tslr_use_csd=1;tslr_cov_est=lwf;notes_extra=experiment=calibration_curve_v2;k=2;draw=1;recipe=classical;tag=ts_lr_classical_native_k2_test03_d1_s0"
2026-08-16T00:07:53.269289,ts_lr,,1,300,0.54,"csp_components=6;runs=['01', '02', '03', '04', '05', '06', '07', '08'];seed=0;val_split=0.0;split=calibration_curve_v2;train_runs=['01', '06'];test_run=04;metric=test_accuracy;baseline=ts_lr;tslr_tmin=0.5;tslr_tmax=2.0;tslr_use_csd=1;tslr_cov_est=lwf;notes_extra=experiment=calibration_curve_v2;k=2;draw=0;recipe=classical;tag=ts_lr_classical_native_k2_test04_d0_s0"
2026-08-16T00:07:53.814947,ts_lr,,1,300,0.63,"csp_components=6;runs=['01', '02', '03', '04', '05', '06', '07', '08'];seed=0;val_split=0.0;split=calibration_curve_v2;train_runs=['06', '08'];test_run=04;metric=test_accuracy;baseline=ts_lr;tslr_tmin=0.5;tslr_tmax=2.0;tslr_use_csd=1;tslr_cov_est=lwf;notes_extra=experiment=calibration_curve_v2;k=2;draw=1;recipe=classical;tag=ts_lr_classical_native_k2_test04_d1_s0"
2026-08-16T00:07:52.955056,ts_lr,,1,300,0.5,"csp_components=6;runs=['01', '02', '03', '04', '05', '06', '07', '08'];seed=0;val_split=0.0;split=calibration_curve_v2;train_runs=['01', '04'];test_run=05;metric=test_accuracy;baseline=ts_lr;tslr_tmin=0.5;tslr_tmax=2.0;tslr_use_csd=1;tslr_cov_est=lwf;notes_extra=experiment=calibration_curve_v2;k=2;draw=0;recipe=classical;tag=ts_lr_classical_native_k2_test05_d0_s0"
2026-08-16T00:07:54.323367,ts_lr,,1,300,0.49,"csp_components=6;runs=['01', '02', '03', '04', '05', '06', '07', '08'];seed=0;val_split=0.0;split=calibration_curve_v2;train_runs=['02', '04'];test_run=05;metric=test_accuracy;baseline=ts_lr;tslr_tmin=0.5;tslr_tmax=2.0;tslr_use_csd=1;tslr_cov_est=lwf;notes_extra=experiment=calibration_curve_v2;k=2;draw=1;recipe=classical;tag=ts_lr_classical_native_k2_test05_d1_s0"
2026-08-16T00:07:53.795859,ts_lr,,1,300,0.51,"csp_components=6;runs=['01', '02', '03', '04', '05', '06', '07', '08'];seed=0;val_split=0.0;split=calibration_curve_v2;train_runs=['01', '07'];test_run=06;metric=test_accuracy;baseline=ts_lr;tslr_tmin=0.5;tslr_tmax=2.0;tslr_use_csd=1;tslr_cov_est=lwf;notes_extra=experiment=calibration_curve_v2;k=2;draw=0;recipe=classical;tag=ts_lr_classical_native_k2_test06_d0_s0"
2026-08-16T00:07:56.319909,ts_lr,,1,300,0.58,"csp_components=6;runs=['01', '02', '03', '04', '05', '06', '07', '08'];seed=0;val_split=0.0;split=calibration_curve_v2;train_runs=['04', '05'];test_run=06;metric=test_accuracy;baseline=ts_lr;tslr_tmin=0.5;tslr_tmax=2.0;tslr_use_csd=1;tslr_cov_est=lwf;notes_extra=experiment=calibration_curve_v2;k=2;draw=1;recipe=classical;tag=ts_lr_classical_native_k2_test06_d1_s0"
2026-08-16T00:07:56.269311,ts_lr,,1,300,0.52,"csp_components=6;runs=['01', '02', '03', '04', '05', '06', '07', '08'];seed=0;val_split=0.0;split=calibration_curve_v2;train_runs=['01', '08'];test_run=07;metric=test_accuracy;baseline=ts_lr;tslr_tmin=0.5;tslr_tmax=2.0;tslr_use_csd=1;tslr_cov_est=lwf;notes_extra=experiment=calibration_curve_v2;k=2;draw=0;recipe=classical;tag=ts_lr_classical_native_k2_test07_d0_s0"
2026-08-16T00:07:56.180286,ts_lr,,1,300,0.63,"csp_components=6;runs=['01', '02', '03', '04', '05', '06', '07', '08'];seed=0;val_split=0.0;split=calibration_curve_v2;train_runs=['02', '06'];test_run=07;metric=test_accuracy;baseline=ts_lr;tslr_tmin=0.5;tslr_tmax=2.0;tslr_use_csd=1;tslr_cov_est=lwf;notes_extra=experiment=calibration_curve_v2;k=2;draw=1;recipe=classical;tag=ts_lr_classical_native_k2_test07_d1_s0"
2026-08-16T00:07:56.045825,ts_lr,,1,300,0.52,"csp_components=6;runs=['01', '02', '03', '04', '05', '06', '07', '08'];seed=0;val_split=0.0;split=calibration_curve_v2;train_runs=['02', '05'];test_run=08;metric=test_accuracy;baseline=ts_lr;tslr_tmin=0.5;tslr_tmax=2.0;tslr_use_csd=1;tslr_cov_est=lwf;notes_extra=experiment=calibration_curve_v2;k=2;draw=0;recipe=classical;tag=ts_lr_classical_native_k2_test08_d0_s0"
2026-08-16T00:07:57.106879,ts_lr,,1,300,0.61,"csp_components=6;runs=['01', '02', '03', '04', '05', '06', '07', '08'];seed=0;val_split=0.0;split=calibration_curve_v2;train_runs=['04', '07'];test_run=08;metric=test_accuracy;baseline=ts_lr;tslr_tmin=0.5;tslr_tmax=2.0;tslr_use_csd=1;tslr_cov_est=lwf;notes_extra=experiment=calibration_curve_v2;k=2;draw=1;recipe=classical;tag=ts_lr_classical_native_k2_test08_d1_s0"
2026-08-16T00:07:32.308736,ts_lr,,1,500,0.67,"csp_components=6;runs=['01', '02', '03', '04', '05', '06', '07', '08'];seed=0;val_split=0.0;split=calibration_curve_v2;train_runs=['03', '05', '06', '07'];test_run=01;metric=test_accuracy;baseline=ts_lr;tslr_tmin=0.5;tslr_tmax=2.0;tslr_use_csd=1;tslr_cov_est=lwf;notes_extra=experiment=calibration_curve_v2;k=4;draw=0;recipe=classical;tag=ts_lr_classical_native_k4_test01_d0_s0"
2026-08-16T00:07:32.718500,ts_lr,,1,500,0.7,"csp_components=6;runs=['01', '02', '03', '04', '05', '06', '07', '08'];seed=0;val_split=0.0;split=calibration_curve_v2;train_runs=['03', '05', '07', '08'];test_run=01;metric=test_accuracy;baseline=ts_lr;tslr_tmin=0.5;tslr_tmax=2.0;tslr_use_csd=1;tslr_cov_est=lwf;notes_extra=experiment=calibration_curve_v2;k=4;draw=1;recipe=classical;tag=ts_lr_classical_native_k4_test01_d1_s0"
2026-08-16T00:07:33.978558,ts_lr,,1,500,0.77,"csp_components=6;runs=['01', '02', '03', '04', '05', '06', '07', '08'];seed=0;val_split=0.0;split=calibration_curve_v2;train_runs=['01', '03', '07', '08'];test_run=02;metric=test_accuracy;baseline=ts_lr;tslr_tmin=0.5;tslr_tmax=2.0;tslr_use_csd=1;tslr_cov_est=lwf;notes_extra=experiment=calibration_curve_v2;k=4;draw=0;recipe=classical;tag=ts_lr_classical_native_k4_test02_d0_s0"
2026-08-16T00:07:33.024801,ts_lr,,1,500,0.65,"csp_components=6;runs=['01', '02', '03', '04', '05', '06', '07', '08'];seed=0;val_split=0.0;split=calibration_curve_v2;train_runs=['05', '06', '07', '08'];test_run=02;metric=test_accuracy;baseline=ts_lr;tslr_tmin=0.5;tslr_tmax=2.0;tslr_use_csd=1;tslr_cov_est=lwf;notes_extra=experiment=calibration_curve_v2;k=4;draw=1;recipe=classical;tag=ts_lr_classical_native_k4_test02_d1_s0"
2026-08-16T00:07:40.536100,ts_lr,,1,500,0.58,"csp_components=6;runs=['01', '02', '03', '04', '05', '06', '07', '08'];seed=0;val_split=0.0;split=calibration_curve_v2;train_runs=['01', '04', '06', '08'];test_run=03;metric=test_accuracy;baseline=ts_lr;tslr_tmin=0.5;tslr_tmax=2.0;tslr_use_csd=1;tslr_cov_est=lwf;notes_extra=experiment=calibration_curve_v2;k=4;draw=0;recipe=classical;tag=ts_lr_classical_native_k4_test03_d0_s0"
2026-08-16T00:07:42.983112,ts_lr,,1,500,0.56,"csp_components=6;runs=['01', '02', '03', '04', '05', '06', '07', '08'];seed=0;val_split=0.0;split=calibration_curve_v2;train_runs=['02', '06', '07', '08'];test_run=03;metric=test_accuracy;baseline=ts_lr;tslr_tmin=0.5;tslr_tmax=2.0;tslr_use_csd=1;tslr_cov_est=lwf;notes_extra=experiment=calibration_curve_v2;k=4;draw=1;recipe=classical;tag=ts_lr_classical_native_k4_test03_d1_s0"
2026-08-16T00:07:42.332977,ts_lr,,1,500,0.51,"csp_components=6;runs=['01', '02', '03', '04', '05', '06', '07', '08'];seed=0;val_split=0.0;split=calibration_curve_v2;train_runs=['01', '05', '06', '07'];test_run=04;metric=test_accuracy;baseline=ts_lr;tslr_tmin=0.5;tslr_tmax=2.0;tslr_use_csd=1;tslr_cov_est=lwf;notes_extra=experiment=calibration_curve_v2;k=4;draw=0;recipe=classical;tag=ts_lr_classical_native_k4_test04_d0_s0"
2026-08-16T00:07:42.901784,ts_lr,,1,500,0.52,"csp_components=6;runs=['01', '02', '03', '04', '05', '06', '07', '08'];seed=0;val_split=0.0;split=calibration_curve_v2;train_runs=['03', '05', '07', '08'];test_run=04;metric=test_accuracy;baseline=ts_lr;tslr_tmin=0.5;tslr_tmax=2.0;tslr_use_csd=1;tslr_cov_est=lwf;notes_extra=experiment=calibration_curve_v2;k=4;draw=1;recipe=classical;tag=ts_lr_classical_native_k4_test04_d1_s0"
2026-08-16T00:07:44.972070,ts_lr,,1,500,0.47,"csp_components=6;runs=['01', '02', '03', '04', '05', '06', '07', '08'];seed=0;val_split=0.0;split=calibration_curve_v2;train_runs=['01', '02', '03', '08'];test_run=05;metric=test_accuracy;baseline=ts_lr;tslr_tmin=0.5;tslr_tmax=2.0;tslr_use_csd=1;tslr_cov_est=lwf;notes_extra=experiment=calibration_curve_v2;k=4;draw=0;recipe=classical;tag=ts_lr_classical_native_k4_test05_d0_s0"
2026-08-16T00:07:44.957738,ts_lr,,1,500,0.47,"csp_components=6;runs=['01', '02', '03', '04', '05', '06', '07', '08'];seed=0;val_split=0.0;split=calibration_curve_v2;train_runs=['01', '02', '07', '08'];test_run=05;metric=test_accuracy;baseline=ts_lr;tslr_tmin=0.5;tslr_tmax=2.0;tslr_use_csd=1;tslr_cov_est=lwf;notes_extra=experiment=calibration_curve_v2;k=4;draw=1;recipe=classical;tag=ts_lr_classical_native_k4_test05_d1_s0"
2026-08-16T00:07:45.367146,ts_lr,,1,500,0.61,"csp_components=6;runs=['01', '02', '03', '04', '05', '06', '07', '08'];seed=0;val_split=0.0;split=calibration_curve_v2;train_runs=['01', '05', '07', '08'];test_run=06;metric=test_accuracy;baseline=ts_lr;tslr_tmin=0.5;tslr_tmax=2.0;tslr_use_csd=1;tslr_cov_est=lwf;notes_extra=experiment=calibration_curve_v2;k=4;draw=0;recipe=classical;tag=ts_lr_classical_native_k4_test06_d0_s0"
2026-08-16T00:07:46.215514,ts_lr,,1,500,0.47,"csp_components=6;runs=['01', '02', '03', '04', '05', '06', '07', '08'];seed=0;val_split=0.0;split=calibration_curve_v2;train_runs=['02', '03', '05', '07'];test_run=06;metric=test_accuracy;baseline=ts_lr;tslr_tmin=0.5;tslr_tmax=2.0;tslr_use_csd=1;tslr_cov_est=lwf;notes_extra=experiment=calibration_curve_v2;k=4;draw=1;recipe=classical;tag=ts_lr_classical_native_k4_test06_d1_s0"
2026-08-16T00:07:46.521466,ts_lr,,1,500,0.52,"csp_components=6;runs=['01', '02', '03', '04', '05', '06', '07', '08'];seed=0;val_split=0.0;split=calibration_curve_v2;train_runs=['01', '02', '04', '08'];test_run=07;metric=test_accuracy;baseline=ts_lr;tslr_tmin=0.5;tslr_tmax=2.0;tslr_use_csd=1;tslr_cov_est=lwf;notes_extra=experiment=calibration_curve_v2;k=4;draw=0;recipe=classical;tag=ts_lr_classical_native_k4_test07_d0_s0"
2026-08-16T00:07:47.397887,ts_lr,,1,500,0.57,"csp_components=6;runs=['01', '02', '03', '04', '05', '06', '07', '08'];seed=0;val_split=0.0;split=calibration_curve_v2;train_runs=['02', '03', '05', '08'];test_run=07;metric=test_accuracy;baseline=ts_lr;tslr_tmin=0.5;tslr_tmax=2.0;tslr_use_csd=1;tslr_cov_est=lwf;notes_extra=experiment=calibration_curve_v2;k=4;draw=1;recipe=classical;tag=ts_lr_classical_native_k4_test07_d1_s0"
2026-08-16T00:07:49.141449,ts_lr,,1,500,0.6,"csp_components=6;runs=['01', '02', '03', '04', '05', '06', '07', '08'];seed=0;val_split=0.0;split=calibration_curve_v2;train_runs=['01', '03', '05', '07'];test_run=08;metric=test_accuracy;baseline=ts_lr;tslr_tmin=0.5;tslr_tmax=2.0;tslr_use_csd=1;tslr_cov_est=lwf;notes_extra=experiment=calibration_curve_v2;k=4;draw=0;recipe=classical;tag=ts_lr_classical_native_k4_test08_d0_s0"
2026-08-16T00:07:49.051828,ts_lr,,1,500,0.62,"csp_components=6;runs=['01', '02', '03', '04', '05', '06', '07', '08'];seed=0;val_split=0.0;split=calibration_curve_v2;train_runs=['01', '04', '05', '07'];test_run=08;metric=test_accuracy;baseline=ts_lr;tslr_tmin=0.5;tslr_tmax=2.0;tslr_use_csd=1;tslr_cov_est=lwf;notes_extra=experiment=calibration_curve_v2;k=4;draw=1;recipe=classical;tag=ts_lr_classical_native_k4_test08_d1_s0"
2026-08-16T00:07:30.318668,ts_lr,,1,800,0.72,"csp_components=6;runs=['01', '02', '03', '04', '05', '06', '07', '08'];seed=0;val_split=0.0;split=calibration_curve_v2;train_runs=['02', '03', '04', '05', '06', '07', '08'];test_run=01;metric=test_accuracy;baseline=ts_lr;tslr_tmin=0.5;tslr_tmax=2.0;tslr_use_csd=1;tslr_cov_est=lwf;notes_extra=experiment=calibration_curve_v2;k=7;draw=0;recipe=classical;tag=ts_lr_classical_native_k7_test01_d0_s0"
2026-08-16T00:07:33.388617,ts_lr,,1,800,0.63,"csp_components=6;runs=['01', '02', '03', '04', '05', '06', '07', '08'];seed=0;val_split=0.0;split=calibration_curve_v2;train_runs=['01', '03', '04', '05', '06', '07', '08'];test_run=02;metric=test_accuracy;baseline=ts_lr;tslr_tmin=0.5;tslr_tmax=2.0;tslr_use_csd=1;tslr_cov_est=lwf;notes_extra=experiment=calibration_curve_v2;k=7;draw=0;recipe=classical;tag=ts_lr_classical_native_k7_test02_d0_s0"
2026-08-16T00:07:32.223775,ts_lr,,1,800,0.61,"csp_components=6;runs=['01', '02', '03', '04', '05', '06', '07', '08'];seed=0;val_split=0.0;split=calibration_curve_v2;train_runs=['01', '02', '04', '05', '06', '07', '08'];test_run=03;metric=test_accuracy;baseline=ts_lr;tslr_tmin=0.5;tslr_tmax=2.0;tslr_use_csd=1;tslr_cov_est=lwf;notes_extra=experiment=calibration_curve_v2;k=7;draw=0;recipe=classical;tag=ts_lr_classical_native_k7_test03_d0_s0"
2026-08-16T00:07:34.238799,ts_lr,,1,800,0.54,"csp_components=6;runs=['01', '02', '03', '04', '05', '06', '07', '08'];seed=0;val_split=0.0;split=calibration_curve_v2;train_runs=['01', '02', '03', '05', '06', '07', '08'];test_run=04;metric=test_accuracy;baseline=ts_lr;tslr_tmin=0.5;tslr_tmax=2.0;tslr_use_csd=1;tslr_cov_est=lwf;notes_extra=experiment=calibration_curve_v2;k=7;draw=0;recipe=classical;tag=ts_lr_classical_native_k7_test04_d0_s0"
2026-08-16T00:07:35.292889,ts_lr,,1,800,0.57,"csp_components=6;runs=['01', '02', '03', '04', '05', '06', '07', '08'];seed=0;val_split=0.0;split=calibration_curve_v2;train_runs=['01', '02', '03', '04', '06', '07', '08'];test_run=05;metric=test_accuracy;baseline=ts_lr;tslr_tmin=0.5;tslr_tmax=2.0;tslr_use_csd=1;tslr_cov_est=lwf;notes_extra=experiment=calibration_curve_v2;k=7;draw=0;recipe=classical;tag=ts_lr_classical_native_k7_test05_d0_s0"
2026-08-16T00:07:35.187900,ts_lr,,1,800,0.48,"csp_components=6;runs=['01', '02', '03', '04', '05', '06', '07', '08'];seed=0;val_split=0.0;split=calibration_curve_v2;train_runs=['01', '02', '03', '04', '05', '07', '08'];test_run=06;metric=test_accuracy;baseline=ts_lr;tslr_tmin=0.5;tslr_tmax=2.0;tslr_use_csd=1;tslr_cov_est=lwf;notes_extra=experiment=calibration_curve_v2;k=7;draw=0;recipe=classical;tag=ts_lr_classical_native_k7_test06_d0_s0"
2026-08-16T00:07:38.198320,ts_lr,,1,800,0.63,"csp_components=6;runs=['01', '02', '03', '04', '05', '06', '07', '08'];seed=0;val_split=0.0;split=calibration_curve_v2;train_runs=['01', '02', '03', '04', '05', '06', '08'];test_run=07;metric=test_accuracy;baseline=ts_lr;tslr_tmin=0.5;tslr_tmax=2.0;tslr_use_csd=1;tslr_cov_est=lwf;notes_extra=experiment=calibration_curve_v2;k=7;draw=0;recipe=classical;tag=ts_lr_classical_native_k7_test07_d0_s0"
2026-08-16T00:07:39.166310,ts_lr,,1,800,0.74,"csp_components=6;runs=['01', '02', '03', '04', '05', '06', '07', '08'];seed=0;val_split=0.0;split=calibration_curve_v2;train_runs=['01', '02', '03', '04', '05', '06', '07'];test_run=08;metric=test_accuracy;baseline=ts_lr;tslr_tmin=0.5;tslr_tmax=2.0;tslr_use_csd=1;tslr_cov_est=lwf;notes_extra=experiment=calibration_curve_v2;k=7;draw=0;recipe=classical;tag=ts_lr_classical_native_k7_test08_d0_s0"
2026-08-16T00:12:36.666408,scratch,,1,774,0.5290322580645161,"csp_components=6;runs=['01', '02', '03', '04', '05', '06', '07', '08'];target_channels=16;seed=42;val_split=0.2;split=random_stratified;train_runs=['01', '02', '03', '04', '05', '06', '07', '08'];metric=val_accuracy;notes_extra=experiment=offline_models_v2;clean_retrain=1"
2026-08-16T00:12:50.753237,transfer,/home/connor/Desktop/eeg-motor-classification/legacy/model/models/base_model_90_subjects.pt,1,774,0.5935483870967742,"csp_components=6;runs=['01', '02', '03', '04', '05', '06', '07', '08'];target_channels=14;seed=42;val_split=0.2;split=random_stratified;train_runs=['01', '02', '03', '04', '05', '06', '07', '08'];metric=val_accuracy;notes_extra=experiment=offline_models_v2;clean_retrain=1"
